tag;step;value;wall_time
Environment/Cumulative Reward;30000;-0,157194;1776614612,182754
Environment/Cumulative Reward;60000;-8,052102;1776614647,573291
Environment/Cumulative Reward;90000;4,149469;1776614680,669314
Environment/Cumulative Reward;120000;6,641070;1776614705,041026
Environment/Cumulative Reward;150000;7,429039;1776614738,540761
Environment/Cumulative Reward;180000;5,515298;1776614768,579311
Environment/Cumulative Reward;210000;3,111553;1776614786,079846
Environment/Cumulative Reward;240000;5,654847;1776614799,328336
Environment/Cumulative Reward;270000;6,873979;1776614822,095962
Environment/Cumulative Reward;300000;7,121412;1776614850,458157
Environment/Cumulative Reward;330000;7,034373;1776614872,556584
Environment/Cumulative Reward;360000;5,903927;1776614880,190651
Environment/Cumulative Reward;390000;6,549879;1776614900,405990
Environment/Cumulative Reward;420000;7,269854;1776614947,493157
Environment/Cumulative Reward;450000;7,591197;1776614964,202474
Environment/Cumulative Reward;480000;7,680767;1776614989,396168
Environment/Cumulative Reward;510000;6,754238;1776615013,357255
Environment/Cumulative Reward;540000;6,685905;1776615032,589508
Environment/Cumulative Reward;570000;6,282979;1776615039,248694
Environment/Cumulative Reward;600000;6,226844;1776615055,315719
Environment/Cumulative Reward;630000;6,955595;1776615073,218483
Environment/Cumulative Reward;660000;5,768209;1776615077,355474
Environment/Cumulative Reward;690000;5,956470;1776615094,861438
Environment/Cumulative Reward;720000;5,330191;1776615117,134159
Environment/Cumulative Reward;750000;5,334780;1776615134,670778
Environment/Cumulative Reward;780000;5,911885;1776615159,729325
Environment/Cumulative Reward;810000;6,259027;1776615179,522821
Environment/Cumulative Reward;840000;5,314095;1776615195,946656
Environment/Cumulative Reward;870000;6,538258;1776615210,955888
Environment/Cumulative Reward;900000;6,484328;1776615233,924103
Environment/Cumulative Reward;930000;7,453958;1776615254,635551
Environment/Cumulative Reward;960000;6,624818;1776615258,657851
Environment/Cumulative Reward;990000;6,661298;1776615281,162500
Environment/Cumulative Reward;1020000;6,751159;1776615304,141666
Environment/Cumulative Reward;1050000;6,258872;1776615325,303483
Environment/Cumulative Reward;1080000;5,826782;1776615334,878127
Environment/Cumulative Reward;1110000;4,819927;1776615359,504876
Environment/Cumulative Reward;1140000;6,312045;1776615380,757028
Environment/Cumulative Reward;1170000;5,504540;1776615393,300189
Environment/Cumulative Reward;1200000;6,710428;1776615416,904765
Environment/Cumulative Reward;1230000;6,329973;1776615436,324805
Environment/Cumulative Reward;1260000;6,603934;1776615456,725224
Environment/Cumulative Reward;1290000;6,012957;1776615460,620529
Environment/Cumulative Reward;1320000;6,214630;1776615482,637965
Environment/Cumulative Reward;1350000;6,004632;1776615505,671163
Environment/Cumulative Reward;1380000;5,856956;1776615512,199139
Environment/Cumulative Reward;1410000;6,834683;1776615543,846446
Environment/Cumulative Reward;1440000;8,011374;1776615572,808026
Environment/Cumulative Reward;1470000;8,413166;1776615594,718200
Environment/Cumulative Reward;1500000;7,921040;1776615603,037807
Environment/Cumulative Reward;1530000;8,365404;1776615621,531616
Environment/Cumulative Reward;1560000;8,030950;1776615638,781861
Environment/Cumulative Reward;1590000;7,352465;1776615660,885212
Environment/Cumulative Reward;1620000;6,838846;1776615670,216546
Environment/Cumulative Reward;1650000;8,095241;1776615690,376984
Environment/Cumulative Reward;1680000;7,902322;1776615718,084038
Environment/Cumulative Reward;1710000;7,397412;1776615728,948235
Environment/Cumulative Reward;1740000;7,817379;1776615754,147875
Environment/Cumulative Reward;1770000;7,910476;1776615778,084136
Environment/Cumulative Reward;1800000;8,030485;1776615789,720742
Environment/Cumulative Reward;1830000;7,804594;1776615809,525607
Environment/Cumulative Reward;1860000;7,861646;1776615828,409723
Environment/Cumulative Reward;1890000;7,622643;1776615856,457021
Environment/Cumulative Reward;1920000;7,595368;1776615870,183848
Environment/Cumulative Reward;1950000;8,270954;1776615902,759661
Environment/Cumulative Reward;1980000;7,983526;1776615925,928495
Environment/Cumulative Reward;2010000;8,411347;1776615946,284323
Environment/Cumulative Reward;2040000;7,718351;1776615954,819412
Environment/Cumulative Reward;2070000;7,422431;1776615973,183825
Environment/Cumulative Reward;2100000;6,387928;1776615994,302835
Environment/Cumulative Reward;2130000;7,038778;1776616004,553585
Environment/Cumulative Reward;2160000;7,525741;1776616021,705885
Environment/Cumulative Reward;2190000;7,546598;1776616043,923986
Environment/Cumulative Reward;2220000;7,400856;1776616068,657070
Environment/Cumulative Reward;2250000;7,561891;1776616083,001968
Environment/Cumulative Reward;2280000;8,549777;1776616112,052735
Environment/Cumulative Reward;2310000;8,533257;1776616139,607126
Environment/Cumulative Reward;2340000;8,130849;1776616163,541107
Environment/Cumulative Reward;2370000;7,896556;1776616172,800479
Environment/Cumulative Reward;2400000;6,998147;1776616195,038223
Environment/Cumulative Reward;2430000;7,073343;1776616222,878057
Environment/Cumulative Reward;2460000;7,847348;1776616253,301260
Environment/Cumulative Reward;2490000;8,161634;1776616268,676916
Environment/Cumulative Reward;2520000;8,191669;1776616296,248904
Environment/Cumulative Reward;2550000;8,186120;1776616322,582170
Environment/Cumulative Reward;2580000;8,182593;1776616334,228842
Environment/Cumulative Reward;2610000;8,258599;1776616358,040371
Environment/Cumulative Reward;2640000;8,382480;1776616381,210222
Environment/Cumulative Reward;2670000;7,888353;1776616403,746315
Environment/Cumulative Reward;2700000;7,927060;1776616411,885853
Environment/Cumulative Reward;2730000;7,712358;1776616432,952797
Environment/Cumulative Reward;2760000;8,259648;1776616455,932779
Environment/Cumulative Reward;2790000;8,711482;1776616480,544297
Environment/Cumulative Reward;2820000;8,582681;1776616490,790711
Environment/Cumulative Reward;2850000;8,192096;1776616511,199498
Environment/Cumulative Reward;2880000;8,180002;1776616530,510348
Environment/Cumulative Reward;2910000;8,252769;1776616540,576722
Environment/Cumulative Reward;2940000;8,483359;1776616561,117771
Environment/Cumulative Reward;2970000;8,633967;1776616583,552847
Environment/Cumulative Reward;3000000;8,556169;1776616607,255125
Environment/Cumulative Reward;3030000;8,740270;1776616618,749469
Environment/Cumulative Reward;3060000;8,641522;1776616641,400838
Environment/Cumulative Reward;3090000;8,871076;1776616665,061014
Environment/Cumulative Reward;3120000;8,661531;1776616690,924394
Environment/Cumulative Reward;3150000;8,430606;1776616704,072182
Environment/Cumulative Reward;3180000;8,680431;1776616728,920816
Environment/Cumulative Reward;3210000;8,429400;1776616753,151613
Environment/Cumulative Reward;3240000;8,272804;1776616763,373571
Environment/Cumulative Reward;3270000;8,442828;1776616793,755918
Environment/Cumulative Reward;3300000;8,632827;1776616822,497021
Environment/Cumulative Reward;3330000;8,775405;1776616848,512744
Environment/Cumulative Reward;3360000;8,735676;1776616857,954213
Environment/Cumulative Reward;3390000;8,591311;1776616878,958763
Environment/Cumulative Reward;3420000;8,507037;1776616900,318107
Environment/Cumulative Reward;3450000;8,148849;1776616926,012326
Environment/Cumulative Reward;3480000;3,901565;1776616934,649549
Environment/Cumulative Reward;3510000;7,713197;1776616965,661045
Environment/Cumulative Reward;3540000;8,202715;1776616990,027556
Environment/Cumulative Reward;3570000;7,531385;1776617003,533184
Environment/Cumulative Reward;3600000;7,119719;1776617024,285051
Environment/Cumulative Reward;3630000;6,891474;1776617043,276428
Environment/Cumulative Reward;3660000;6,605817;1776617061,362394
Environment/Cumulative Reward;3690000;6,357688;1776617069,789680
Environment/Cumulative Reward;3720000;6,610604;1776617089,636321
Environment/Cumulative Reward;3750000;6,685347;1776617110,630687
Environment/Cumulative Reward;3780000;6,732173;1776617134,023332
Environment/Cumulative Reward;3810000;7,145719;1776617148,348990
Environment/Cumulative Reward;3840000;7,558812;1776617170,906408
Environment/Cumulative Reward;3870000;7,947596;1776617195,543530
Environment/Cumulative Reward;3900000;7,993927;1776617218,537421
Environment/Cumulative Reward;3930000;7,772880;1776617228,548492
Environment/Cumulative Reward;3960000;8,119542;1776617248,404258
Environment/Cumulative Reward;3990000;7,473940;1776617267,816999
Environment/Cumulative Reward;4020000;7,371324;1776617279,877222
Environment/Cumulative Reward;4050000;7,032080;1776617301,418722
Environment/Cumulative Reward;4080000;8,479769;1776617325,503088
Environment/Cumulative Reward;4110000;8,026389;1776617347,387296
Environment/Cumulative Reward;4140000;7,564888;1776617358,541304
Environment/Cumulative Reward;4170000;7,833335;1776617379,078879
Environment/Cumulative Reward;4200000;8,067261;1776617401,286798
Environment/Cumulative Reward;4230000;7,937648;1776617421,474689
Environment/Cumulative Reward;4260000;8,005000;1776617432,841289
Environment/Cumulative Reward;4290000;8,591646;1776617455,224880
Environment/Cumulative Reward;4320000;8,458316;1776617478,638766
Environment/Cumulative Reward;4350000;8,337972;1776617488,156941
Environment/Cumulative Reward;4380000;8,616718;1776617509,206811
Environment/Cumulative Reward;4410000;7,895944;1776617528,946955
Environment/Cumulative Reward;4440000;8,271112;1776617548,727029
Environment/Cumulative Reward;4470000;8,176100;1776617560,145018
Environment/Cumulative Reward;4500000;7,946754;1776617582,252005
Environment/Cumulative Reward;4530000;8,273304;1776617607,379071
Environment/Cumulative Reward;4560000;8,170174;1776617635,055314
Environment/Cumulative Reward;4590000;7,872413;1776617647,737614
Environment/Cumulative Reward;4620000;7,682306;1776617670,195072
Environment/Cumulative Reward;4650000;8,200418;1776617690,225855
Environment/Cumulative Reward;4680000;7,972128;1776617698,691730
Environment/Cumulative Reward;4710000;8,351720;1776617719,207353
Environment/Cumulative Reward;4740000;8,250395;1776617739,041638
Environment/Cumulative Reward;4770000;8,527336;1776617761,040264
Environment/Cumulative Reward;4800000;8,433331;1776617772,736843
Environment/Cumulative Reward;4830000;8,633219;1776617794,055956
Environment/Cumulative Reward;4860000;8,570147;1776617815,410722
Environment/Cumulative Reward;4890000;8,049537;1776617836,893944
Environment/Cumulative Reward;4920000;7,957811;1776617849,281177
Environment/Cumulative Reward;4950000;8,504092;1776617873,667785
Environment/Cumulative Reward;4980000;7,628393;1776617895,952505
Environment/Cumulative Reward;5010000;8,255430;1776617917,664290
Environment/Cumulative Reward;5040000;8,806039;1776617928,375960
Environment/Cumulative Reward;5070000;8,146993;1776617949,404889
Environment/Cumulative Reward;5100000;7,768242;1776617972,547517
Environment/Cumulative Reward;5130000;8,440308;1776617983,397321
Environment/Cumulative Reward;5160000;8,549348;1776618003,140806
Environment/Cumulative Reward;5190000;8,436346;1776618022,777805
Environment/Cumulative Reward;5220000;8,449100;1776618043,006411
Environment/Cumulative Reward;5250000;8,579833;1776618055,564762
Environment/Cumulative Reward;5280000;8,155244;1776618084,070094
Environment/Cumulative Reward;5310000;8,242584;1776618105,984892
Environment/Cumulative Reward;5340000;8,286603;1776618126,414523
Environment/Cumulative Reward;5370000;8,354919;1776618136,896916
Environment/Cumulative Reward;5400000;8,545366;1776618157,752764
Environment/Cumulative Reward;5430000;8,476652;1776618181,542021
Environment/Cumulative Reward;5460000;8,334098;1776618194,284820
Environment/Cumulative Reward;5490000;8,274216;1776618216,856123
Environment/Cumulative Reward;5520000;8,105313;1776618239,564327
Environment/Cumulative Reward;5550000;8,529200;1776618258,907399
Environment/Cumulative Reward;5580000;8,921305;1776618269,610613
Environment/Cumulative Reward;5610000;8,657320;1776618297,835814
Environment/Cumulative Reward;5640000;8,830464;1776618321,719221
Environment/Cumulative Reward;5670000;8,622231;1776618341,983055
Environment/Cumulative Reward;5700000;8,425961;1776618350,613238
Environment/Cumulative Reward;5730000;8,267429;1776618368,454417
Environment/Cumulative Reward;5760000;8,394349;1776618387,353659
Environment/Cumulative Reward;5790000;8,293933;1776618400,681333
Environment/Cumulative Reward;5820000;8,033485;1776618423,789131
Environment/Cumulative Reward;5850000;8,414661;1776618445,811994
Environment/Cumulative Reward;5880000;8,630334;1776618467,751582
Environment/Cumulative Reward;5910000;8,352963;1776618482,297570
Environment/Cumulative Reward;5940000;8,502701;1776618507,411446
Environment/Cumulative Reward;5970000;8,379945;1776618529,767579
Environment/Cumulative Reward;6000000;8,885379;1776618552,741451
Environment/Cumulative Reward;6030000;8,852371;1776618562,977183
Environment/Cumulative Reward;6060000;8,578175;1776618582,643905
Environment/Cumulative Reward;6090000;8,257931;1776618600,909511
Environment/Cumulative Reward;6120000;8,234700;1776618619,731004
Environment/Cumulative Reward;6150000;7,883957;1776618630,287795
Environment/Cumulative Reward;6180000;8,256928;1776618652,015160
Environment/Cumulative Reward;6210000;8,475844;1776618673,601267
Environment/Cumulative Reward;6240000;8,514734;1776618688,191860
Environment/Cumulative Reward;6270000;8,411222;1776618711,484751
Environment/Cumulative Reward;6300000;8,211644;1776618733,324697
Environment/Cumulative Reward;6330000;8,502846;1776618754,849949
Environment/Cumulative Reward;6360000;8,409874;1776618763,828587
Environment/Cumulative Reward;6390000;8,221906;1776618784,156543
Environment/Cumulative Reward;6420000;8,477773;1776618803,531348
Environment/Cumulative Reward;6450000;8,212305;1776618824,075973
Environment/Cumulative Reward;6480000;8,189166;1776618836,237144
Environment/Cumulative Reward;6510000;8,576868;1776618863,737588
Environment/Cumulative Reward;6540000;8,816509;1776618887,740622
Environment/Cumulative Reward;6570000;8,985847;1776618898,540810
Environment/Cumulative Reward;6600000;8,880251;1776618918,855321
Environment/Cumulative Reward;6630000;8,638050;1776618940,204235
Environment/Cumulative Reward;6660000;8,770018;1776618961,804989
Environment/Cumulative Reward;6690000;8,915919;1776618971,818046
Environment/Cumulative Reward;6720000;8,196545;1776618992,511739
Environment/Cumulative Reward;6750000;9,256966;1776619013,173388
Environment/Cumulative Reward;6780000;9,133989;1776619033,998056
Environment/Cumulative Reward;6810000;8,346894;1776619044,021542
Environment/Cumulative Reward;6840000;8,756656;1776619071,362305
Environment/Cumulative Reward;6870000;8,807035;1776619095,558429
Environment/Cumulative Reward;6900000;8,954176;1776619105,852574
Environment/Cumulative Reward;6930000;8,745792;1776619128,319196
Environment/Cumulative Reward;6960000;8,577667;1776619150,693603
Environment/Cumulative Reward;6990000;8,848770;1776619171,436870
Environment/Cumulative Reward;7020000;8,860638;1776619181,301932
Environment/Cumulative Reward;7050000;8,790527;1776619202,713578
Environment/Cumulative Reward;7080000;9,017660;1776619229,718294
Environment/Cumulative Reward;7110000;8,757154;1776619255,174377
Environment/Cumulative Reward;7140000;8,895320;1776619267,032583
Environment/Cumulative Reward;7170000;8,831749;1776619288,390261
Environment/Cumulative Reward;7200000;8,721807;1776619309,385534
Environment/Cumulative Reward;7230000;8,879784;1776619318,984887
Environment/Cumulative Reward;7260000;8,522594;1776619338,868500
Environment/Cumulative Reward;7290000;8,586639;1776619358,900458
Environment/Cumulative Reward;7320000;8,728315;1776619380,740184
Environment/Cumulative Reward;7350000;8,206474;1776619390,357031
Environment/Cumulative Reward;7380000;8,644156;1776619415,388586
Environment/Cumulative Reward;7410000;8,394070;1776619439,088181
Environment/Cumulative Reward;7440000;8,304551;1776619461,001003
Environment/Cumulative Reward;7470000;8,547520;1776619472,400736
Environment/Cumulative Reward;7500000;8,958741;1776619492,884583
Environment/Cumulative Reward;7530000;8,840664;1776619510,903026
Environment/Cumulative Reward;7560000;8,491839;1776619530,244960
Environment/Cumulative Reward;7590000;8,174258;1776619543,403027
Environment/Cumulative Reward;7620000;8,816608;1776619568,577122
Environment/Cumulative Reward;7650000;8,934598;1776619589,841895
Environment/Cumulative Reward;7680000;9,069101;1776619598,137185
Environment/Cumulative Reward;7710000;8,601038;1776619616,108019
Environment/Cumulative Reward;7740000;8,820312;1776619641,574706
Environment/Cumulative Reward;7770000;8,945100;1776619670,652120
Environment/Cumulative Reward;7800000;8,788857;1776619681,384837
Environment/Cumulative Reward;7830000;8,778859;1776619702,772799
Environment/Cumulative Reward;7860000;8,933295;1776619723,601116
Environment/Cumulative Reward;7890000;8,710417;1776619745,775416
Environment/Cumulative Reward;7920000;8,364799;1776619758,413185
Environment/Cumulative Reward;7950000;8,809880;1776619782,373939
Environment/Cumulative Reward;7980000;8,816195;1776619803,622415
Environment/Cumulative Reward;8010000;8,394369;1776619811,860364
Environment/Cumulative Reward;8040000;8,479883;1776619830,776026
Environment/Cumulative Reward;8070000;8,335479;1776619850,410745
Environment/Cumulative Reward;8100000;9,061701;1776619873,538119
Environment/Cumulative Reward;8130000;9,102615;1776619889,186831
Environment/Cumulative Reward;8160000;9,153341;1776619914,364863
Environment/Cumulative Reward;8190000;9,009478;1776619933,852294
Environment/Cumulative Reward;8220000;8,852171;1776619951,667440
Environment/Cumulative Reward;8250000;8,418660;1776619959,131111
Environment/Cumulative Reward;8280000;8,954241;1776619984,864293
Environment/Cumulative Reward;8310000;8,571931;1776620014,102980
Environment/Cumulative Reward;8340000;8,807773;1776620028,015228
Environment/Cumulative Reward;8370000;8,517496;1776620047,269149
Environment/Cumulative Reward;8400000;8,702528;1776620066,379139
Environment/Cumulative Reward;8430000;8,905456;1776620084,858854
Environment/Cumulative Reward;8460000;8,772963;1776620095,846812
Environment/Cumulative Reward;8490000;9,058234;1776620124,378953
Environment/Cumulative Reward;8520000;9,092910;1776620146,299757
Environment/Cumulative Reward;8550000;8,879870;1776620166,379775
Environment/Cumulative Reward;8580000;9,051871;1776620178,463354
Environment/Cumulative Reward;8610000;8,299861;1776620201,830865
Environment/Cumulative Reward;8640000;8,973951;1776620225,172389
Environment/Cumulative Reward;8670000;8,434682;1776620236,407827
Environment/Cumulative Reward;8700000;8,821030;1776620258,579071
Environment/Cumulative Reward;8730000;8,568892;1776620278,625749
Environment/Cumulative Reward;8760000;8,612312;1776620297,794273
Environment/Cumulative Reward;8790000;8,871313;1776620307,809646
Environment/Cumulative Reward;8820000;8,839776;1776620331,293706
Environment/Cumulative Reward;8850000;9,004440;1776620358,405436
Environment/Cumulative Reward;8880000;8,512881;1776620381,510783
Environment/Cumulative Reward;8910000;8,395867;1776620391,672402
Environment/Cumulative Reward;8940000;8,536560;1776620408,920486
Environment/Cumulative Reward;8970000;8,858116;1776620426,788009
Environment/Cumulative Reward;9000000;8,295218;1776620448,511424
Environment/Cumulative Reward;9030000;8,237265;1776620461,909866
Environment/Cumulative Reward;9060000;8,725230;1776620483,799723
Environment/Cumulative Reward;9090000;8,850587;1776620505,559048
Environment/Cumulative Reward;9120000;8,474806;1776620518,012475
Environment/Cumulative Reward;9150000;8,504507;1776620540,571406
Environment/Cumulative Reward;9180000;8,518751;1776620565,548437
Environment/Cumulative Reward;9210000;8,649936;1776620592,790970
Environment/Cumulative Reward;9240000;8,785430;1776620604,422744
Environment/Cumulative Reward;9270000;8,663202;1776620623,646452
Environment/Cumulative Reward;9300000;8,590078;1776620642,422678
Environment/Cumulative Reward;9330000;8,252600;1776620660,692672
Environment/Cumulative Reward;9360000;8,508112;1776620671,876989
Environment/Cumulative Reward;9390000;8,510586;1776620693,846378
Environment/Cumulative Reward;9420000;8,910504;1776620714,990405
Environment/Cumulative Reward;9450000;8,490254;1776620726,434113
Environment/Cumulative Reward;9480000;8,852648;1776620748,482046
Environment/Cumulative Reward;9510000;9,115807;1776620772,106932
Environment/Cumulative Reward;9540000;8,519847;1776620796,092792
Environment/Cumulative Reward;9570000;8,283401;1776620808,070913
Environment/Cumulative Reward;9600000;7,832445;1776620829,643108
Environment/Cumulative Reward;9630000;8,170305;1776620850,934963
Environment/Cumulative Reward;9660000;8,853690;1776620871,559205
Environment/Cumulative Reward;9690000;8,733029;1776620883,982457
Environment/Cumulative Reward;9720000;8,707174;1776620906,847341
Environment/Cumulative Reward;9750000;8,802398;1776620930,281525
Environment/Cumulative Reward;9780000;8,636863;1776620942,191029
Environment/Cumulative Reward;9810000;8,748114;1776620961,961190
Environment/Cumulative Reward;9840000;8,782245;1776620982,596830
Environment/Cumulative Reward;9870000;8,803564;1776621002,640034
Environment/Cumulative Reward;9900000;8,628017;1776621012,416098
Environment/Cumulative Reward;9930000;8,711459;1776621039,109311
Environment/Cumulative Reward;9960000;9,128551;1776621064,573388
Environment/Cumulative Reward;9990000;9,007756;1776621088,516994
Environment/Cumulative Reward;10020000;9,144141;1776621098,889023
Environment/Cumulative Reward;10050000;8,975190;1776621119,086259
Environment/Cumulative Reward;10080000;8,581909;1776621137,274504
Environment/Cumulative Reward;10110000;8,768492;1776621144,580742
Environment/Cumulative Reward;10140000;8,905621;1776621163,275605
Environment/Cumulative Reward;10170000;8,117199;1776621184,357270
Environment/Cumulative Reward;10200000;8,623897;1776621214,775865
Environment/Cumulative Reward;10230000;9,089237;1776621228,954615
Environment/Cumulative Reward;10260000;8,920386;1776621255,773846
Environment/Cumulative Reward;10290000;9,006813;1776621280,538257
Environment/Cumulative Reward;10320000;8,775010;1776621306,422174
Environment/Cumulative Reward;10350000;8,523504;1776621321,441529
Environment/Cumulative Reward;10380000;8,420175;1776621349,105984
Environment/Cumulative Reward;10410000;8,187988;1776621375,095127
Environment/Cumulative Reward;10440000;8,862395;1776621399,359818
Environment/Cumulative Reward;10470000;9,176501;1776621408,592778
Environment/Cumulative Reward;10500000;9,091043;1776621430,352244
Environment/Cumulative Reward;10530000;8,787225;1776621454,985158
Environment/Cumulative Reward;10560000;8,682727;1776621467,904560
Environment/Cumulative Reward;10590000;9,073954;1776621490,375009
Environment/Cumulative Reward;10620000;8,679804;1776621510,211214
Environment/Cumulative Reward;10650000;8,711614;1776621531,800545
Environment/Cumulative Reward;10680000;8,566872;1776621541,428631
Environment/Cumulative Reward;10710000;8,583755;1776621562,805849
Environment/Cumulative Reward;10740000;8,663863;1776621584,695669
Environment/Cumulative Reward;10770000;8,768513;1776621606,492092
Environment/Cumulative Reward;10800000;8,495330;1776621618,512289
Environment/Cumulative Reward;10830000;8,742700;1776621641,256059
Environment/Cumulative Reward;10860000;8,813077;1776621668,242216
Environment/Cumulative Reward;10890000;8,840912;1776621679,053302
Environment/Cumulative Reward;10920000;9,353868;1776621699,534028
Environment/Cumulative Reward;10950000;8,925129;1776621719,907681
Environment/Cumulative Reward;10980000;8,858807;1776621740,649922
Environment/Cumulative Reward;11010000;8,615237;1776621752,442144
Environment/Cumulative Reward;11040000;8,665953;1776621775,721701
Environment/Cumulative Reward;11070000;8,860207;1776621799,223624
Environment/Cumulative Reward;11100000;8,491242;1776621819,859183
Environment/Cumulative Reward;11130000;8,808429;1776621828,282373
Environment/Cumulative Reward;11160000;8,698739;1776621847,423774
Environment/Cumulative Reward;11190000;8,524627;1776621871,292018
Environment/Cumulative Reward;11220000;9,156224;1776621885,968843
Environment/Cumulative Reward;11250000;8,967723;1776621915,325041
Environment/Cumulative Reward;11280000;8,807832;1776621938,332496
Environment/Cumulative Reward;11310000;9,207289;1776621960,374094
Environment/Cumulative Reward;11340000;8,357573;1776621969,376866
Environment/Cumulative Reward;11370000;8,481228;1776621987,497290
Environment/Cumulative Reward;11400000;8,438153;1776622005,924362
Environment/Cumulative Reward;11430000;8,578278;1776622026,137236
Environment/Cumulative Reward;11460000;7,864272;1776622036,342287
Environment/Cumulative Reward;11490000;8,530102;1776622064,284988
Environment/Cumulative Reward;11520000;8,385695;1776622088,922300
Environment/Cumulative Reward;11550000;8,700642;1776622109,537926
Environment/Cumulative Reward;11580000;8,566957;1776622117,223002
Environment/Cumulative Reward;11610000;8,633128;1776622134,715505
Environment/Cumulative Reward;11640000;8,541041;1776622157,704838
Environment/Cumulative Reward;11670000;9,063338;1776622176,656627
Environment/Cumulative Reward;11700000;8,985308;1776622198,853366
Environment/Cumulative Reward;11730000;8,569072;1776622218,838735
Environment/Cumulative Reward;11760000;9,040057;1776622238,127108
Environment/Cumulative Reward;11790000;9,015824;1776622249,893977
Environment/Cumulative Reward;11820000;8,949372;1776622273,815657
Environment/Cumulative Reward;11850000;8,892889;1776622296,069890
Environment/Cumulative Reward;11880000;8,743561;1776622316,237149
Environment/Cumulative Reward;11910000;9,157112;1776622325,554826
Environment/Cumulative Reward;11940000;9,366284;1776622351,952302
Environment/Cumulative Reward;11970000;8,974703;1776622379,596100
Environment/Cumulative Reward;12000000;8,289713;1776622392,161206
Environment/Cumulative Reward;12030000;8,712266;1776622412,116570
Environment/Cumulative Reward;12060000;8,737000;1776622429,989614
Environment/Cumulative Reward;12090000;8,657446;1776622447,202443
Environment/Cumulative Reward;12120000;8,464951;1776622453,028281
Environment/Cumulative Reward;12150000;7,979085;1776622473,868907
Environment/Cumulative Reward;12180000;8,460164;1776622508,366729
Environment/Cumulative Reward;12210000;9,129045;1776622532,157558
Environment/Cumulative Reward;12240000;9,342436;1776622541,021732
Environment/Cumulative Reward;12270000;9,158421;1776622559,867519
Environment/Cumulative Reward;12300000;8,676481;1776622579,797115
Environment/Cumulative Reward;12330000;8,671986;1776622591,070557
Environment/Cumulative Reward;12360000;8,856112;1776622614,871549
Environment/Cumulative Reward;12390000;8,830059;1776622637,980018
Environment/Cumulative Reward;12420000;8,711404;1776622659,426654
Environment/Cumulative Reward;12450000;8,892674;1776622669,928002
Environment/Cumulative Reward;12480000;8,601499;1776622689,502626
Environment/Cumulative Reward;12510000;8,823576;1776622708,785369
Environment/Cumulative Reward;12540000;8,847377;1776622736,091443
Environment/Cumulative Reward;12570000;9,004841;1776622752,653276
Environment/Cumulative Reward;12600000;9,349976;1776622775,486602
Environment/Cumulative Reward;12630000;9,116853;1776622795,808634
Environment/Cumulative Reward;12660000;8,974110;1776622804,480083
Environment/Cumulative Reward;12690000;8,997236;1776622821,035193
Environment/Cumulative Reward;12720000;8,874576;1776622840,437302
Environment/Cumulative Reward;12750000;8,456001;1776622862,892796
Environment/Cumulative Reward;12780000;8,947664;1776622878,095590
Environment/Cumulative Reward;12810000;9,291313;1776622901,928270
Environment/Cumulative Reward;12840000;9,191534;1776622923,969373
Environment/Cumulative Reward;12870000;9,077850;1776622943,939712
Environment/Cumulative Reward;12900000;9,213842;1776622954,469945
Environment/Cumulative Reward;12930000;8,613117;1776622979,219075
Environment/Cumulative Reward;12960000;8,819239;1776623002,639705
Environment/Cumulative Reward;12990000;8,980145;1776623016,622497
Environment/Cumulative Reward;13020000;8,729918;1776623036,280215
Environment/Cumulative Reward;13050000;8,685515;1776623057,644595
Environment/Cumulative Reward;13080000;8,927297;1776623082,912812
Environment/Cumulative Reward;13110000;9,088753;1776623096,657911
Environment/Cumulative Reward;13140000;8,864925;1776623118,212717
Environment/Cumulative Reward;13170000;8,685749;1776623137,774507
Environment/Cumulative Reward;13200000;9,057515;1776623156,621776
Environment/Cumulative Reward;13230000;8,828577;1776623167,050471
Environment/Cumulative Reward;13260000;8,693535;1776623195,399049
Environment/Cumulative Reward;13290000;9,161860;1776623220,244691
Environment/Cumulative Reward;13320000;9,023328;1776623232,692245
Environment/Cumulative Reward;13350000;9,088504;1776623253,300771
Environment/Cumulative Reward;13380000;8,972003;1776623272,386380
Environment/Cumulative Reward;13410000;9,282959;1776623291,777805
Environment/Cumulative Reward;13440000;8,962327;1776623301,838557
Environment/Cumulative Reward;13470000;9,098186;1776623328,668914
Environment/Cumulative Reward;13500000;9,131360;1776623358,419901
Environment/Cumulative Reward;13530000;9,076681;1776623381,920309
Environment/Cumulative Reward;13560000;9,146041;1776623391,014201
Environment/Cumulative Reward;13590000;8,996734;1776623410,734006
Environment/Cumulative Reward;13620000;9,152434;1776623428,645252
Environment/Cumulative Reward;13650000;8,733190;1776623436,584231
Environment/Cumulative Reward;13680000;8,787524;1776623456,608916
Environment/Cumulative Reward;13710000;8,586740;1776623476,071615
Environment/Cumulative Reward;13740000;8,630305;1776623497,904055
Environment/Cumulative Reward;13770000;9,125317;1776623514,229857
Environment/Cumulative Reward;13800000;8,800228;1776623537,485598
Environment/Cumulative Reward;13830000;9,195410;1776623559,185997
Environment/Cumulative Reward;13860000;8,929054;1776623578,787269
Environment/Cumulative Reward;13890000;8,688000;1776623588,462885
Environment/Cumulative Reward;13920000;8,973348;1776623607,932204
Environment/Cumulative Reward;13950000;8,675720;1776623633,539793
Environment/Cumulative Reward;13980000;9,048244;1776623660,915964
Environment/Cumulative Reward;14010000;9,092205;1776623674,906954
Environment/Cumulative Reward;14040000;8,930770;1776623695,988915
Environment/Cumulative Reward;14070000;8,766628;1776623717,771030
Environment/Cumulative Reward;14100000;9,056991;1776623729,646072
Environment/Cumulative Reward;14130000;8,607804;1776623749,946214
Environment/Cumulative Reward;14160000;8,346231;1776623771,471426
Environment/Cumulative Reward;14190000;8,902745;1776623793,931287
Environment/Cumulative Reward;14220000;8,806842;1776623804,272552
Environment/Cumulative Reward;14250000;9,194695;1776623827,933312
Environment/Cumulative Reward;14280000;9,132199;1776623851,281803
Environment/Cumulative Reward;14310000;9,263268;1776623872,472965
Environment/Cumulative Reward;14340000;9,183196;1776623884,038347
Environment/Cumulative Reward;14370000;8,996905;1776623905,844227
Environment/Cumulative Reward;14400000;8,870151;1776623925,410059
Environment/Cumulative Reward;14430000;8,996057;1776623934,305894
Environment/Cumulative Reward;14460000;8,915638;1776623956,663912
Environment/Cumulative Reward;14490000;9,129189;1776623978,038829
Environment/Cumulative Reward;14520000;9,137620;1776623999,180159
Environment/Cumulative Reward;14550000;9,151992;1776624014,138040
Environment/Cumulative Reward;14580000;9,266128;1776624039,881695
Environment/Cumulative Reward;14610000;9,012815;1776624062,825020
Environment/Cumulative Reward;14640000;8,940560;1776624084,463275
Environment/Cumulative Reward;14670000;9,043332;1776624095,933832
Environment/Cumulative Reward;14700000;8,847745;1776624118,570875
Environment/Cumulative Reward;14730000;9,144568;1776624139,273181
Environment/Cumulative Reward;14760000;8,605274;1776624147,483023
Environment/Cumulative Reward;14790000;9,132099;1776624171,358609
Environment/Cumulative Reward;14820000;9,114281;1776624194,188467
Environment/Cumulative Reward;14850000;8,569906;1776624216,905147
Environment/Cumulative Reward;14880000;8,856310;1776624228,092909
Environment/Cumulative Reward;14910000;8,984130;1776624250,595173
Environment/Cumulative Reward;14940000;8,523097;1776624268,477821
Environment/Cumulative Reward;14970000;8,781519;1776624289,557642
Environment/Cumulative Reward;15000000;8,520645;1776624306,491502
Environment/Cumulative Reward;15030000;8,796907;1776624333,063838
Environment/Cumulative Reward;15060000;9,020076;1776624354,615282
Environment/Cumulative Reward;15090000;9,048383;1776624373,783294
Environment/Cumulative Reward;15120000;8,928012;1776624381,439904
Environment/Cumulative Reward;15150000;8,793141;1776624399,221735
Environment/Cumulative Reward;15180000;8,607963;1776624418,769691
Environment/Cumulative Reward;15210000;8,669620;1776624436,029578
Environment/Cumulative Reward;15240000;9,223288;1776624463,454762
Environment/Cumulative Reward;15270000;9,296122;1776624485,288565
Environment/Cumulative Reward;15300000;9,389058;1776624505,610352
Environment/Cumulative Reward;15330000;9,110941;1776624514,462465
Environment/Cumulative Reward;15360000;9,301583;1776624537,268178
Environment/Cumulative Reward;15390000;9,048165;1776624561,314873
Environment/Cumulative Reward;15420000;9,005136;1776624584,100094
Environment/Cumulative Reward;15450000;8,628263;1776624598,551509
Environment/Cumulative Reward;15480000;8,896078;1776624618,819481
Environment/Cumulative Reward;15510000;9,191287;1776624637,584843
Environment/Cumulative Reward;15540000;8,806084;1776624645,349326
Environment/Cumulative Reward;15570000;8,910801;1776624666,937092
Environment/Cumulative Reward;15600000;9,115403;1776624695,242068
Environment/Cumulative Reward;15630000;9,463276;1776624716,931787
Environment/Cumulative Reward;15660000;9,250840;1776624725,360564
Environment/Cumulative Reward;15690000;8,674181;1776624744,123931
Environment/Cumulative Reward;15720000;8,920831;1776624767,101369
Environment/Cumulative Reward;15750000;9,184687;1776624796,897599
Environment/Cumulative Reward;15780000;9,151278;1776624808,200712
Environment/Cumulative Reward;15810000;9,202296;1776624827,747496
Environment/Cumulative Reward;15840000;9,141549;1776624848,049892
Environment/Cumulative Reward;15870000;8,871746;1776624857,969549
Environment/Cumulative Reward;15900000;8,921612;1776624880,945320
Environment/Cumulative Reward;15930000;9,310158;1776624906,647065
Environment/Cumulative Reward;15960000;9,112536;1776624928,770733
Environment/Cumulative Reward;15990000;9,027972;1776624938,598224
Environment/Cumulative Reward;16020000;8,775669;1776624958,866798
Environment/Cumulative Reward;16050000;8,883072;1776624979,111236
Environment/Cumulative Reward;16080000;9,011796;1776625002,261368
Environment/Cumulative Reward;16110000;9,257952;1776625019,901963
Environment/Cumulative Reward;16140000;9,396188;1776625044,384413
Environment/Cumulative Reward;16170000;8,881235;1776625066,288533
Environment/Cumulative Reward;16200000;8,989281;1776625085,425992
Environment/Cumulative Reward;16230000;8,970534;1776625093,099423
Environment/Cumulative Reward;16260000;8,831308;1776625110,571790
Environment/Cumulative Reward;16290000;9,049332;1776625131,632165
Environment/Cumulative Reward;16320000;9,141102;1776625150,216917
Environment/Cumulative Reward;16350000;9,242892;1776625173,860628
Environment/Cumulative Reward;16380000;9,088528;1776625195,697026
Environment/Cumulative Reward;16410000;9,027884;1776625217,524760
Environment/Cumulative Reward;16440000;9,295431;1776625230,871216
Environment/Cumulative Reward;16470000;8,734282;1776625253,517229
Environment/Cumulative Reward;16500000;8,947107;1776625277,135397
Environment/Cumulative Reward;16530000;8,946107;1776625296,438448
Environment/Cumulative Reward;16560000;9,136976;1776625304,659261
Environment/Cumulative Reward;16590000;8,729749;1776625322,436560
Environment/Cumulative Reward;16620000;8,776315;1776625343,050056
Environment/Cumulative Reward;16650000;9,193730;1776625362,771040
Environment/Cumulative Reward;16680000;9,289010;1776625385,987485
Environment/Cumulative Reward;16710000;9,197721;1776625408,534866
Environment/Cumulative Reward;16740000;9,061945;1776625429,480407
Environment/Cumulative Reward;16770000;9,166400;1776625439,272456
Environment/Cumulative Reward;16800000;9,041829;1776625459,173065
Environment/Cumulative Reward;16830000;8,795366;1776625481,244733
Environment/Cumulative Reward;16860000;8,925318;1776625503,791039
Environment/Cumulative Reward;16890000;8,907635;1776625515,169499
Environment/Cumulative Reward;16920000;9,310091;1776625537,454439
Environment/Cumulative Reward;16950000;8,878156;1776625560,778577
Environment/Cumulative Reward;16980000;9,217281;1776625576,563945
Environment/Cumulative Reward;17010000;8,965943;1776625597,267710
Environment/Cumulative Reward;17040000;9,077892;1776625617,167845
Environment/Cumulative Reward;17070000;9,181458;1776625637,163272
Environment/Cumulative Reward;17100000;9,136707;1776625648,187934
Environment/Cumulative Reward;17130000;9,290709;1776625672,425889
Environment/Cumulative Reward;17160000;9,170566;1776625696,916077
Environment/Cumulative Reward;17190000;9,135126;1776625721,705572
Environment/Cumulative Reward;17220000;9,263470;1776625731,608181
Environment/Cumulative Reward;17250000;9,128977;1776625753,411075
Environment/Cumulative Reward;17280000;8,767094;1776625775,167845
Environment/Cumulative Reward;17310000;9,028142;1776625795,297345
Environment/Cumulative Reward;17340000;8,889941;1776625805,588987
Environment/Cumulative Reward;17370000;9,176551;1776625823,115343
Environment/Cumulative Reward;17400000;9,121611;1776625846,307733
Environment/Cumulative Reward;17430000;9,016915;1776625860,983506
Environment/Cumulative Reward;17460000;9,011453;1776625885,032759
Environment/Cumulative Reward;17490000;9,023129;1776625905,493094
Environment/Cumulative Reward;17520000;9,228733;1776625926,206489
Environment/Cumulative Reward;17550000;9,069216;1776625939,638994
Environment/Cumulative Reward;17580000;9,046854;1776625966,030222
Environment/Cumulative Reward;17610000;9,027448;1776625990,451699
Environment/Cumulative Reward;17640000;9,055830;1776626013,537622
Environment/Cumulative Reward;17670000;9,075642;1776626024,365523
Environment/Cumulative Reward;17700000;8,838033;1776626042,426495
Environment/Cumulative Reward;17730000;8,711894;1776626060,104002
Environment/Cumulative Reward;17760000;8,987027;1776626068,065696
Environment/Cumulative Reward;17790000;8,730072;1776626088,680946
Environment/Cumulative Reward;17820000;9,177407;1776626117,512839
Environment/Cumulative Reward;17850000;9,195915;1776626139,897736
Environment/Cumulative Reward;17880000;9,436305;1776626152,280916
Environment/Cumulative Reward;17910000;9,261310;1776626173,048602
Environment/Cumulative Reward;17940000;8,876379;1776626191,210043
Environment/Cumulative Reward;17970000;8,912624;1776626211,416824
Environment/Cumulative Reward;18000000;9,163239;1776626226,777366
Environment/Cumulative Reward;18030000;9,306575;1776626252,000727
Environment/Cumulative Reward;18060000;9,448145;1776626274,417072
Environment/Cumulative Reward;18090000;9,314487;1776626285,846893
Environment/Cumulative Reward;18120000;8,952610;1776626306,659761
Environment/Cumulative Reward;18150000;8,794942;1776626328,981591
Environment/Cumulative Reward;18180000;9,009337;1776626350,084590
Environment/Cumulative Reward;18210000;9,196001;1776626362,781191
Environment/Cumulative Reward;18240000;9,265094;1776626384,945270
Environment/Cumulative Reward;18270000;9,350203;1776626405,155936
Environment/Cumulative Reward;18300000;9,107944;1776626425,382758
Environment/Cumulative Reward;18330000;9,015169;1776626434,992310
Environment/Cumulative Reward;18360000;8,536490;1776626461,112924
Environment/Cumulative Reward;18390000;8,947398;1776626488,150608
Environment/Cumulative Reward;18420000;9,140577;1776626498,377134
Environment/Cumulative Reward;18450000;8,985520;1776626519,731199
Environment/Cumulative Reward;18480000;8,835092;1776626540,582992
Environment/Cumulative Reward;18510000;8,960427;1776626559,930121
Environment/Cumulative Reward;18540000;8,808042;1776626568,814042
Environment/Cumulative Reward;18570000;8,815803;1776626590,627499
Environment/Cumulative Reward;18600000;9,335340;1776626615,875049
Environment/Cumulative Reward;18630000;9,381445;1776626642,848607
Environment/Cumulative Reward;18660000;9,240414;1776626652,879415
Environment/Cumulative Reward;18690000;9,388893;1776626671,962330
Environment/Cumulative Reward;18720000;9,347738;1776626691,839638
Environment/Cumulative Reward;18750000;8,919221;1776626713,758052
Environment/Cumulative Reward;18780000;9,250896;1776626729,773736
Environment/Cumulative Reward;18810000;9,405621;1776626757,677140
Environment/Cumulative Reward;18840000;9,362189;1776626778,559664
Environment/Cumulative Reward;18870000;9,109007;1776626786,702093
Environment/Cumulative Reward;18900000;9,289592;1776626805,218327
Environment/Cumulative Reward;18930000;9,238848;1776626824,019313
Environment/Cumulative Reward;18960000;9,139912;1776626847,269935
Environment/Cumulative Reward;18990000;9,107514;1776626862,294175
Environment/Cumulative Reward;19020000;9,030777;1776626886,110318
Environment/Cumulative Reward;19050000;9,062557;1776626906,453256
Environment/Cumulative Reward;19080000;9,035180;1776626925,700724
Environment/Cumulative Reward;19110000;8,918097;1776626932,947897
Environment/Cumulative Reward;19140000;8,709164;1776626954,623366
Environment/Cumulative Reward;19170000;8,722824;1776626991,231977
Environment/Cumulative Reward;19200000;9,142066;1776627005,196894
Environment/Cumulative Reward;19230000;9,307306;1776627025,011654
Environment/Cumulative Reward;19260000;9,401126;1776627044,851765
Environment/Cumulative Reward;19290000;8,900954;1776627063,071582
Environment/Cumulative Reward;19320000;8,862138;1776627074,836182
Environment/Cumulative Reward;19350000;9,115732;1776627099,281477
Environment/Cumulative Reward;19380000;9,397711;1776627122,088504
Environment/Cumulative Reward;19410000;9,223882;1776627142,860382
Environment/Cumulative Reward;19440000;8,939940;1776627151,513331
Environment/Cumulative Reward;19470000;9,004867;1776627172,076460
Environment/Cumulative Reward;19500000;9,151496;1776627196,086745
Environment/Cumulative Reward;19530000;9,131975;1776627207,622356
Environment/Cumulative Reward;19560000;9,210200;1776627230,648558
Environment/Cumulative Reward;19590000;9,180662;1776627253,141690
Environment/Cumulative Reward;19620000;9,101873;1776627274,405856
Environment/Cumulative Reward;19650000;9,394870;1776627289,617811
Environment/Cumulative Reward;19680000;9,392853;1776627313,527421
Environment/Cumulative Reward;19710000;9,067567;1776627336,163233
Environment/Cumulative Reward;19740000;9,175341;1776627357,284068
Environment/Cumulative Reward;19770000;9,138999;1776627364,703919
Environment/Cumulative Reward;19800000;8,931949;1776627382,759961
Environment/Cumulative Reward;19830000;9,279080;1776627401,510297
Environment/Cumulative Reward;19860000;9,263720;1776627424,925086
Environment/Cumulative Reward;19890000;9,140899;1776627440,938510
Environment/Cumulative Reward;19920000;9,243320;1776627463,010903
Environment/Cumulative Reward;19950000;9,175923;1776627484,404869
Environment/Cumulative Reward;19980000;8,817781;1776627495,174886
Environment/Episode Length;30000;716,833313;1776614612,182754
Environment/Episode Length;60000;1040,769287;1776614647,572294
Environment/Episode Length;90000;409,253510;1776614680,679744
Environment/Episode Length;120000;217,105637;1776614705,052119
Environment/Episode Length;150000;143,237213;1776614738,550331
Environment/Episode Length;180000;223,035965;1776614768,592383
Environment/Episode Length;210000;389,089294;1776614786,089002
Environment/Episode Length;240000;245,820007;1776614799,339924
Environment/Episode Length;270000;181,560242;1776614822,111531
Environment/Episode Length;300000;171,977142;1776614850,455648
Environment/Episode Length;330000;214,050354;1776614872,568152
Environment/Episode Length;360000;264,543854;1776614880,195182
Environment/Episode Length;390000;236,000000;1776614900,411004
Environment/Episode Length;420000;238,028992;1776614947,514218
Environment/Episode Length;450000;254,648651;1776614964,214085
Environment/Episode Length;480000;300,323822;1776614989,410140
Environment/Episode Length;510000;342,340912;1776615013,365786
Environment/Episode Length;540000;366,305084;1776615032,591019
Environment/Episode Length;570000;373,590912;1776615039,254726
Environment/Episode Length;600000;377,909088;1776615055,313204
Environment/Episode Length;630000;352,115936;1776615073,216461
Environment/Episode Length;660000;392,285706;1776615077,361523
Environment/Episode Length;690000;416,421051;1776615094,861438
Environment/Episode Length;720000;433,079987;1776615117,132722
Environment/Episode Length;750000;423,934967;1776615134,687776
Environment/Episode Length;780000;389,787048;1776615159,746789
Environment/Episode Length;810000;376,310822;1776615179,533365
Environment/Episode Length;840000;420,604645;1776615195,945147
Environment/Episode Length;870000;318,049286;1776615210,959943
Environment/Episode Length;900000;334,598145;1776615233,928620
Environment/Episode Length;930000;329,473114;1776615254,639075
Environment/Episode Length;960000;373,416656;1776615258,655843
Environment/Episode Length;990000;340,745087;1776615281,167014
Environment/Episode Length;1020000;343,893799;1776615304,151209
Environment/Episode Length;1050000;363,349060;1776615325,307501
Environment/Episode Length;1080000;384,609741;1776615334,886799
Environment/Episode Length;1110000;429,008606;1776615359,519643
Environment/Episode Length;1140000;335,078949;1776615380,760042
Environment/Episode Length;1170000;357,378387;1776615393,313583
Environment/Episode Length;1200000;311,252350;1776615416,916832
Environment/Episode Length;1230000;320,593414;1776615436,335420
Environment/Episode Length;1260000;320,426483;1776615456,734780
Environment/Episode Length;1290000;341,869568;1776615460,618451
Environment/Episode Length;1320000;318,764709;1776615482,641984
Environment/Episode Length;1350000;348,603607;1776615505,685085
Environment/Episode Length;1380000;371,675690;1776615512,207842
Environment/Episode Length;1410000;327,538452;1776615543,869018
Environment/Episode Length;1440000;243,610382;1776615572,812543
Environment/Episode Length;1470000;250,007690;1776615594,721226
Environment/Episode Length;1500000;275,311462;1776615603,041910
Environment/Episode Length;1530000;273,552643;1776615621,535463
Environment/Episode Length;1560000;283,950623;1776615638,785372
Environment/Episode Length;1590000;324,608246;1776615660,896782
Environment/Episode Length;1620000;363,466675;1776615670,227604
Environment/Episode Length;1650000;242,272720;1776615690,375475
Environment/Episode Length;1680000;271,099304;1776615718,099745
Environment/Episode Length;1710000;329,471558;1776615728,959813
Environment/Episode Length;1740000;317,269562;1776615754,162531
Environment/Episode Length;1770000;265,322021;1776615778,088664
Environment/Episode Length;1800000;238,181030;1776615789,731795
Environment/Episode Length;1830000;253,809921;1776615809,535218
Environment/Episode Length;1860000;260,485992;1776615828,412231
Environment/Episode Length;1890000;289,946442;1776615856,470280
Environment/Episode Length;1920000;318,172424;1776615870,188823
Environment/Episode Length;1950000;269,254395;1776615902,777058
Environment/Episode Length;1980000;258,752289;1776615925,931005
Environment/Episode Length;2010000;237,607849;1776615946,286836
Environment/Episode Length;2040000;261,261688;1776615954,818403
Environment/Episode Length;2070000;301,219299;1776615973,191900
Environment/Episode Length;2100000;337,609985;1776615994,307361
Environment/Episode Length;2130000;307,865967;1776616004,557613
Environment/Episode Length;2160000;227,100006;1776616021,714952
Environment/Episode Length;2190000;255,008133;1776616043,939081
Environment/Episode Length;2220000;275,905121;1776616068,661091
Environment/Episode Length;2250000;273,130127;1776616083,008174
Environment/Episode Length;2280000;230,294968;1776616112,064814
Environment/Episode Length;2310000;225,781952;1776616139,611636
Environment/Episode Length;2340000;233,000000;1776616163,545137
Environment/Episode Length;2370000;269,618195;1776616172,802988
Environment/Episode Length;2400000;293,485291;1776616195,046772
Environment/Episode Length;2430000;325,658112;1776616222,882078
Environment/Episode Length;2460000;255,300812;1776616253,303777
Environment/Episode Length;2490000;221,226273;1776616268,683055
Environment/Episode Length;2520000;238,000000;1776616296,259949
Environment/Episode Length;2550000;247,875000;1776616322,593940
Environment/Episode Length;2580000;251,957977;1776616334,237393
Environment/Episode Length;2610000;250,554626;1776616358,045402
Environment/Episode Length;2640000;253,000000;1776616381,219510
Environment/Episode Length;2670000;262,210541;1776616403,751096
Environment/Episode Length;2700000;271,897736;1776616411,887359
Environment/Episode Length;2730000;280,860870;1776616432,954511
Environment/Episode Length;2760000;253,138214;1776616455,930770
Environment/Episode Length;2790000;218,724640;1776616480,558903
Environment/Episode Length;2820000;230,727936;1776616490,792560
Environment/Episode Length;2850000;258,754242;1776616511,209787
Environment/Episode Length;2880000;240,919357;1776616530,520904
Environment/Episode Length;2910000;241,410263;1776616540,585787
Environment/Episode Length;2940000;237,914062;1776616561,128517
Environment/Episode Length;2970000;206,074829;1776616583,554359
Environment/Episode Length;3000000;201,456955;1776616607,266912
Environment/Episode Length;3030000;215,963776;1776616618,750470
Environment/Episode Length;3060000;207,041672;1776616641,403851
Environment/Episode Length;3090000;213,721436;1776616665,070555
Environment/Episode Length;3120000;222,567169;1776616690,926449
Environment/Episode Length;3150000;212,246475;1776616704,081279
Environment/Episode Length;3180000;232,210938;1776616728,933352
Environment/Episode Length;3210000;254,923080;1776616753,153129
Environment/Episode Length;3240000;252,610168;1776616763,375926
Environment/Episode Length;3270000;213,364288;1776616793,758953
Environment/Episode Length;3300000;203,221436;1776616822,499527
Environment/Episode Length;3330000;192,707794;1776616848,526646
Environment/Episode Length;3360000;219,826080;1776616857,956725
Environment/Episode Length;3390000;239,479675;1776616878,973566
Environment/Episode Length;3420000;221,036758;1776616900,328708
Environment/Episode Length;3450000;229,916031;1776616926,027938
Environment/Episode Length;3480000;265,664185;1776616934,658624
Environment/Episode Length;3510000;167,526672;1776616965,666065
Environment/Episode Length;3540000;194,754837;1776616990,039618
Environment/Episode Length;3570000;201,993240;1776617003,548439
Environment/Episode Length;3600000;230,646149;1776617024,297101
Environment/Episode Length;3630000;242,975616;1776617043,281995
Environment/Episode Length;3660000;245,850006;1776617061,366911
Environment/Episode Length;3690000;266,089294;1776617069,802873
Environment/Episode Length;3720000;253,957626;1776617089,645437
Environment/Episode Length;3750000;210,561157;1776617110,635201
Environment/Episode Length;3780000;226,701492;1776617134,028367
Environment/Episode Length;3810000;231,671875;1776617148,364605
Environment/Episode Length;3840000;205,427582;1776617170,918535
Environment/Episode Length;3870000;212,407150;1776617195,547565
Environment/Episode Length;3900000;230,369232;1776617218,550511
Environment/Episode Length;3930000;246,764221;1776617228,557573
Environment/Episode Length;3960000;243,491806;1776617248,407774
Environment/Episode Length;3990000;270,909912;1776617267,825571
Environment/Episode Length;4020000;233,178299;1776617279,889281
Environment/Episode Length;4050000;242,170731;1776617301,424247
Environment/Episode Length;4080000;220,422226;1776617325,507252
Environment/Episode Length;4110000;217,826080;1776617347,391887
Environment/Episode Length;4140000;227,823074;1776617358,545328
Environment/Episode Length;4170000;226,992432;1776617379,088441
Environment/Episode Length;4200000;221,194031;1776617401,300351
Environment/Episode Length;4230000;240,102356;1776617421,479201
Environment/Episode Length;4260000;221,348480;1776617432,853860
Environment/Episode Length;4290000;215,640289;1776617455,237580
Environment/Episode Length;4320000;205,041092;1776617478,645042
Environment/Episode Length;4350000;215,132355;1776617488,167491
Environment/Episode Length;4380000;211,069443;1776617509,210737
Environment/Episode Length;4410000;223,616547;1776617528,952322
Environment/Episode Length;4440000;230,500000;1776617548,736881
Environment/Episode Length;4470000;214,028992;1776617560,149558
Environment/Episode Length;4500000;210,219864;1776617582,256368
Environment/Episode Length;4530000;205,267120;1776617607,382681
Environment/Episode Length;4560000;214,223022;1776617635,060828
Environment/Episode Length;4590000;218,977615;1776617647,749655
Environment/Episode Length;4620000;215,323944;1776617670,207583
Environment/Episode Length;4650000;239,298386;1776617690,236703
Environment/Episode Length;4680000;239,666672;1776617698,694735
Environment/Episode Length;4710000;241,552841;1776617719,220429
Environment/Episode Length;4740000;246,966949;1776617739,045144
Environment/Episode Length;4770000;223,328354;1776617761,044388
Environment/Episode Length;4800000;202,664383;1776617772,740805
Environment/Episode Length;4830000;197,506577;1776617794,067013
Environment/Episode Length;4860000;196,208054;1776617815,421824
Environment/Episode Length;4890000;196,805191;1776617836,897950
Environment/Episode Length;4920000;189,291138;1776617849,294770
Environment/Episode Length;4950000;206,413788;1776617873,672293
Environment/Episode Length;4980000;212,269501;1776617895,964082
Environment/Episode Length;5010000;198,364243;1776617917,668302
Environment/Episode Length;5040000;204,643829;1776617928,378477
Environment/Episode Length;5070000;226,581390;1776617949,409451
Environment/Episode Length;5100000;241,447998;1776617972,551023
Environment/Episode Length;5130000;212,170212;1776617983,401350
Environment/Episode Length;5160000;200,079468;1776618003,145320
Environment/Episode Length;5190000;211,343063;1776618022,786846
Environment/Episode Length;5220000;220,985291;1776618043,011455
Environment/Episode Length;5250000;213,936615;1776618055,578818
Environment/Episode Length;5280000;182,625000;1776618084,094735
Environment/Episode Length;5310000;186,697525;1776618105,989489
Environment/Episode Length;5340000;202,039474;1776618126,423629
Environment/Episode Length;5370000;218,466171;1776618136,901430
Environment/Episode Length;5400000;210,788727;1776618157,757297
Environment/Episode Length;5430000;207,590271;1776618181,555965
Environment/Episode Length;5460000;207,411346;1776618194,289412
Environment/Episode Length;5490000;198,444443;1776618216,860638
Environment/Episode Length;5520000;224,360901;1776618239,578388
Environment/Episode Length;5550000;222,651520;1776618258,911428
Environment/Episode Length;5580000;221,614822;1776618269,612631
Environment/Episode Length;5610000;220,133331;1776618297,852134
Environment/Episode Length;5640000;217,733810;1776618321,732776
Environment/Episode Length;5670000;233,291336;1776618341,990173
Environment/Episode Length;5700000;234,046158;1776618350,616758
Environment/Episode Length;5730000;245,231400;1776618368,458430
Environment/Episode Length;5760000;257,586212;1776618387,355690
Environment/Episode Length;5790000;237,253967;1776618400,695588
Environment/Episode Length;5820000;194,922073;1776618423,800666
Environment/Episode Length;5850000;189,158234;1776618445,815272
Environment/Episode Length;5880000;199,877701;1776618467,763513
Environment/Episode Length;5910000;232,861542;1776618482,296059
Environment/Episode Length;5940000;237,115387;1776618507,414483
Environment/Episode Length;5970000;229,127823;1776618529,781168
Environment/Episode Length;6000000;215,589935;1776618552,751299
Environment/Episode Length;6030000;225,719696;1776618562,987205
Environment/Episode Length;6060000;233,562500;1776618582,644917
Environment/Episode Length;6090000;249,508926;1776618600,916543
Environment/Episode Length;6120000;276,517639;1776618619,735542
Environment/Episode Length;6150000;281,173553;1776618630,299885
Environment/Episode Length;6180000;215,483215;1776618652,023684
Environment/Episode Length;6210000;196,943039;1776618673,607345
Environment/Episode Length;6240000;191,391312;1776618688,196882
Environment/Episode Length;6270000;203,075348;1776618711,489279
Environment/Episode Length;6300000;209,415497;1776618733,339837
Environment/Episode Length;6330000;203,469391;1776618754,852979
Environment/Episode Length;6360000;227,376923;1776618763,833610
Environment/Episode Length;6390000;237,196854;1776618784,167299
Environment/Episode Length;6420000;217,722626;1776618803,533267
Environment/Episode Length;6450000;204,705475;1776618824,087050
Environment/Episode Length;6480000;201,256760;1776618836,241317
Environment/Episode Length;6510000;166,508377;1776618863,762738
Environment/Episode Length;6540000;169,331467;1776618887,745387
Environment/Episode Length;6570000;185,886795;1776618898,545324
Environment/Episode Length;6600000;208,538467;1776618918,866353
Environment/Episode Length;6630000;221,511108;1776618940,214149
Environment/Episode Length;6660000;207,082764;1776618961,808518
Environment/Episode Length;6690000;195,189545;1776618971,827076
Environment/Episode Length;6720000;198,779999;1776618992,520775
Environment/Episode Length;6750000;206,888885;1776619013,174892
Environment/Episode Length;6780000;184,472046;1776619034,009110
Environment/Episode Length;6810000;201,537415;1776619044,032655
Environment/Episode Length;6840000;186,318756;1776619071,365319
Environment/Episode Length;6870000;175,526627;1776619095,573866
Environment/Episode Length;6900000;197,383118;1776619105,864626
Environment/Episode Length;6930000;214,913666;1776619128,325223
Environment/Episode Length;6960000;200,489929;1776619150,705634
Environment/Episode Length;6990000;200,872482;1776619171,447433
Environment/Episode Length;7020000;203,013702;1776619181,304951
Environment/Episode Length;7050000;227,732819;1776619202,717089
Environment/Episode Length;7080000;199,993332;1776619229,720135
Environment/Episode Length;7110000;204,965515;1776619255,190069
Environment/Episode Length;7140000;199,153336;1776619267,034505
Environment/Episode Length;7170000;210,760559;1776619288,401348
Environment/Episode Length;7200000;222,738800;1776619309,389556
Environment/Episode Length;7230000;230,361542;1776619318,986392
Environment/Episode Length;7260000;231,767441;1776619338,875010
Environment/Episode Length;7290000;228,358780;1776619358,904980
Environment/Episode Length;7320000;213,000000;1776619380,744278
Environment/Episode Length;7350000;241,669357;1776619390,360547
Environment/Episode Length;7380000;207,297867;1776619415,390585
Environment/Episode Length;7410000;208,438354;1776619439,100860
Environment/Episode Length;7440000;205,937927;1776619461,011035
Environment/Episode Length;7470000;208,513885;1776619472,405774
Environment/Episode Length;7500000;213,158279;1776619492,886087
Environment/Episode Length;7530000;205,811188;1776619510,905061
Environment/Episode Length;7560000;221,065689;1776619530,249054
Environment/Episode Length;7590000;232,108521;1776619543,408046
Environment/Episode Length;7620000;180,120483;1776619568,590693
Environment/Episode Length;7650000;159,828873;1776619589,851717
Environment/Episode Length;7680000;178,143707;1776619598,140687
Environment/Episode Length;7710000;196,118423;1776619616,111897
Environment/Episode Length;7740000;201,516785;1776619641,577759
Environment/Episode Length;7770000;154,046631;1776619670,674259
Environment/Episode Length;7800000;164,722229;1776619681,394878
Environment/Episode Length;7830000;191,735855;1776619702,776888
Environment/Episode Length;7860000;208,828568;1776619723,605123
Environment/Episode Length;7890000;222,641785;1776619745,780464
Environment/Episode Length;7920000;222,947754;1776619758,419212
Environment/Episode Length;7950000;194,865387;1776619782,376950
Environment/Episode Length;7980000;184,213837;1776619803,624923
Environment/Episode Length;8010000;194,850647;1776619811,864891
Environment/Episode Length;8040000;201,040543;1776619830,780050
Environment/Episode Length;8070000;216,185715;1776619850,415798
Environment/Episode Length;8100000;188,692307;1776619873,550681
Environment/Episode Length;8130000;183,820984;1776619889,198898
Environment/Episode Length;8160000;160,519119;1776619914,379939
Environment/Episode Length;8190000;186,049683;1776619933,857338
Environment/Episode Length;8220000;203,416107;1776619951,669444
Environment/Episode Length;8250000;211,361710;1776619959,136107
Environment/Episode Length;8280000;189,439484;1776619984,867821
Environment/Episode Length;8310000;169,795456;1776620014,118940
Environment/Episode Length;8340000;167,910110;1776620028,033615
Environment/Episode Length;8370000;192,316132;1776620047,281209
Environment/Episode Length;8400000;196,059204;1776620066,384668
Environment/Episode Length;8430000;210,436615;1776620084,860360
Environment/Episode Length;8460000;236,897644;1776620095,849321
Environment/Episode Length;8490000;185,000000;1776620124,394014
Environment/Episode Length;8520000;169,757065;1776620146,311320
Environment/Episode Length;8550000;194,398697;1776620166,383303
Environment/Episode Length;8580000;205,406891;1776620178,473390
Environment/Episode Length;8610000;206,156464;1776620201,834884
Environment/Episode Length;8640000;191,549026;1776620225,176404
Environment/Episode Length;8670000;216,071945;1776620236,420603
Environment/Episode Length;8700000;229,576920;1776620258,585643
Environment/Episode Length;8730000;238,839996;1776620278,629776
Environment/Episode Length;8760000;224,186569;1776620297,803393
Environment/Episode Length;8790000;213,201431;1776620307,812891
Environment/Episode Length;8820000;217,057968;1776620331,302734
Environment/Episode Length;8850000;196,688736;1776620358,417985
Environment/Episode Length;8880000;203,408157;1776620381,525492
Environment/Episode Length;8910000;190,382172;1776620391,676407
Environment/Episode Length;8940000;213,936172;1776620408,929019
Environment/Episode Length;8970000;220,455231;1776620426,795028
Environment/Episode Length;9000000;235,078125;1776620448,522451
Environment/Episode Length;9030000;218,102936;1776620461,925311
Environment/Episode Length;9060000;184,220123;1776620483,810766
Environment/Episode Length;9090000;177,470245;1776620505,562084
Environment/Episode Length;9120000;196,974197;1776620518,017501
Environment/Episode Length;9150000;204,691788;1776620540,576086
Environment/Episode Length;9180000;201,317566;1776620565,560919
Environment/Episode Length;9210000;205,262070;1776620592,794485
Environment/Episode Length;9240000;202,412155;1776620604,434793
Environment/Episode Length;9270000;212,163116;1776620623,647954
Environment/Episode Length;9300000;225,659088;1776620642,423684
Environment/Episode Length;9330000;237,714279;1776620660,700705
Environment/Episode Length;9360000;249,058823;1776620671,878993
Environment/Episode Length;9390000;219,661758;1776620693,856770
Environment/Episode Length;9420000;202,601349;1776620714,997931
Environment/Episode Length;9450000;202,428574;1776620726,444636
Environment/Episode Length;9480000;199,279999;1776620748,483462
Environment/Episode Length;9510000;177,636368;1776620772,109440
Environment/Episode Length;9540000;195,412903;1776620796,106781
Environment/Episode Length;9570000;208,833328;1776620808,075441
Environment/Episode Length;9600000;212,828568;1776620829,646613
Environment/Episode Length;9630000;209,573425;1776620850,940490
Environment/Episode Length;9660000;204,717239;1776620871,568764
Environment/Episode Length;9690000;223,343277;1776620883,984463
Environment/Episode Length;9720000;204,440567;1776620906,851368
Environment/Episode Length;9750000;207,172409;1776620930,283535
Environment/Episode Length;9780000;223,162964;1776620942,192055
Environment/Episode Length;9810000;225,165421;1776620961,965213
Environment/Episode Length;9840000;211,302811;1776620982,603351
Environment/Episode Length;9870000;220,213242;1776621002,641463
Environment/Episode Length;9900000;231,286819;1776621012,424657
Environment/Episode Length;9930000;211,709213;1776621039,122906
Environment/Episode Length;9960000;194,542480;1776621064,574892
Environment/Episode Length;9990000;186,543747;1776621088,521837
Environment/Episode Length;10020000;217,051102;1776621098,890022
Environment/Episode Length;10050000;208,258743;1776621119,094779
Environment/Episode Length;10080000;218,855072;1776621137,283523
Environment/Episode Length;10110000;226,519089;1776621144,588784
Environment/Episode Length;10140000;235,881897;1776621163,284642
Environment/Episode Length;10170000;223,518799;1776621184,360794
Environment/Episode Length;10200000;191,457520;1776621214,778892
Environment/Episode Length;10230000;162,935822;1776621228,964661
Environment/Episode Length;10260000;179,628738;1776621255,784937
Environment/Episode Length;10290000;196,225159;1776621280,552722
Environment/Episode Length;10320000;208,268967;1776621306,430998
Environment/Episode Length;10350000;188,250000;1776621321,455584
Environment/Episode Length;10380000;204,849319;1776621349,119183
Environment/Episode Length;10410000;202,904755;1776621375,100633
Environment/Episode Length;10440000;200,872482;1776621399,363827
Environment/Episode Length;10470000;213,721436;1776621408,594280
Environment/Episode Length;10500000;230,325577;1776621430,355753
Environment/Episode Length;10530000;200,513336;1776621454,994709
Environment/Episode Length;10560000;188,044296;1776621467,908581
Environment/Episode Length;10590000;189,464966;1776621490,376522
Environment/Episode Length;10620000;226,143936;1776621510,212220
Environment/Episode Length;10650000;217,688400;1776621531,811587
Environment/Episode Length;10680000;224,014603;1776621541,434520
Environment/Episode Length;10710000;205,426468;1776621562,810651
Environment/Episode Length;10740000;203,108841;1776621584,700673
Environment/Episode Length;10770000;205,855179;1776621606,497094
Environment/Episode Length;10800000;214,340271;1776621618,515296
Environment/Episode Length;10830000;209,852112;1776621641,260033
Environment/Episode Length;10860000;181,957321;1776621668,258265
Environment/Episode Length;10890000;182,530487;1776621679,058320
Environment/Episode Length;10920000;205,809860;1776621699,535536
Environment/Episode Length;10950000;228,574631;1776621719,915227
Environment/Episode Length;10980000;219,456528;1776621740,651430
Environment/Episode Length;11010000;217,022217;1776621752,454694
Environment/Episode Length;11040000;214,271423;1776621775,723205
Environment/Episode Length;11070000;186,844589;1776621799,226135
Environment/Episode Length;11100000;209,520004;1776621819,863197
Environment/Episode Length;11130000;229,689392;1776621828,285387
Environment/Episode Length;11160000;217,066666;1776621847,434801
Environment/Episode Length;11190000;193,490448;1776621871,296540
Environment/Episode Length;11220000;204,589035;1776621885,982131
Environment/Episode Length;11250000;178,760483;1776621915,346701
Environment/Episode Length;11280000;201,429535;1776621938,345042
Environment/Episode Length;11310000;207,708328;1776621960,383968
Environment/Episode Length;11340000;222,362961;1776621969,380442
Environment/Episode Length;11370000;252,829056;1776621987,505833
Environment/Episode Length;11400000;239,587296;1776622005,927872
Environment/Episode Length;11430000;228,341080;1776622026,142716
Environment/Episode Length;11460000;249,166672;1776622036,353831
Environment/Episode Length;11490000;214,614288;1776622064,288502
Environment/Episode Length;11520000;190,774200;1776622088,927320
Environment/Episode Length;11550000;200,246674;1776622109,546058
Environment/Episode Length;11580000;200,644302;1776622117,227378
Environment/Episode Length;11610000;214,158279;1776622134,720011
Environment/Episode Length;11640000;246,809921;1776622157,715363
Environment/Episode Length;11670000;181,862274;1776622176,670316
Environment/Episode Length;11700000;179,558289;1776622198,861927
Environment/Episode Length;11730000;206,289658;1776622218,842245
Environment/Episode Length;11760000;215,503540;1776622238,135201
Environment/Episode Length;11790000;225,776917;1776622249,903021
Environment/Episode Length;11820000;212,078018;1776622273,827214
Environment/Episode Length;11850000;195,738556;1776622296,073392
Environment/Episode Length;11880000;191,012817;1776622316,245169
Environment/Episode Length;11910000;198,677856;1776622325,556335
Environment/Episode Length;11940000;207,819443;1776622351,954320
Environment/Episode Length;11970000;224,746262;1776622379,597617
Environment/Episode Length;12000000;214,644928;1776622392,174267
Environment/Episode Length;12030000;213,042862;1776622412,121088
Environment/Episode Length;12060000;219,656937;1776622429,991090
Environment/Episode Length;12090000;228,092300;1776622447,202946
Environment/Episode Length;12120000;261,955353;1776622453,030796
Environment/Episode Length;12150000;255,794876;1776622473,872924
Environment/Episode Length;12180000;195,675156;1776622508,370236
Environment/Episode Length;12210000;168,479996;1776622532,161729
Environment/Episode Length;12240000;200,326660;1776622541,023237
Environment/Episode Length;12270000;219,962967;1776622559,870597
Environment/Episode Length;12300000;226,134323;1776622579,801307
Environment/Episode Length;12330000;236,774200;1776622591,074569
Environment/Episode Length;12360000;225,119400;1776622614,876576
Environment/Episode Length;12390000;197,746674;1776622637,984045
Environment/Episode Length;12420000;191,593552;1776622659,431681
Environment/Episode Length;12450000;195,254898;1776622669,931772
Environment/Episode Length;12480000;196,585526;1776622689,505648
Environment/Episode Length;12510000;212,871429;1776622708,793857
Environment/Episode Length;12540000;197,592102;1776622736,106338
Environment/Episode Length;12570000;174,453491;1776622752,657288
Environment/Episode Length;12600000;179,284851;1776622775,491185
Environment/Episode Length;12630000;178,730545;1776622795,813160
Environment/Episode Length;12660000;185,844727;1776622804,487030
Environment/Episode Length;12690000;200,818787;1776622821,042217
Environment/Episode Length;12720000;213,798569;1776622840,441894
Environment/Episode Length;12750000;203,721085;1776622862,905463
Environment/Episode Length;12780000;160,081085;1776622878,100112
Environment/Episode Length;12810000;155,510422;1776622901,929780
Environment/Episode Length;12840000;166,212296;1776622923,971380
Environment/Episode Length;12870000;174,953217;1776622943,942225
Environment/Episode Length;12900000;188,177216;1776622954,472454
Environment/Episode Length;12930000;180,524094;1776622979,237692
Environment/Episode Length;12960000;164,215469;1776623002,653804
Environment/Episode Length;12990000;174,561401;1776623016,626004
Environment/Episode Length;13020000;207,805557;1776623036,284346
Environment/Episode Length;13050000;217,729919;1776623057,655136
Environment/Episode Length;13080000;206,826385;1776623082,916339
Environment/Episode Length;13110000;193,625809;1776623096,661926
Environment/Episode Length;13140000;198,250000;1776623118,216123
Environment/Episode Length;13170000;204,722229;1776623137,778025
Environment/Episode Length;13200000;214,042862;1776623156,625802
Environment/Episode Length;13230000;228,519089;1776623167,052984
Environment/Episode Length;13260000;222,684204;1776623195,400556
Environment/Episode Length;13290000;207,944443;1776623220,259828
Environment/Episode Length;13320000;195,810455;1776623232,697270
Environment/Episode Length;13350000;206,104172;1776623253,309307
Environment/Episode Length;13380000;213,364288;1776623272,387384
Environment/Episode Length;13410000;219,808823;1776623291,783331
Environment/Episode Length;13440000;223,932831;1776623301,848100
Environment/Episode Length;13470000;216,729919;1776623328,671923
Environment/Episode Length;13500000;188,563293;1776623358,424424
Environment/Episode Length;13530000;197,901321;1776623381,925830
Environment/Episode Length;13560000;198,979858;1776623391,018235
Environment/Episode Length;13590000;216,535721;1776623410,742731
Environment/Episode Length;13620000;233,440948;1776623428,651280
Environment/Episode Length;13650000;237,880005;1776623436,589259
Environment/Episode Length;13680000;230,553848;1776623456,616385
Environment/Episode Length;13710000;230,565887;1776623476,073971
Environment/Episode Length;13740000;207,048615;1776623497,912097
Environment/Episode Length;13770000;168,033707;1776623514,234371
Environment/Episode Length;13800000;166,255554;1776623537,497663
Environment/Episode Length;13830000;177,341324;1776623559,188509
Environment/Episode Length;13860000;179,512054;1776623578,798895
Environment/Episode Length;13890000;187,681244;1776623588,467466
Environment/Episode Length;13920000;204,579315;1776623607,939888
Environment/Episode Length;13950000;193,335480;1776623633,542801
Environment/Episode Length;13980000;168,776535;1776623660,929045
Environment/Episode Length;14010000;180,693253;1776623674,921094
Environment/Episode Length;14040000;193,603897;1776623695,993956
Environment/Episode Length;14070000;199,406662;1776623717,775057
Environment/Episode Length;14100000;196,046051;1776623729,659389
Environment/Episode Length;14130000;213,750000;1776623749,954776
Environment/Episode Length;14160000;224,293228;1776623771,475936
Environment/Episode Length;14190000;212,276596;1776623793,933999
Environment/Episode Length;14220000;212,702133;1776623804,283099
Environment/Episode Length;14250000;187,582275;1776623827,944368
Environment/Episode Length;14280000;193,110382;1776623851,286815
Environment/Episode Length;14310000;208,559433;1776623872,480301
Environment/Episode Length;14340000;198,513153;1776623884,049973
Environment/Episode Length;14370000;204,703445;1776623905,844730
Environment/Episode Length;14400000;199,246674;1776623925,413566
Environment/Episode Length;14430000;196,282898;1776623934,312716
Environment/Episode Length;14460000;183,814819;1776623956,675439
Environment/Episode Length;14490000;168,696625;1776623978,045868
Environment/Episode Length;14520000;196,165558;1776623999,184371
Environment/Episode Length;14550000;187,012497;1776624014,140583
Environment/Episode Length;14580000;166,674164;1776624039,882893
Environment/Episode Length;14610000;179,619049;1776624062,830042
Environment/Episode Length;14640000;186,860764;1776624084,464815
Environment/Episode Length;14670000;192,083328;1776624095,936109
Environment/Episode Length;14700000;180,775757;1776624118,580419
Environment/Episode Length;14730000;197,490067;1776624139,283713
Environment/Episode Length;14760000;218,948898;1776624147,486723
Environment/Episode Length;14790000;206,479172;1776624171,365648
Environment/Episode Length;14820000;182,621948;1776624194,193485
Environment/Episode Length;14850000;184,246918;1776624216,909652
Environment/Episode Length;14880000;199,154358;1776624228,096420
Environment/Episode Length;14910000;188,740509;1776624250,600699
Environment/Episode Length;14940000;199,138153;1776624268,481906
Environment/Episode Length;14970000;202,609589;1776624289,562030
Environment/Episode Length;15000000;222,703705;1776624306,497016
Environment/Episode Length;15030000;179,951218;1776624333,068355
Environment/Episode Length;15060000;180,884842;1776624354,617784
Environment/Episode Length;15090000;189,796173;1776624373,790306
Environment/Episode Length;15120000;220,279419;1776624381,444424
Environment/Episode Length;15150000;239,943542;1776624399,224750
Environment/Episode Length;15180000;246,950821;1776624418,771198
Environment/Episode Length;15210000;180,945786;1776624436,043648
Environment/Episode Length;15240000;153,743454;1776624463,458778
Environment/Episode Length;15270000;171,034088;1776624485,292568
Environment/Episode Length;15300000;177,023804;1776624505,617394
Environment/Episode Length;15330000;195,381577;1776624514,471019
Environment/Episode Length;15360000;192,767746;1776624537,272212
Environment/Episode Length;15390000;201,675674;1776624561,316873
Environment/Episode Length;15420000;200,463089;1776624584,111850
Environment/Episode Length;15450000;178,982254;1776624598,564576
Environment/Episode Length;15480000;191,725494;1776624618,821487
Environment/Episode Length;15510000;205,786209;1776624637,586957
Environment/Episode Length;15540000;202,946304;1776624645,353857
Environment/Episode Length;15570000;217,213242;1776624666,941495
Environment/Episode Length;15600000;190,974365;1776624695,246889
Environment/Episode Length;15630000;143,296646;1776624716,943342
Environment/Episode Length;15660000;171,352600;1776624725,368096
Environment/Episode Length;15690000;182,243896;1776624744,128840
Environment/Episode Length;15720000;210,471832;1776624767,110418
Environment/Episode Length;15750000;167,539322;1776624796,914649
Environment/Episode Length;15780000;164,453033;1776624808,204783
Environment/Episode Length;15810000;182,780487;1776624827,749512
Environment/Episode Length;15840000;202,094589;1776624848,051404
Environment/Episode Length;15870000;215,726624;1776624857,971056
Environment/Episode Length;15900000;217,977936;1776624880,957895
Environment/Episode Length;15930000;180,593933;1776624906,649067
Environment/Episode Length;15960000;172,248550;1776624928,780785
Environment/Episode Length;15990000;180,727280;1776624938,605248
Environment/Episode Length;16020000;192,741928;1776624958,868771
Environment/Episode Length;16050000;181,750000;1776624979,115318
Environment/Episode Length;16080000;187,100006;1776625002,271957
Environment/Episode Length;16110000;181,614456;1776625019,905274
Environment/Episode Length;16140000;176,538925;1776625044,385919
Environment/Episode Length;16170000;175,523529;1776625066,292560
Environment/Episode Length;16200000;188,094345;1776625085,431098
Environment/Episode Length;16230000;210,253525;1776625093,100928
Environment/Episode Length;16260000;226,969467;1776625110,576810
Environment/Episode Length;16290000;208,804199;1776625131,640837
Environment/Episode Length;16320000;161,096771;1776625150,219424
Environment/Episode Length;16350000;161,032257;1776625173,869972
Environment/Episode Length;16380000;179,478790;1776625195,701026
Environment/Episode Length;16410000;201,905411;1776625217,526263
Environment/Episode Length;16440000;207,631943;1776625230,882750
Environment/Episode Length;16470000;199,228195;1776625253,521760
Environment/Episode Length;16500000;174,374268;1776625277,148929
Environment/Episode Length;16530000;197,243423;1776625296,446989
Environment/Episode Length;16560000;208,020828;1776625304,663294
Environment/Episode Length;16590000;216,992706;1776625322,441137
Environment/Episode Length;16620000;225,560608;1776625343,058035
Environment/Episode Length;16650000;171,620697;1776625362,788679
Environment/Episode Length;16680000;177,595245;1776625385,996510
Environment/Episode Length;16710000;182,701218;1776625408,538208
Environment/Episode Length;16740000;195,539474;1776625429,484929
Environment/Episode Length;16770000;206,027206;1776625439,274455
Environment/Episode Length;16800000;207,401413;1776625459,174779
Environment/Episode Length;16830000;201,229736;1776625481,255933
Environment/Episode Length;16860000;180,006027;1776625503,794554
Environment/Episode Length;16890000;174,502930;1776625515,174028
Environment/Episode Length;16920000;177,317642;1776625537,457971
Environment/Episode Length;16950000;179,621948;1776625560,782087
Environment/Episode Length;16980000;152,837570;1776625576,567954
Environment/Episode Length;17010000;168,517044;1776625597,272241
Environment/Episode Length;17040000;181,333328;1776625617,176908
Environment/Episode Length;17070000;190,730774;1776625637,164775
Environment/Episode Length;17100000;214,482010;1776625648,197498
Environment/Episode Length;17130000;186,600006;1776625672,439034
Environment/Episode Length;17160000;167,511108;1776625696,925749
Environment/Episode Length;17190000;167,885712;1776625721,710079
Environment/Episode Length;17220000;189,240509;1776625731,620739
Environment/Episode Length;17250000;184,067902;1776625753,414594
Environment/Episode Length;17280000;207,611115;1776625775,178514
Environment/Episode Length;17310000;201,236481;1776625795,301432
Environment/Episode Length;17340000;182,487808;1776625805,594506
Environment/Episode Length;17370000;205,441376;1776625823,116854
Environment/Episode Length;17400000;209,111893;1776625846,308737
Environment/Episode Length;17430000;174,715118;1776625860,996564
Environment/Episode Length;17460000;165,161118;1776625885,036289
Environment/Episode Length;17490000;177,772461;1776625905,496397
Environment/Episode Length;17520000;185,055908;1776625926,208504
Environment/Episode Length;17550000;191,506409;1776625939,643519
Environment/Episode Length;17580000;182,950928;1776625966,043152
Environment/Episode Length;17610000;207,358627;1776625990,453704
Environment/Episode Length;17640000;213,812943;1776626013,553580
Environment/Episode Length;17670000;197,333328;1776626024,370081
Environment/Episode Length;17700000;217,087585;1776626042,434526
Environment/Episode Length;17730000;236,579361;1776626060,108916
Environment/Episode Length;17760000;240,741928;1776626068,075269
Environment/Episode Length;17790000;228,290070;1776626088,690943
Environment/Episode Length;17820000;165,692734;1776626117,529306
Environment/Episode Length;17850000;175,488235;1776626139,905765
Environment/Episode Length;17880000;167,385468;1776626152,291466
Environment/Episode Length;17910000;178,933731;1776626173,052112
Environment/Episode Length;17940000;198,126663;1776626191,213560
Environment/Episode Length;17970000;202,317566;1776626211,426872
Environment/Episode Length;18000000;195,352936;1776626226,779369
Environment/Episode Length;18030000;174,686050;1776626252,013775
Environment/Episode Length;18060000;170,839996;1776626274,418576
Environment/Episode Length;18090000;179,751511;1776626285,848397
Environment/Episode Length;18120000;196,807953;1776626306,664769
Environment/Episode Length;18150000;203,952377;1776626328,985610
Environment/Episode Length;18180000;203,191788;1776626350,088612
Environment/Episode Length;18210000;185,552795;1776626362,783630
Environment/Episode Length;18240000;170,367233;1776626384,947780
Environment/Episode Length;18270000;171,150284;1776626405,163496
Environment/Episode Length;18300000;174,335297;1776626425,390281
Environment/Episode Length;18330000;195,272720;1776626435,006037
Environment/Episode Length;18360000;194,418304;1776626461,117457
Environment/Episode Length;18390000;163,758240;1776626488,154109
Environment/Episode Length;18420000;176,639053;1776626498,388152
Environment/Episode Length;18450000;190,993637;1776626519,736224
Environment/Episode Length;18480000;208,957748;1776626540,587514
Environment/Episode Length;18510000;218,712234;1776626559,935141
Environment/Episode Length;18540000;201,510345;1776626568,817549
Environment/Episode Length;18570000;183,121948;1776626590,632022
Environment/Episode Length;18600000;169,664780;1776626615,876245
Environment/Episode Length;18630000;171,890808;1776626642,860577
Environment/Episode Length;18660000;201,161072;1776626652,881430
Environment/Episode Length;18690000;202,848282;1776626671,965356
Environment/Episode Length;18720000;200,966446;1776626691,841648
Environment/Episode Length;18750000;203,068024;1776626713,768083
Environment/Episode Length;18780000;203,986298;1776626729,790341
Environment/Episode Length;18810000;168,252808;1776626757,680145
Environment/Episode Length;18840000;179,909637;1776626778,561669
Environment/Episode Length;18870000;203,294525;1776626786,703098
Environment/Episode Length;18900000;208,762238;1776626805,220435
Environment/Episode Length;18930000;230,709930;1776626824,024338
Environment/Episode Length;18960000;225,406021;1776626847,274260
Environment/Episode Length;18990000;202,568497;1776626862,298694
Environment/Episode Length;19020000;166,694916;1776626886,112322
Environment/Episode Length;19050000;171,274292;1776626906,452252
Environment/Episode Length;19080000;197,186661;1776626925,705741
Environment/Episode Length;19110000;214,956833;1776626932,949404
Environment/Episode Length;19140000;228,909088;1776626954,631983
Environment/Episode Length;19170000;161,576080;1776626991,235523
Environment/Episode Length;19200000;156,093750;1776627005,210060
Environment/Episode Length;19230000;181,430298;1776627025,019686
Environment/Episode Length;19260000;184,712494;1776627044,853766
Environment/Episode Length;19290000;204,993149;1776627063,076095
Environment/Episode Length;19320000;210,345078;1776627074,850137
Environment/Episode Length;19350000;189,789810;1776627099,284499
Environment/Episode Length;19380000;152,177658;1776627122,092064
Environment/Episode Length;19410000;162,130432;1776627142,868934
Environment/Episode Length;19440000;179,090363;1776627151,518248
Environment/Episode Length;19470000;189,411392;1776627172,087339
Environment/Episode Length;19500000;173,730988;1776627196,088751
Environment/Episode Length;19530000;159,819153;1776627207,627398
Environment/Episode Length;19560000;176,934525;1776627230,663627
Environment/Episode Length;19590000;159,693542;1776627253,143715
Environment/Episode Length;19620000;180,472733;1776627274,416608
Environment/Episode Length;19650000;196,189545;1776627289,628861
Environment/Episode Length;19680000;190,717941;1776627313,537426
Environment/Episode Length;19710000;184,809814;1776627336,176272
Environment/Episode Length;19740000;194,447372;1776627357,286074
Environment/Episode Length;19770000;202,463089;1776627364,710621
Environment/Episode Length;19800000;217,933823;1776627382,761976
Environment/Episode Length;19830000;202,292511;1776627401,512321
Environment/Episode Length;19860000;182,496933;1776627424,936271
Environment/Episode Length;19890000;162,048645;1776627440,940520
Environment/Episode Length;19920000;156,010468;1776627463,022017
Environment/Episode Length;19950000;183,456787;1776627484,406378
Environment/Episode Length;19980000;193,928574;1776627495,179393
Environment/Lesson Number/corridor_width;30000;0,000000;1776614612,180757
Environment/Lesson Number/corridor_width;60000;0,000000;1776614647,572294
Environment/Lesson Number/corridor_width;90000;0,000000;1776614680,678743
Environment/Lesson Number/corridor_width;120000;1,000000;1776614705,046563
Environment/Lesson Number/corridor_width;150000;1,000000;1776614738,545791
Environment/Lesson Number/corridor_width;180000;2,000000;1776614768,583852
Environment/Lesson Number/corridor_width;210000;2,000000;1776614786,084984
Environment/Lesson Number/corridor_width;240000;2,000000;1776614799,332875
Environment/Lesson Number/corridor_width;270000;2,000000;1776614822,100995
Environment/Lesson Number/corridor_width;300000;3,000000;1776614850,456650
Environment/Lesson Number/corridor_width;330000;3,000000;1776614872,561113
Environment/Lesson Number/corridor_width;360000;3,000000;1776614880,196188
Environment/Lesson Number/corridor_width;390000;4,000000;1776614900,411004
Environment/Lesson Number/corridor_width;420000;4,000000;1776614947,513212
Environment/Lesson Number/corridor_width;450000;4,000000;1776614964,215092
Environment/Lesson Number/corridor_width;480000;4,000000;1776614989,409135
Environment/Lesson Number/corridor_width;510000;4,000000;1776615013,366295
Environment/Lesson Number/corridor_width;540000;5,000000;1776615032,592534
Environment/Lesson Number/corridor_width;570000;5,000000;1776615039,251213
Environment/Lesson Number/corridor_width;600000;5,000000;1776615055,314708
Environment/Lesson Number/corridor_width;630000;5,000000;1776615073,216969
Environment/Lesson Number/corridor_width;660000;5,000000;1776615077,360008
Environment/Lesson Number/corridor_width;690000;5,000000;1776615094,860437
Environment/Lesson Number/corridor_width;720000;5,000000;1776615117,134159
Environment/Lesson Number/corridor_width;750000;5,000000;1776615134,675799
Environment/Lesson Number/corridor_width;780000;5,000000;1776615159,735324
Environment/Lesson Number/corridor_width;810000;5,000000;1776615179,526853
Environment/Lesson Number/corridor_width;840000;5,000000;1776615195,945147
Environment/Lesson Number/corridor_width;870000;5,000000;1776615210,959943
Environment/Lesson Number/corridor_width;900000;5,000000;1776615233,928620
Environment/Lesson Number/corridor_width;930000;5,000000;1776615254,639075
Environment/Lesson Number/corridor_width;960000;5,000000;1776615258,656848
Environment/Lesson Number/corridor_width;990000;5,000000;1776615281,167014
Environment/Lesson Number/corridor_width;1020000;5,000000;1776615304,152713
Environment/Lesson Number/corridor_width;1050000;5,000000;1776615325,308509
Environment/Lesson Number/corridor_width;1080000;5,000000;1776615334,887805
Environment/Lesson Number/corridor_width;1110000;5,000000;1776615359,510417
Environment/Lesson Number/corridor_width;1140000;5,000000;1776615380,761047
Environment/Lesson Number/corridor_width;1170000;5,000000;1776615393,304745
Environment/Lesson Number/corridor_width;1200000;5,000000;1776615416,915823
Environment/Lesson Number/corridor_width;1230000;5,000000;1776615436,329905
Environment/Lesson Number/corridor_width;1260000;5,000000;1776615456,730241
Environment/Lesson Number/corridor_width;1290000;5,000000;1776615460,619529
Environment/Lesson Number/corridor_width;1320000;5,000000;1776615482,642487
Environment/Lesson Number/corridor_width;1350000;5,000000;1776615505,675201
Environment/Lesson Number/corridor_width;1380000;5,000000;1776615512,204808
Environment/Lesson Number/corridor_width;1410000;5,000000;1776615543,851985
Environment/Lesson Number/corridor_width;1440000;5,000000;1776615572,812543
Environment/Lesson Number/corridor_width;1470000;5,000000;1776615594,722230
Environment/Lesson Number/corridor_width;1500000;5,000000;1776615603,042912
Environment/Lesson Number/corridor_width;1530000;5,000000;1776615621,536463
Environment/Lesson Number/corridor_width;1560000;5,000000;1776615638,786885
Environment/Lesson Number/corridor_width;1590000;5,000000;1776615660,896782
Environment/Lesson Number/corridor_width;1620000;5,000000;1776615670,221575
Environment/Lesson Number/corridor_width;1650000;5,000000;1776615690,376477
Environment/Lesson Number/corridor_width;1680000;5,000000;1776615718,099234
Environment/Lesson Number/corridor_width;1710000;5,000000;1776615728,953285
Environment/Lesson Number/corridor_width;1740000;5,000000;1776615754,152458
Environment/Lesson Number/corridor_width;1770000;5,000000;1776615778,089669
Environment/Lesson Number/corridor_width;1800000;5,000000;1776615789,731795
Environment/Lesson Number/corridor_width;1830000;5,000000;1776615809,535218
Environment/Lesson Number/corridor_width;1860000;5,000000;1776615828,413233
Environment/Lesson Number/corridor_width;1890000;5,000000;1776615856,462559
Environment/Lesson Number/corridor_width;1920000;5,000000;1776615870,188823
Environment/Lesson Number/corridor_width;1950000;5,000000;1776615902,764684
Environment/Lesson Number/corridor_width;1980000;5,000000;1776615925,931509
Environment/Lesson Number/corridor_width;2010000;5,000000;1776615946,287341
Environment/Lesson Number/corridor_width;2040000;5,000000;1776615954,819412
Environment/Lesson Number/corridor_width;2070000;5,000000;1776615973,192905
Environment/Lesson Number/corridor_width;2100000;5,000000;1776615994,307361
Environment/Lesson Number/corridor_width;2130000;5,000000;1776616004,558613
Environment/Lesson Number/corridor_width;2160000;5,000000;1776616021,711414
Environment/Lesson Number/corridor_width;2190000;5,000000;1776616043,928528
Environment/Lesson Number/corridor_width;2220000;5,000000;1776616068,661091
Environment/Lesson Number/corridor_width;2250000;5,000000;1776616083,009181
Environment/Lesson Number/corridor_width;2280000;5,000000;1776616112,066235
Environment/Lesson Number/corridor_width;2310000;5,000000;1776616139,612637
Environment/Lesson Number/corridor_width;2340000;5,000000;1776616163,546644
Environment/Lesson Number/corridor_width;2370000;5,000000;1776616172,803992
Environment/Lesson Number/corridor_width;2400000;5,000000;1776616195,046772
Environment/Lesson Number/corridor_width;2430000;5,000000;1776616222,883080
Environment/Lesson Number/corridor_width;2460000;5,000000;1776616253,303777
Environment/Lesson Number/corridor_width;2490000;5,000000;1776616268,684062
Environment/Lesson Number/corridor_width;2520000;5,000000;1776616296,250911
Environment/Lesson Number/corridor_width;2550000;5,000000;1776616322,587405
Environment/Lesson Number/corridor_width;2580000;5,000000;1776616334,238398
Environment/Lesson Number/corridor_width;2610000;5,000000;1776616358,046403
Environment/Lesson Number/corridor_width;2640000;5,000000;1776616381,212739
Environment/Lesson Number/corridor_width;2670000;5,000000;1776616403,752102
Environment/Lesson Number/corridor_width;2700000;5,000000;1776616411,888366
Environment/Lesson Number/corridor_width;2730000;5,000000;1776616432,956021
Environment/Lesson Number/corridor_width;2760000;5,000000;1776616455,931782
Environment/Lesson Number/corridor_width;2790000;5,000000;1776616480,560277
Environment/Lesson Number/corridor_width;2820000;5,000000;1776616490,793565
Environment/Lesson Number/corridor_width;2850000;5,000000;1776616511,203743
Environment/Lesson Number/corridor_width;2880000;5,000000;1776616530,515370
Environment/Lesson Number/corridor_width;2910000;5,000000;1776616540,586787
Environment/Lesson Number/corridor_width;2940000;5,000000;1776616561,121491
Environment/Lesson Number/corridor_width;2970000;5,000000;1776616583,555356
Environment/Lesson Number/corridor_width;3000000;5,000000;1776616607,258129
Environment/Lesson Number/corridor_width;3030000;5,000000;1776616618,751976
Environment/Lesson Number/corridor_width;3060000;5,000000;1776616641,405365
Environment/Lesson Number/corridor_width;3090000;5,000000;1776616665,071562
Environment/Lesson Number/corridor_width;3120000;5,000000;1776616690,927460
Environment/Lesson Number/corridor_width;3150000;5,000000;1776616704,080729
Environment/Lesson Number/corridor_width;3180000;5,000000;1776616728,924941
Environment/Lesson Number/corridor_width;3210000;5,000000;1776616753,154136
Environment/Lesson Number/corridor_width;3240000;5,000000;1776616763,376430
Environment/Lesson Number/corridor_width;3270000;5,000000;1776616793,759471
Environment/Lesson Number/corridor_width;3300000;5,000000;1776616822,499527
Environment/Lesson Number/corridor_width;3330000;5,000000;1776616848,527671
Environment/Lesson Number/corridor_width;3360000;5,000000;1776616857,957732
Environment/Lesson Number/corridor_width;3390000;5,000000;1776616878,975071
Environment/Lesson Number/corridor_width;3420000;5,000000;1776616900,330219
Environment/Lesson Number/corridor_width;3450000;5,000000;1776616926,017362
Environment/Lesson Number/corridor_width;3480000;5,000000;1776616934,654081
Environment/Lesson Number/corridor_width;3510000;5,000000;1776616965,667071
Environment/Lesson Number/corridor_width;3540000;5,000000;1776616990,040128
Environment/Lesson Number/corridor_width;3570000;5,000000;1776617003,537699
Environment/Lesson Number/corridor_width;3600000;5,000000;1776617024,289568
Environment/Lesson Number/corridor_width;3630000;5,000000;1776617043,283000
Environment/Lesson Number/corridor_width;3660000;5,000000;1776617061,366911
Environment/Lesson Number/corridor_width;3690000;5,000000;1776617069,795763
Environment/Lesson Number/corridor_width;3720000;5,000000;1776617089,639880
Environment/Lesson Number/corridor_width;3750000;5,000000;1776617110,635201
Environment/Lesson Number/corridor_width;3780000;5,000000;1776617134,028367
Environment/Lesson Number/corridor_width;3810000;5,000000;1776617148,353531
Environment/Lesson Number/corridor_width;3840000;5,000000;1776617170,911002
Environment/Lesson Number/corridor_width;3870000;5,000000;1776617195,548565
Environment/Lesson Number/corridor_width;3900000;5,000000;1776617218,552027
Environment/Lesson Number/corridor_width;3930000;5,000000;1776617228,558576
Environment/Lesson Number/corridor_width;3960000;5,000000;1776617248,407774
Environment/Lesson Number/corridor_width;3990000;5,000000;1776617267,826572
Environment/Lesson Number/corridor_width;4020000;5,000000;1776617279,882730
Environment/Lesson Number/corridor_width;4050000;5,000000;1776617301,424749
Environment/Lesson Number/corridor_width;4080000;5,000000;1776617325,507767
Environment/Lesson Number/corridor_width;4110000;5,000000;1776617347,391887
Environment/Lesson Number/corridor_width;4140000;5,000000;1776617358,546328
Environment/Lesson Number/corridor_width;4170000;5,000000;1776617379,089445
Environment/Lesson Number/corridor_width;4200000;5,000000;1776617401,291835
Environment/Lesson Number/corridor_width;4230000;5,000000;1776617421,480201
Environment/Lesson Number/corridor_width;4260000;5,000000;1776617432,846124
Environment/Lesson Number/corridor_width;4290000;5,000000;1776617455,230040
Environment/Lesson Number/corridor_width;4320000;5,000000;1776617478,645546
Environment/Lesson Number/corridor_width;4350000;5,000000;1776617488,160456
Environment/Lesson Number/corridor_width;4380000;5,000000;1776617509,211738
Environment/Lesson Number/corridor_width;4410000;5,000000;1776617528,953323
Environment/Lesson Number/corridor_width;4440000;5,000000;1776617548,738026
Environment/Lesson Number/corridor_width;4470000;5,000000;1776617560,150562
Environment/Lesson Number/corridor_width;4500000;5,000000;1776617582,257613
Environment/Lesson Number/corridor_width;4530000;5,000000;1776617607,382681
Environment/Lesson Number/corridor_width;4560000;5,000000;1776617635,061831
Environment/Lesson Number/corridor_width;4590000;5,000000;1776617647,750659
Environment/Lesson Number/corridor_width;4620000;5,000000;1776617670,200060
Environment/Lesson Number/corridor_width;4650000;5,000000;1776617690,236703
Environment/Lesson Number/corridor_width;4680000;5,000000;1776617698,696247
Environment/Lesson Number/corridor_width;4710000;5,000000;1776617719,213379
Environment/Lesson Number/corridor_width;4740000;5,000000;1776617739,046145
Environment/Lesson Number/corridor_width;4770000;5,000000;1776617761,044388
Environment/Lesson Number/corridor_width;4800000;5,000000;1776617772,742233
Environment/Lesson Number/corridor_width;4830000;5,000000;1776617794,059981
Environment/Lesson Number/corridor_width;4860000;5,000000;1776617815,416303
Environment/Lesson Number/corridor_width;4890000;5,000000;1776617836,899453
Environment/Lesson Number/corridor_width;4920000;5,000000;1776617849,286702
Environment/Lesson Number/corridor_width;4950000;5,000000;1776617873,672803
Environment/Lesson Number/corridor_width;4980000;5,000000;1776617895,957105
Environment/Lesson Number/corridor_width;5010000;5,000000;1776617917,669235
Environment/Lesson Number/corridor_width;5040000;5,000000;1776617928,379479
Environment/Lesson Number/corridor_width;5070000;5,000000;1776617949,410451
Environment/Lesson Number/corridor_width;5100000;5,000000;1776617972,552533
Environment/Lesson Number/corridor_width;5130000;5,000000;1776617983,402358
Environment/Lesson Number/corridor_width;5160000;5,000000;1776618003,146320
Environment/Lesson Number/corridor_width;5190000;5,000000;1776618022,781829
Environment/Lesson Number/corridor_width;5220000;5,000000;1776618043,012960
Environment/Lesson Number/corridor_width;5250000;5,000000;1776618055,568784
Environment/Lesson Number/corridor_width;5280000;5,000000;1776618084,073623
Environment/Lesson Number/corridor_width;5310000;5,000000;1776618105,990493
Environment/Lesson Number/corridor_width;5340000;5,000000;1776618126,425132
Environment/Lesson Number/corridor_width;5370000;5,000000;1776618136,901430
Environment/Lesson Number/corridor_width;5400000;5,000000;1776618157,758801
Environment/Lesson Number/corridor_width;5430000;5,000000;1776618181,556964
Environment/Lesson Number/corridor_width;5460000;5,000000;1776618194,289412
Environment/Lesson Number/corridor_width;5490000;5,000000;1776618216,862659
Environment/Lesson Number/corridor_width;5520000;5,000000;1776618239,569860
Environment/Lesson Number/corridor_width;5550000;5,000000;1776618258,912728
Environment/Lesson Number/corridor_width;5580000;5,000000;1776618269,612631
Environment/Lesson Number/corridor_width;5610000;5,000000;1776618297,852134
Environment/Lesson Number/corridor_width;5640000;5,000000;1776618321,723745
Environment/Lesson Number/corridor_width;5670000;5,000000;1776618341,992178
Environment/Lesson Number/corridor_width;5700000;5,000000;1776618350,618269
Environment/Lesson Number/corridor_width;5730000;5,000000;1776618368,459933
Environment/Lesson Number/corridor_width;5760000;5,000000;1776618387,356697
Environment/Lesson Number/corridor_width;5790000;5,000000;1776618400,686845
Environment/Lesson Number/corridor_width;5820000;5,000000;1776618423,793642
Environment/Lesson Number/corridor_width;5850000;5,000000;1776618445,816574
Environment/Lesson Number/corridor_width;5880000;5,000000;1776618467,757016
Environment/Lesson Number/corridor_width;5910000;5,000000;1776618482,296564
Environment/Lesson Number/corridor_width;5940000;5,000000;1776618507,415488
Environment/Lesson Number/corridor_width;5970000;5,000000;1776618529,773127
Environment/Lesson Number/corridor_width;6000000;5,000000;1776618552,742451
Environment/Lesson Number/corridor_width;6030000;5,000000;1776618562,988205
Environment/Lesson Number/corridor_width;6060000;5,000000;1776618582,646425
Environment/Lesson Number/corridor_width;6090000;5,000000;1776618600,917543
Environment/Lesson Number/corridor_width;6120000;5,000000;1776618619,736549
Environment/Lesson Number/corridor_width;6150000;5,000000;1776618630,292845
Environment/Lesson Number/corridor_width;6180000;5,000000;1776618652,023684
Environment/Lesson Number/corridor_width;6210000;5,000000;1776618673,608348
Environment/Lesson Number/corridor_width;6240000;5,000000;1776618688,196882
Environment/Lesson Number/corridor_width;6270000;5,000000;1776618711,490337
Environment/Lesson Number/corridor_width;6300000;5,000000;1776618733,329719
Environment/Lesson Number/corridor_width;6330000;5,000000;1776618754,853981
Environment/Lesson Number/corridor_width;6360000;5,000000;1776618763,834118
Environment/Lesson Number/corridor_width;6390000;5,000000;1776618784,168298
Environment/Lesson Number/corridor_width;6420000;5,000000;1776618803,533267
Environment/Lesson Number/corridor_width;6450000;5,000000;1776618824,081011
Environment/Lesson Number/corridor_width;6480000;5,000000;1776618836,241317
Environment/Lesson Number/corridor_width;6510000;5,000000;1776618863,763242
Environment/Lesson Number/corridor_width;6540000;5,000000;1776618887,745387
Environment/Lesson Number/corridor_width;6570000;5,000000;1776618898,546327
Environment/Lesson Number/corridor_width;6600000;5,000000;1776618918,867353
Environment/Lesson Number/corridor_width;6630000;5,000000;1776618940,207078
Environment/Lesson Number/corridor_width;6660000;5,000000;1776618961,809522
Environment/Lesson Number/corridor_width;6690000;5,000000;1776618971,828582
Environment/Lesson Number/corridor_width;6720000;5,000000;1776618992,521776
Environment/Lesson Number/corridor_width;6750000;5,000000;1776619013,175900
Environment/Lesson Number/corridor_width;6780000;5,000000;1776619034,007603
Environment/Lesson Number/corridor_width;6810000;5,000000;1776619044,026067
Environment/Lesson Number/corridor_width;6840000;5,000000;1776619071,366323
Environment/Lesson Number/corridor_width;6870000;5,000000;1776619095,572866
Environment/Lesson Number/corridor_width;6900000;5,000000;1776619105,865133
Environment/Lesson Number/corridor_width;6930000;5,000000;1776619128,325223
Environment/Lesson Number/corridor_width;6960000;5,000000;1776619150,706136
Environment/Lesson Number/corridor_width;6990000;5,000000;1776619171,449450
Environment/Lesson Number/corridor_width;7020000;5,000000;1776619181,306479
Environment/Lesson Number/corridor_width;7050000;5,000000;1776619202,717089
Environment/Lesson Number/corridor_width;7080000;5,000000;1776619229,720135
Environment/Lesson Number/corridor_width;7110000;5,000000;1776619255,177837
Environment/Lesson Number/corridor_width;7140000;5,000000;1776619267,035560
Environment/Lesson Number/corridor_width;7170000;5,000000;1776619288,402354
Environment/Lesson Number/corridor_width;7200000;5,000000;1776619309,391062
Environment/Lesson Number/corridor_width;7230000;5,000000;1776619318,987399
Environment/Lesson Number/corridor_width;7260000;5,000000;1776619338,876532
Environment/Lesson Number/corridor_width;7290000;5,000000;1776619358,905995
Environment/Lesson Number/corridor_width;7320000;5,000000;1776619380,745285
Environment/Lesson Number/corridor_width;7350000;5,000000;1776619390,362562
Environment/Lesson Number/corridor_width;7380000;5,000000;1776619415,391090
Environment/Lesson Number/corridor_width;7410000;5,000000;1776619439,092706
Environment/Lesson Number/corridor_width;7440000;5,000000;1776619461,012038
Environment/Lesson Number/corridor_width;7470000;5,000000;1776619472,406819
Environment/Lesson Number/corridor_width;7500000;5,000000;1776619492,887600
Environment/Lesson Number/corridor_width;7530000;5,000000;1776619510,906060
Environment/Lesson Number/corridor_width;7560000;5,000000;1776619530,250280
Environment/Lesson Number/corridor_width;7590000;5,000000;1776619543,409051
Environment/Lesson Number/corridor_width;7620000;5,000000;1776619568,581137
Environment/Lesson Number/corridor_width;7650000;5,000000;1776619589,853456
Environment/Lesson Number/corridor_width;7680000;5,000000;1776619598,141202
Environment/Lesson Number/corridor_width;7710000;5,000000;1776619616,113408
Environment/Lesson Number/corridor_width;7740000;5,000000;1776619641,578761
Environment/Lesson Number/corridor_width;7770000;5,000000;1776619670,657659
Environment/Lesson Number/corridor_width;7800000;5,000000;1776619681,396387
Environment/Lesson Number/corridor_width;7830000;5,000000;1776619702,776888
Environment/Lesson Number/corridor_width;7860000;5,000000;1776619723,605123
Environment/Lesson Number/corridor_width;7890000;5,000000;1776619745,781463
Environment/Lesson Number/corridor_width;7920000;5,000000;1776619758,419722
Environment/Lesson Number/corridor_width;7950000;5,000000;1776619782,378458
Environment/Lesson Number/corridor_width;7980000;5,000000;1776619803,626426
Environment/Lesson Number/corridor_width;8010000;5,000000;1776619811,865393
Environment/Lesson Number/corridor_width;8040000;5,000000;1776619830,780561
Environment/Lesson Number/corridor_width;8070000;5,000000;1776619850,415798
Environment/Lesson Number/corridor_width;8100000;5,000000;1776619873,539623
Environment/Lesson Number/corridor_width;8130000;5,000000;1776619889,198898
Environment/Lesson Number/corridor_width;8160000;5,000000;1776619914,381280
Environment/Lesson Number/corridor_width;8190000;5,000000;1776619933,857338
Environment/Lesson Number/corridor_width;8220000;5,000000;1776619951,671444
Environment/Lesson Number/corridor_width;8250000;5,000000;1776619959,137114
Environment/Lesson Number/corridor_width;8280000;5,000000;1776619984,868826
Environment/Lesson Number/corridor_width;8310000;5,000000;1776620014,107875
Environment/Lesson Number/corridor_width;8340000;5,000000;1776620028,019794
Environment/Lesson Number/corridor_width;8370000;5,000000;1776620047,282210
Environment/Lesson Number/corridor_width;8400000;5,000000;1776620066,385185
Environment/Lesson Number/corridor_width;8430000;5,000000;1776620084,861367
Environment/Lesson Number/corridor_width;8460000;5,000000;1776620095,850321
Environment/Lesson Number/corridor_width;8490000;5,000000;1776620124,382967
Environment/Lesson Number/corridor_width;8520000;5,000000;1776620146,303774
Environment/Lesson Number/corridor_width;8550000;5,000000;1776620166,384308
Environment/Lesson Number/corridor_width;8580000;5,000000;1776620178,465868
Environment/Lesson Number/corridor_width;8610000;5,000000;1776620201,835887
Environment/Lesson Number/corridor_width;8640000;5,000000;1776620225,176909
Environment/Lesson Number/corridor_width;8670000;5,000000;1776620236,412344
Environment/Lesson Number/corridor_width;8700000;5,000000;1776620258,585643
Environment/Lesson Number/corridor_width;8730000;5,000000;1776620278,630776
Environment/Lesson Number/corridor_width;8760000;5,000000;1776620297,804398
Environment/Lesson Number/corridor_width;8790000;5,000000;1776620307,814236
Environment/Lesson Number/corridor_width;8820000;5,000000;1776620331,296213
Environment/Lesson Number/corridor_width;8850000;5,000000;1776620358,418988
Environment/Lesson Number/corridor_width;8880000;5,000000;1776620381,515880
Environment/Lesson Number/corridor_width;8910000;5,000000;1776620391,676407
Environment/Lesson Number/corridor_width;8940000;5,000000;1776620408,925505
Environment/Lesson Number/corridor_width;8970000;5,000000;1776620426,795028
Environment/Lesson Number/corridor_width;9000000;5,000000;1776620448,515432
Environment/Lesson Number/corridor_width;9030000;5,000000;1776620461,915787
Environment/Lesson Number/corridor_width;9060000;5,000000;1776620483,811770
Environment/Lesson Number/corridor_width;9090000;5,000000;1776620505,563092
Environment/Lesson Number/corridor_width;9120000;5,000000;1776620518,017501
Environment/Lesson Number/corridor_width;9150000;5,000000;1776620540,576086
Environment/Lesson Number/corridor_width;9180000;5,000000;1776620565,560919
Environment/Lesson Number/corridor_width;9210000;5,000000;1776620592,795993
Environment/Lesson Number/corridor_width;9240000;5,000000;1776620604,425759
Environment/Lesson Number/corridor_width;9270000;5,000000;1776620623,649464
Environment/Lesson Number/corridor_width;9300000;5,000000;1776620642,424685
Environment/Lesson Number/corridor_width;9330000;5,000000;1776620660,701705
Environment/Lesson Number/corridor_width;9360000;5,000000;1776620671,879993
Environment/Lesson Number/corridor_width;9390000;5,000000;1776620693,857773
Environment/Lesson Number/corridor_width;9420000;5,000000;1776620714,999442
Environment/Lesson Number/corridor_width;9450000;5,000000;1776620726,438624
Environment/Lesson Number/corridor_width;9480000;5,000000;1776620748,484968
Environment/Lesson Number/corridor_width;9510000;5,000000;1776620772,110444
Environment/Lesson Number/corridor_width;9540000;5,000000;1776620796,098817
Environment/Lesson Number/corridor_width;9570000;5,000000;1776620808,076447
Environment/Lesson Number/corridor_width;9600000;5,000000;1776620829,647618
Environment/Lesson Number/corridor_width;9630000;5,000000;1776620850,941495
Environment/Lesson Number/corridor_width;9660000;5,000000;1776620871,561221
Environment/Lesson Number/corridor_width;9690000;5,000000;1776620883,984967
Environment/Lesson Number/corridor_width;9720000;5,000000;1776620906,852374
Environment/Lesson Number/corridor_width;9750000;5,000000;1776620930,284539
Environment/Lesson Number/corridor_width;9780000;5,000000;1776620942,193312
Environment/Lesson Number/corridor_width;9810000;5,000000;1776620961,966213
Environment/Lesson Number/corridor_width;9840000;5,000000;1776620982,604862
Environment/Lesson Number/corridor_width;9870000;5,000000;1776621002,641463
Environment/Lesson Number/corridor_width;9900000;5,000000;1776621012,425161
Environment/Lesson Number/corridor_width;9930000;5,000000;1776621039,123910
Environment/Lesson Number/corridor_width;9960000;5,000000;1776621064,576155
Environment/Lesson Number/corridor_width;9990000;5,000000;1776621088,522344
Environment/Lesson Number/corridor_width;10020000;5,000000;1776621098,891525
Environment/Lesson Number/corridor_width;10050000;5,000000;1776621119,088762
Environment/Lesson Number/corridor_width;10080000;5,000000;1776621137,282521
Environment/Lesson Number/corridor_width;10110000;5,000000;1776621144,584755
Environment/Lesson Number/corridor_width;10140000;5,000000;1776621163,279622
Environment/Lesson Number/corridor_width;10170000;5,000000;1776621184,361798
Environment/Lesson Number/corridor_width;10200000;5,000000;1776621214,779896
Environment/Lesson Number/corridor_width;10230000;5,000000;1776621228,966166
Environment/Lesson Number/corridor_width;10260000;5,000000;1776621255,775887
Environment/Lesson Number/corridor_width;10290000;5,000000;1776621280,544288
Environment/Lesson Number/corridor_width;10320000;5,000000;1776621306,430998
Environment/Lesson Number/corridor_width;10350000;5,000000;1776621321,446522
Environment/Lesson Number/corridor_width;10380000;5,000000;1776621349,111008
Environment/Lesson Number/corridor_width;10410000;5,000000;1776621375,101140
Environment/Lesson Number/corridor_width;10440000;5,000000;1776621399,364834
Environment/Lesson Number/corridor_width;10470000;5,000000;1776621408,595282
Environment/Lesson Number/corridor_width;10500000;5,000000;1776621430,357259
Environment/Lesson Number/corridor_width;10530000;5,000000;1776621454,996131
Environment/Lesson Number/corridor_width;10560000;5,000000;1776621467,908581
Environment/Lesson Number/corridor_width;10590000;5,000000;1776621490,377549
Environment/Lesson Number/corridor_width;10620000;5,000000;1776621510,213226
Environment/Lesson Number/corridor_width;10650000;5,000000;1776621531,804568
Environment/Lesson Number/corridor_width;10680000;5,000000;1776621541,434520
Environment/Lesson Number/corridor_width;10710000;5,000000;1776621562,811660
Environment/Lesson Number/corridor_width;10740000;5,000000;1776621584,701678
Environment/Lesson Number/corridor_width;10770000;5,000000;1776621606,498091
Environment/Lesson Number/corridor_width;10800000;5,000000;1776621618,516299
Environment/Lesson Number/corridor_width;10830000;5,000000;1776621641,260033
Environment/Lesson Number/corridor_width;10860000;5,000000;1776621668,246728
Environment/Lesson Number/corridor_width;10890000;5,000000;1776621679,059319
Environment/Lesson Number/corridor_width;10920000;5,000000;1776621699,536535
Environment/Lesson Number/corridor_width;10950000;5,000000;1776621719,917225
Environment/Lesson Number/corridor_width;10980000;5,000000;1776621740,651430
Environment/Lesson Number/corridor_width;11010000;5,000000;1776621752,447164
Environment/Lesson Number/corridor_width;11040000;5,000000;1776621775,724209
Environment/Lesson Number/corridor_width;11070000;5,000000;1776621799,226135
Environment/Lesson Number/corridor_width;11100000;5,000000;1776621819,864702
Environment/Lesson Number/corridor_width;11130000;5,000000;1776621828,286833
Environment/Lesson Number/corridor_width;11160000;5,000000;1776621847,435315
Environment/Lesson Number/corridor_width;11190000;5,000000;1776621871,297544
Environment/Lesson Number/corridor_width;11220000;5,000000;1776621885,971514
Environment/Lesson Number/corridor_width;11250000;5,000000;1776621915,330090
Environment/Lesson Number/corridor_width;11280000;5,000000;1776621938,346548
Environment/Lesson Number/corridor_width;11310000;5,000000;1776621960,385081
Environment/Lesson Number/corridor_width;11340000;5,000000;1776621969,381908
Environment/Lesson Number/corridor_width;11370000;5,000000;1776621987,500797
Environment/Lesson Number/corridor_width;11400000;5,000000;1776622005,928375
Environment/Lesson Number/corridor_width;11430000;5,000000;1776622026,142716
Environment/Lesson Number/corridor_width;11460000;5,000000;1776622036,347802
Environment/Lesson Number/corridor_width;11490000;5,000000;1776622064,289516
Environment/Lesson Number/corridor_width;11520000;5,000000;1776622088,928823
Environment/Lesson Number/corridor_width;11550000;5,000000;1776622109,547376
Environment/Lesson Number/corridor_width;11580000;5,000000;1776622117,228385
Environment/Lesson Number/corridor_width;11610000;5,000000;1776622134,721011
Environment/Lesson Number/corridor_width;11640000;5,000000;1776622157,708343
Environment/Lesson Number/corridor_width;11670000;5,000000;1776622176,658725
Environment/Lesson Number/corridor_width;11700000;5,000000;1776622198,862926
Environment/Lesson Number/corridor_width;11730000;5,000000;1776622218,843748
Environment/Lesson Number/corridor_width;11760000;5,000000;1776622238,128865
Environment/Lesson Number/corridor_width;11790000;5,000000;1776622249,895995
Environment/Lesson Number/corridor_width;11820000;5,000000;1776622273,827214
Environment/Lesson Number/corridor_width;11850000;5,000000;1776622296,074395
Environment/Lesson Number/corridor_width;11880000;5,000000;1776622316,246675
Environment/Lesson Number/corridor_width;11910000;5,000000;1776622325,557341
Environment/Lesson Number/corridor_width;11940000;5,000000;1776622351,954320
Environment/Lesson Number/corridor_width;11970000;5,000000;1776622379,598847
Environment/Lesson Number/corridor_width;12000000;5,000000;1776622392,166237
Environment/Lesson Number/corridor_width;12030000;5,000000;1776622412,122091
Environment/Lesson Number/corridor_width;12060000;5,000000;1776622429,992597
Environment/Lesson Number/corridor_width;12090000;5,000000;1776622447,204451
Environment/Lesson Number/corridor_width;12120000;5,000000;1776622453,032449
Environment/Lesson Number/corridor_width;12150000;5,000000;1776622473,872924
Environment/Lesson Number/corridor_width;12180000;5,000000;1776622508,371742
Environment/Lesson Number/corridor_width;12210000;5,000000;1776622532,162245
Environment/Lesson Number/corridor_width;12240000;5,000000;1776622541,024742
Environment/Lesson Number/corridor_width;12270000;5,000000;1776622559,871604
Environment/Lesson Number/corridor_width;12300000;5,000000;1776622579,801307
Environment/Lesson Number/corridor_width;12330000;5,000000;1776622591,075071
Environment/Lesson Number/corridor_width;12360000;5,000000;1776622614,877583
Environment/Lesson Number/corridor_width;12390000;5,000000;1776622637,984045
Environment/Lesson Number/corridor_width;12420000;5,000000;1776622659,431681
Environment/Lesson Number/corridor_width;12450000;5,000000;1776622669,931772
Environment/Lesson Number/corridor_width;12480000;5,000000;1776622689,507154
Environment/Lesson Number/corridor_width;12510000;5,000000;1776622708,794857
Environment/Lesson Number/corridor_width;12540000;5,000000;1776622736,095670
Environment/Lesson Number/corridor_width;12570000;5,000000;1776622752,658288
Environment/Lesson Number/corridor_width;12600000;5,000000;1776622775,491185
Environment/Lesson Number/corridor_width;12630000;5,000000;1776622795,813663
Environment/Lesson Number/corridor_width;12660000;5,000000;1776622804,488034
Environment/Lesson Number/corridor_width;12690000;5,000000;1776622821,043720
Environment/Lesson Number/corridor_width;12720000;5,000000;1776622840,443095
Environment/Lesson Number/corridor_width;12750000;5,000000;1776622862,897204
Environment/Lesson Number/corridor_width;12780000;5,000000;1776622878,100112
Environment/Lesson Number/corridor_width;12810000;5,000000;1776622901,930781
Environment/Lesson Number/corridor_width;12840000;5,000000;1776622923,971380
Environment/Lesson Number/corridor_width;12870000;5,000000;1776622943,942225
Environment/Lesson Number/corridor_width;12900000;5,000000;1776622954,473453
Environment/Lesson Number/corridor_width;12930000;5,000000;1776622979,238699
Environment/Lesson Number/corridor_width;12960000;5,000000;1776623002,654810
Environment/Lesson Number/corridor_width;12990000;5,000000;1776623016,626004
Environment/Lesson Number/corridor_width;13020000;5,000000;1776623036,284346
Environment/Lesson Number/corridor_width;13050000;5,000000;1776623057,648617
Environment/Lesson Number/corridor_width;13080000;5,000000;1776623082,917346
Environment/Lesson Number/corridor_width;13110000;5,000000;1776623096,662932
Environment/Lesson Number/corridor_width;13140000;5,000000;1776623118,216630
Environment/Lesson Number/corridor_width;13170000;5,000000;1776623137,779530
Environment/Lesson Number/corridor_width;13200000;5,000000;1776623156,626312
Environment/Lesson Number/corridor_width;13230000;5,000000;1776623167,053491
Environment/Lesson Number/corridor_width;13260000;5,000000;1776623195,401928
Environment/Lesson Number/corridor_width;13290000;5,000000;1776623220,247204
Environment/Lesson Number/corridor_width;13320000;5,000000;1776623232,698275
Environment/Lesson Number/corridor_width;13350000;5,000000;1776623253,302776
Environment/Lesson Number/corridor_width;13380000;5,000000;1776623272,388886
Environment/Lesson Number/corridor_width;13410000;5,000000;1776623291,783842
Environment/Lesson Number/corridor_width;13440000;5,000000;1776623301,848100
Environment/Lesson Number/corridor_width;13470000;5,000000;1776623328,673435
Environment/Lesson Number/corridor_width;13500000;5,000000;1776623358,425427
Environment/Lesson Number/corridor_width;13530000;5,000000;1776623381,925830
Environment/Lesson Number/corridor_width;13560000;5,000000;1776623391,019770
Environment/Lesson Number/corridor_width;13590000;5,000000;1776623410,738693
Environment/Lesson Number/corridor_width;13620000;5,000000;1776623428,652300
Environment/Lesson Number/corridor_width;13650000;5,000000;1776623436,590258
Environment/Lesson Number/corridor_width;13680000;5,000000;1776623456,617388
Environment/Lesson Number/corridor_width;13710000;5,000000;1776623476,073971
Environment/Lesson Number/corridor_width;13740000;5,000000;1776623497,912097
Environment/Lesson Number/corridor_width;13770000;5,000000;1776623514,234371
Environment/Lesson Number/corridor_width;13800000;5,000000;1776623537,489612
Environment/Lesson Number/corridor_width;13830000;5,000000;1776623559,189588
Environment/Lesson Number/corridor_width;13860000;5,000000;1776623578,800400
Environment/Lesson Number/corridor_width;13890000;5,000000;1776623588,468474
Environment/Lesson Number/corridor_width;13920000;5,000000;1776623607,934210
Environment/Lesson Number/corridor_width;13950000;5,000000;1776623633,543801
Environment/Lesson Number/corridor_width;13980000;5,000000;1776623660,918967
Environment/Lesson Number/corridor_width;14010000;5,000000;1776623674,909988
Environment/Lesson Number/corridor_width;14040000;5,000000;1776623695,994956
Environment/Lesson Number/corridor_width;14070000;5,000000;1776623717,775562
Environment/Lesson Number/corridor_width;14100000;5,000000;1776623729,659894
Environment/Lesson Number/corridor_width;14130000;5,000000;1776623749,955782
Environment/Lesson Number/corridor_width;14160000;5,000000;1776623771,475936
Environment/Lesson Number/corridor_width;14190000;5,000000;1776623793,933999
Environment/Lesson Number/corridor_width;14220000;5,000000;1776623804,284609
Environment/Lesson Number/corridor_width;14250000;5,000000;1776623827,935316
Environment/Lesson Number/corridor_width;14280000;5,000000;1776623851,286313
Environment/Lesson Number/corridor_width;14310000;5,000000;1776623872,481301
Environment/Lesson Number/corridor_width;14340000;5,000000;1776623884,048968
Environment/Lesson Number/corridor_width;14370000;5,000000;1776623905,846754
Environment/Lesson Number/corridor_width;14400000;5,000000;1776623925,414569
Environment/Lesson Number/corridor_width;14430000;5,000000;1776623934,314221
Environment/Lesson Number/corridor_width;14460000;5,000000;1776623956,668927
Environment/Lesson Number/corridor_width;14490000;5,000000;1776623978,047235
Environment/Lesson Number/corridor_width;14520000;5,000000;1776623999,184885
Environment/Lesson Number/corridor_width;14550000;5,000000;1776624014,140583
Environment/Lesson Number/corridor_width;14580000;5,000000;1776624039,884361
Environment/Lesson Number/corridor_width;14610000;5,000000;1776624062,831041
Environment/Lesson Number/corridor_width;14640000;5,000000;1776624084,465336
Environment/Lesson Number/corridor_width;14670000;5,000000;1776624095,936613
Environment/Lesson Number/corridor_width;14700000;5,000000;1776624118,581932
Environment/Lesson Number/corridor_width;14730000;5,000000;1776624139,276784
Environment/Lesson Number/corridor_width;14760000;5,000000;1776624147,488228
Environment/Lesson Number/corridor_width;14790000;5,000000;1776624171,366651
Environment/Lesson Number/corridor_width;14820000;5,000000;1776624194,193485
Environment/Lesson Number/corridor_width;14850000;5,000000;1776624216,909652
Environment/Lesson Number/corridor_width;14880000;5,000000;1776624228,097923
Environment/Lesson Number/corridor_width;14910000;5,000000;1776624250,599696
Environment/Lesson Number/corridor_width;14940000;5,000000;1776624268,482912
Environment/Lesson Number/corridor_width;14970000;5,000000;1776624289,563036
Environment/Lesson Number/corridor_width;15000000;5,000000;1776624306,497016
Environment/Lesson Number/corridor_width;15030000;5,000000;1776624333,069361
Environment/Lesson Number/corridor_width;15060000;5,000000;1776624354,619295
Environment/Lesson Number/corridor_width;15090000;5,000000;1776624373,790811
Environment/Lesson Number/corridor_width;15120000;5,000000;1776624381,445737
Environment/Lesson Number/corridor_width;15150000;5,000000;1776624399,225755
Environment/Lesson Number/corridor_width;15180000;5,000000;1776624418,772700
Environment/Lesson Number/corridor_width;15210000;5,000000;1776624436,045196
Environment/Lesson Number/corridor_width;15240000;5,000000;1776624463,459282
Environment/Lesson Number/corridor_width;15270000;5,000000;1776624485,293581
Environment/Lesson Number/corridor_width;15300000;5,000000;1776624505,618397
Environment/Lesson Number/corridor_width;15330000;5,000000;1776624514,471523
Environment/Lesson Number/corridor_width;15360000;5,000000;1776624537,272212
Environment/Lesson Number/corridor_width;15390000;5,000000;1776624561,317875
Environment/Lesson Number/corridor_width;15420000;5,000000;1776624584,102282
Environment/Lesson Number/corridor_width;15450000;5,000000;1776624598,556546
Environment/Lesson Number/corridor_width;15480000;5,000000;1776624618,821991
Environment/Lesson Number/corridor_width;15510000;5,000000;1776624637,586957
Environment/Lesson Number/corridor_width;15540000;5,000000;1776624645,353857
Environment/Lesson Number/corridor_width;15570000;5,000000;1776624666,942998
Environment/Lesson Number/corridor_width;15600000;5,000000;1776624695,247391
Environment/Lesson Number/corridor_width;15630000;5,000000;1776624716,933794
Environment/Lesson Number/corridor_width;15660000;5,000000;1776624725,369598
Environment/Lesson Number/corridor_width;15690000;5,000000;1776624744,128840
Environment/Lesson Number/corridor_width;15720000;5,000000;1776624767,111921
Environment/Lesson Number/corridor_width;15750000;5,000000;1776624796,902116
Environment/Lesson Number/corridor_width;15780000;5,000000;1776624808,204783
Environment/Lesson Number/corridor_width;15810000;5,000000;1776624827,750517
Environment/Lesson Number/corridor_width;15840000;5,000000;1776624848,051404
Environment/Lesson Number/corridor_width;15870000;5,000000;1776624857,972569
Environment/Lesson Number/corridor_width;15900000;5,000000;1776624880,949327
Environment/Lesson Number/corridor_width;15930000;5,000000;1776624906,649067
Environment/Lesson Number/corridor_width;15960000;5,000000;1776624928,773238
Environment/Lesson Number/corridor_width;15990000;5,000000;1776624938,606752
Environment/Lesson Number/corridor_width;16020000;5,000000;1776624958,869774
Environment/Lesson Number/corridor_width;16050000;5,000000;1776624979,116737
Environment/Lesson Number/corridor_width;16080000;5,000000;1776625002,263379
Environment/Lesson Number/corridor_width;16110000;5,000000;1776625019,905274
Environment/Lesson Number/corridor_width;16140000;5,000000;1776625044,385919
Environment/Lesson Number/corridor_width;16170000;5,000000;1776625066,293561
Environment/Lesson Number/corridor_width;16200000;5,000000;1776625085,432608
Environment/Lesson Number/corridor_width;16230000;5,000000;1776625093,101933
Environment/Lesson Number/corridor_width;16260000;5,000000;1776625110,577809
Environment/Lesson Number/corridor_width;16290000;5,000000;1776625131,634818
Environment/Lesson Number/corridor_width;16320000;5,000000;1776625150,219424
Environment/Lesson Number/corridor_width;16350000;5,000000;1776625173,870976
Environment/Lesson Number/corridor_width;16380000;5,000000;1776625195,701026
Environment/Lesson Number/corridor_width;16410000;5,000000;1776625217,527269
Environment/Lesson Number/corridor_width;16440000;5,000000;1776625230,874228
Environment/Lesson Number/corridor_width;16470000;5,000000;1776625253,522764
Environment/Lesson Number/corridor_width;16500000;5,000000;1776625277,139911
Environment/Lesson Number/corridor_width;16530000;5,000000;1776625296,442970
Environment/Lesson Number/corridor_width;16560000;5,000000;1776625304,664292
Environment/Lesson Number/corridor_width;16590000;5,000000;1776625322,441639
Environment/Lesson Number/corridor_width;16620000;5,000000;1776625343,052660
Environment/Lesson Number/corridor_width;16650000;5,000000;1776625362,789679
Environment/Lesson Number/corridor_width;16680000;5,000000;1776625385,989993
Environment/Lesson Number/corridor_width;16710000;5,000000;1776625408,539712
Environment/Lesson Number/corridor_width;16740000;5,000000;1776625429,485435
Environment/Lesson Number/corridor_width;16770000;5,000000;1776625439,275455
Environment/Lesson Number/corridor_width;16800000;5,000000;1776625459,174779
Environment/Lesson Number/corridor_width;16830000;5,000000;1776625481,249913
Environment/Lesson Number/corridor_width;16860000;5,000000;1776625503,796059
Environment/Lesson Number/corridor_width;16890000;5,000000;1776625515,174532
Environment/Lesson Number/corridor_width;16920000;5,000000;1776625537,459004
Environment/Lesson Number/corridor_width;16950000;5,000000;1776625560,783087
Environment/Lesson Number/corridor_width;16980000;5,000000;1776625576,568957
Environment/Lesson Number/corridor_width;17010000;5,000000;1776625597,273744
Environment/Lesson Number/corridor_width;17040000;5,000000;1776625617,176908
Environment/Lesson Number/corridor_width;17070000;5,000000;1776625637,164775
Environment/Lesson Number/corridor_width;17100000;5,000000;1776625648,198497
Environment/Lesson Number/corridor_width;17130000;5,000000;1776625672,427989
Environment/Lesson Number/corridor_width;17160000;5,000000;1776625696,927260
Environment/Lesson Number/corridor_width;17190000;5,000000;1776625721,710079
Environment/Lesson Number/corridor_width;17220000;5,000000;1776625731,611705
Environment/Lesson Number/corridor_width;17250000;5,000000;1776625753,416097
Environment/Lesson Number/corridor_width;17280000;5,000000;1776625775,170982
Environment/Lesson Number/corridor_width;17310000;5,000000;1776625795,301937
Environment/Lesson Number/corridor_width;17340000;5,000000;1776625805,594506
Environment/Lesson Number/corridor_width;17370000;5,000000;1776625823,117859
Environment/Lesson Number/corridor_width;17400000;5,000000;1776625846,310240
Environment/Lesson Number/corridor_width;17430000;5,000000;1776625860,987022
Environment/Lesson Number/corridor_width;17460000;5,000000;1776625885,037293
Environment/Lesson Number/corridor_width;17490000;5,000000;1776625905,497903
Environment/Lesson Number/corridor_width;17520000;5,000000;1776625926,209515
Environment/Lesson Number/corridor_width;17550000;5,000000;1776625939,643519
Environment/Lesson Number/corridor_width;17580000;5,000000;1776625966,032306
Environment/Lesson Number/corridor_width;17610000;5,000000;1776625990,453704
Environment/Lesson Number/corridor_width;17640000;5,000000;1776626013,542529
Environment/Lesson Number/corridor_width;17670000;5,000000;1776626024,371082
Environment/Lesson Number/corridor_width;17700000;5,000000;1776626042,435054
Environment/Lesson Number/corridor_width;17730000;5,000000;1776626060,108916
Environment/Lesson Number/corridor_width;17760000;5,000000;1776626068,076344
Environment/Lesson Number/corridor_width;17790000;5,000000;1776626088,691949
Environment/Lesson Number/corridor_width;17820000;5,000000;1776626117,517479
Environment/Lesson Number/corridor_width;17850000;5,000000;1776626139,906765
Environment/Lesson Number/corridor_width;17880000;5,000000;1776626152,283934
Environment/Lesson Number/corridor_width;17910000;5,000000;1776626173,052616
Environment/Lesson Number/corridor_width;17940000;5,000000;1776626191,214933
Environment/Lesson Number/corridor_width;17970000;5,000000;1776626211,421346
Environment/Lesson Number/corridor_width;18000000;5,000000;1776626226,779872
Environment/Lesson Number/corridor_width;18030000;5,000000;1776626252,005251
Environment/Lesson Number/corridor_width;18060000;5,000000;1776626274,419933
Environment/Lesson Number/corridor_width;18090000;5,000000;1776626285,849909
Environment/Lesson Number/corridor_width;18120000;5,000000;1776626306,665278
Environment/Lesson Number/corridor_width;18150000;5,000000;1776626328,986616
Environment/Lesson Number/corridor_width;18180000;5,000000;1776626350,089618
Environment/Lesson Number/corridor_width;18210000;5,000000;1776626362,783630
Environment/Lesson Number/corridor_width;18240000;5,000000;1776626384,947780
Environment/Lesson Number/corridor_width;18270000;5,000000;1776626405,163496
Environment/Lesson Number/corridor_width;18300000;5,000000;1776626425,384262
Environment/Lesson Number/corridor_width;18330000;5,000000;1776626434,999463
Environment/Lesson Number/corridor_width;18360000;5,000000;1776626461,118461
Environment/Lesson Number/corridor_width;18390000;5,000000;1776626488,155618
Environment/Lesson Number/corridor_width;18420000;5,000000;1776626498,389303
Environment/Lesson Number/corridor_width;18450000;5,000000;1776626519,735219
Environment/Lesson Number/corridor_width;18480000;5,000000;1776626540,588518
Environment/Lesson Number/corridor_width;18510000;5,000000;1776626559,936147
Environment/Lesson Number/corridor_width;18540000;5,000000;1776626568,818549
Environment/Lesson Number/corridor_width;18570000;5,000000;1776626590,633051
Environment/Lesson Number/corridor_width;18600000;5,000000;1776626615,876245
Environment/Lesson Number/corridor_width;18630000;5,000000;1776626642,861577
Environment/Lesson Number/corridor_width;18660000;5,000000;1776626652,881430
Environment/Lesson Number/corridor_width;18690000;5,000000;1776626671,965356
Environment/Lesson Number/corridor_width;18720000;5,000000;1776626691,842652
Environment/Lesson Number/corridor_width;18750000;5,000000;1776626713,762068
Environment/Lesson Number/corridor_width;18780000;5,000000;1776626729,779263
Environment/Lesson Number/corridor_width;18810000;5,000000;1776626757,680657
Environment/Lesson Number/corridor_width;18840000;5,000000;1776626778,562669
Environment/Lesson Number/corridor_width;18870000;5,000000;1776626786,704601
Environment/Lesson Number/corridor_width;18900000;5,000000;1776626805,220435
Environment/Lesson Number/corridor_width;18930000;5,000000;1776626824,024338
Environment/Lesson Number/corridor_width;18960000;5,000000;1776626847,274960
Environment/Lesson Number/corridor_width;18990000;5,000000;1776626862,300203
Environment/Lesson Number/corridor_width;19020000;5,000000;1776626886,112322
Environment/Lesson Number/corridor_width;19050000;5,000000;1776626906,453256
Environment/Lesson Number/corridor_width;19080000;5,000000;1776626925,705741
Environment/Lesson Number/corridor_width;19110000;5,000000;1776626932,950404
Environment/Lesson Number/corridor_width;19140000;5,000000;1776626954,625402
Environment/Lesson Number/corridor_width;19170000;5,000000;1776626991,237084
Environment/Lesson Number/corridor_width;19200000;5,000000;1776627005,210060
Environment/Lesson Number/corridor_width;19230000;5,000000;1776627025,014670
Environment/Lesson Number/corridor_width;19260000;5,000000;1776627044,854766
Environment/Lesson Number/corridor_width;19290000;5,000000;1776627063,077358
Environment/Lesson Number/corridor_width;19320000;5,000000;1776627074,839861
Environment/Lesson Number/corridor_width;19350000;5,000000;1776627099,286009
Environment/Lesson Number/corridor_width;19380000;5,000000;1776627122,093063
Environment/Lesson Number/corridor_width;19410000;5,000000;1776627142,870934
Environment/Lesson Number/corridor_width;19440000;5,000000;1776627151,518248
Environment/Lesson Number/corridor_width;19470000;5,000000;1776627172,081806
Environment/Lesson Number/corridor_width;19500000;5,000000;1776627196,088751
Environment/Lesson Number/corridor_width;19530000;5,000000;1776627207,628398
Environment/Lesson Number/corridor_width;19560000;5,000000;1776627230,665138
Environment/Lesson Number/corridor_width;19590000;5,000000;1776627253,144719
Environment/Lesson Number/corridor_width;19620000;5,000000;1776627274,410076
Environment/Lesson Number/corridor_width;19650000;5,000000;1776627289,629864
Environment/Lesson Number/corridor_width;19680000;5,000000;1776627313,538428
Environment/Lesson Number/corridor_width;19710000;5,000000;1776627336,168247
Environment/Lesson Number/corridor_width;19740000;5,000000;1776627357,287072
Environment/Lesson Number/corridor_width;19770000;5,000000;1776627364,712178
Environment/Lesson Number/corridor_width;19800000;5,000000;1776627382,763634
Environment/Lesson Number/corridor_width;19830000;5,000000;1776627401,513847
Environment/Lesson Number/corridor_width;19860000;5,000000;1776627424,927610
Environment/Lesson Number/corridor_width;19890000;5,000000;1776627440,940520
Environment/Lesson Number/corridor_width;19920000;5,000000;1776627463,022520
Environment/Lesson Number/corridor_width;19950000;5,000000;1776627484,407379
Environment/Lesson Number/corridor_width;19980000;5,000000;1776627495,180396
Environment/Lesson Number/num_agents;30000;0,000000;1776614612,180757
Environment/Lesson Number/num_agents;60000;0,000000;1776614647,571288
Environment/Lesson Number/num_agents;90000;0,000000;1776614680,678743
Environment/Lesson Number/num_agents;120000;1,000000;1776614705,045563
Environment/Lesson Number/num_agents;150000;1,000000;1776614738,544783
Environment/Lesson Number/num_agents;180000;2,000000;1776614768,583852
Environment/Lesson Number/num_agents;210000;2,000000;1776614786,084984
Environment/Lesson Number/num_agents;240000;2,000000;1776614799,331867
Environment/Lesson Number/num_agents;270000;2,000000;1776614822,100480
Environment/Lesson Number/num_agents;300000;3,000000;1776614850,456650
Environment/Lesson Number/num_agents;330000;3,000000;1776614872,561113
Environment/Lesson Number/num_agents;360000;3,000000;1776614880,195182
Environment/Lesson Number/num_agents;390000;4,000000;1776614900,411004
Environment/Lesson Number/num_agents;420000;4,000000;1776614947,513212
Environment/Lesson Number/num_agents;450000;4,000000;1776614964,215092
Environment/Lesson Number/num_agents;480000;4,000000;1776614989,409135
Environment/Lesson Number/num_agents;510000;4,000000;1776615013,366295
Environment/Lesson Number/num_agents;540000;5,000000;1776615032,592023
Environment/Lesson Number/num_agents;570000;5,000000;1776615039,250212
Environment/Lesson Number/num_agents;600000;5,000000;1776615055,314708
Environment/Lesson Number/num_agents;630000;5,000000;1776615073,216969
Environment/Lesson Number/num_agents;660000;5,000000;1776615077,360008
Environment/Lesson Number/num_agents;690000;5,000000;1776615094,859436
Environment/Lesson Number/num_agents;720000;5,000000;1776615117,132722
Environment/Lesson Number/num_agents;750000;5,000000;1776615134,675287
Environment/Lesson Number/num_agents;780000;5,000000;1776615159,735324
Environment/Lesson Number/num_agents;810000;5,000000;1776615179,526853
Environment/Lesson Number/num_agents;840000;5,000000;1776615195,945147
Environment/Lesson Number/num_agents;870000;5,000000;1776615210,959943
Environment/Lesson Number/num_agents;900000;5,000000;1776615233,928620
Environment/Lesson Number/num_agents;930000;5,000000;1776615254,639075
Environment/Lesson Number/num_agents;960000;5,000000;1776615258,656848
Environment/Lesson Number/num_agents;990000;5,000000;1776615281,167014
Environment/Lesson Number/num_agents;1020000;5,000000;1776615304,152713
Environment/Lesson Number/num_agents;1050000;5,000000;1776615325,307501
Environment/Lesson Number/num_agents;1080000;5,000000;1776615334,887805
Environment/Lesson Number/num_agents;1110000;5,000000;1776615359,509914
Environment/Lesson Number/num_agents;1140000;5,000000;1776615380,761047
Environment/Lesson Number/num_agents;1170000;5,000000;1776615393,304745
Environment/Lesson Number/num_agents;1200000;5,000000;1776615416,915823
Environment/Lesson Number/num_agents;1230000;5,000000;1776615436,328897
Environment/Lesson Number/num_agents;1260000;5,000000;1776615456,729733
Environment/Lesson Number/num_agents;1290000;5,000000;1776615460,619529
Environment/Lesson Number/num_agents;1320000;5,000000;1776615482,642487
Environment/Lesson Number/num_agents;1350000;5,000000;1776615505,675201
Environment/Lesson Number/num_agents;1380000;5,000000;1776615512,203305
Environment/Lesson Number/num_agents;1410000;5,000000;1776615543,851985
Environment/Lesson Number/num_agents;1440000;5,000000;1776615572,812543
Environment/Lesson Number/num_agents;1470000;5,000000;1776615594,722230
Environment/Lesson Number/num_agents;1500000;5,000000;1776615603,041910
Environment/Lesson Number/num_agents;1530000;5,000000;1776615621,535463
Environment/Lesson Number/num_agents;1560000;5,000000;1776615638,785372
Environment/Lesson Number/num_agents;1590000;5,000000;1776615660,896782
Environment/Lesson Number/num_agents;1620000;5,000000;1776615670,220567
Environment/Lesson Number/num_agents;1650000;5,000000;1776615690,375475
Environment/Lesson Number/num_agents;1680000;5,000000;1776615718,098728
Environment/Lesson Number/num_agents;1710000;5,000000;1776615728,953285
Environment/Lesson Number/num_agents;1740000;5,000000;1776615754,152458
Environment/Lesson Number/num_agents;1770000;5,000000;1776615778,089669
Environment/Lesson Number/num_agents;1800000;5,000000;1776615789,731795
Environment/Lesson Number/num_agents;1830000;5,000000;1776615809,535218
Environment/Lesson Number/num_agents;1860000;5,000000;1776615828,412231
Environment/Lesson Number/num_agents;1890000;5,000000;1776615856,461053
Environment/Lesson Number/num_agents;1920000;5,000000;1776615870,188823
Environment/Lesson Number/num_agents;1950000;5,000000;1776615902,764684
Environment/Lesson Number/num_agents;1980000;5,000000;1776615925,931509
Environment/Lesson Number/num_agents;2010000;5,000000;1776615946,287341
Environment/Lesson Number/num_agents;2040000;5,000000;1776615954,818403
Environment/Lesson Number/num_agents;2070000;5,000000;1776615973,192905
Environment/Lesson Number/num_agents;2100000;5,000000;1776615994,307361
Environment/Lesson Number/num_agents;2130000;5,000000;1776616004,557613
Environment/Lesson Number/num_agents;2160000;5,000000;1776616021,711414
Environment/Lesson Number/num_agents;2190000;5,000000;1776616043,928528
Environment/Lesson Number/num_agents;2220000;5,000000;1776616068,661091
Environment/Lesson Number/num_agents;2250000;5,000000;1776616083,008174
Environment/Lesson Number/num_agents;2280000;5,000000;1776616112,064814
Environment/Lesson Number/num_agents;2310000;5,000000;1776616139,612637
Environment/Lesson Number/num_agents;2340000;5,000000;1776616163,546139
Environment/Lesson Number/num_agents;2370000;5,000000;1776616172,802988
Environment/Lesson Number/num_agents;2400000;5,000000;1776616195,046267
Environment/Lesson Number/num_agents;2430000;5,000000;1776616222,882078
Environment/Lesson Number/num_agents;2460000;5,000000;1776616253,303777
Environment/Lesson Number/num_agents;2490000;5,000000;1776616268,683055
Environment/Lesson Number/num_agents;2520000;5,000000;1776616296,250911
Environment/Lesson Number/num_agents;2550000;5,000000;1776616322,586401
Environment/Lesson Number/num_agents;2580000;5,000000;1776616334,237393
Environment/Lesson Number/num_agents;2610000;5,000000;1776616358,046403
Environment/Lesson Number/num_agents;2640000;5,000000;1776616381,212739
Environment/Lesson Number/num_agents;2670000;5,000000;1776616403,751096
Environment/Lesson Number/num_agents;2700000;5,000000;1776616411,888366
Environment/Lesson Number/num_agents;2730000;5,000000;1776616432,955515
Environment/Lesson Number/num_agents;2760000;5,000000;1776616455,930770
Environment/Lesson Number/num_agents;2790000;5,000000;1776616480,558903
Environment/Lesson Number/num_agents;2820000;5,000000;1776616490,792560
Environment/Lesson Number/num_agents;2850000;5,000000;1776616511,203743
Environment/Lesson Number/num_agents;2880000;5,000000;1776616530,514365
Environment/Lesson Number/num_agents;2910000;5,000000;1776616540,585787
Environment/Lesson Number/num_agents;2940000;5,000000;1776616561,121491
Environment/Lesson Number/num_agents;2970000;5,000000;1776616583,555356
Environment/Lesson Number/num_agents;3000000;5,000000;1776616607,257130
Environment/Lesson Number/num_agents;3030000;5,000000;1776616618,751976
Environment/Lesson Number/num_agents;3060000;5,000000;1776616641,404854
Environment/Lesson Number/num_agents;3090000;5,000000;1776616665,071562
Environment/Lesson Number/num_agents;3120000;5,000000;1776616690,926955
Environment/Lesson Number/num_agents;3150000;5,000000;1776616704,079216
Environment/Lesson Number/num_agents;3180000;5,000000;1776616728,924941
Environment/Lesson Number/num_agents;3210000;5,000000;1776616753,154136
Environment/Lesson Number/num_agents;3240000;5,000000;1776616763,376430
Environment/Lesson Number/num_agents;3270000;5,000000;1776616793,759471
Environment/Lesson Number/num_agents;3300000;5,000000;1776616822,499527
Environment/Lesson Number/num_agents;3330000;5,000000;1776616848,527158
Environment/Lesson Number/num_agents;3360000;5,000000;1776616857,956725
Environment/Lesson Number/num_agents;3390000;5,000000;1776616878,975071
Environment/Lesson Number/num_agents;3420000;5,000000;1776616900,329713
Environment/Lesson Number/num_agents;3450000;5,000000;1776616926,015838
Environment/Lesson Number/num_agents;3480000;5,000000;1776616934,654081
Environment/Lesson Number/num_agents;3510000;5,000000;1776616965,666065
Environment/Lesson Number/num_agents;3540000;5,000000;1776616990,040128
Environment/Lesson Number/num_agents;3570000;5,000000;1776617003,537699
Environment/Lesson Number/num_agents;3600000;5,000000;1776617024,289568
Environment/Lesson Number/num_agents;3630000;5,000000;1776617043,283000
Environment/Lesson Number/num_agents;3660000;5,000000;1776617061,366911
Environment/Lesson Number/num_agents;3690000;5,000000;1776617069,794221
Environment/Lesson Number/num_agents;3720000;5,000000;1776617089,639880
Environment/Lesson Number/num_agents;3750000;5,000000;1776617110,635201
Environment/Lesson Number/num_agents;3780000;5,000000;1776617134,028367
Environment/Lesson Number/num_agents;3810000;5,000000;1776617148,353531
Environment/Lesson Number/num_agents;3840000;5,000000;1776617170,910486
Environment/Lesson Number/num_agents;3870000;5,000000;1776617195,548565
Environment/Lesson Number/num_agents;3900000;5,000000;1776617218,551520
Environment/Lesson Number/num_agents;3930000;5,000000;1776617228,557573
Environment/Lesson Number/num_agents;3960000;5,000000;1776617248,407774
Environment/Lesson Number/num_agents;3990000;5,000000;1776617267,826572
Environment/Lesson Number/num_agents;4020000;5,000000;1776617279,881730
Environment/Lesson Number/num_agents;4050000;5,000000;1776617301,424749
Environment/Lesson Number/num_agents;4080000;5,000000;1776617325,507767
Environment/Lesson Number/num_agents;4110000;5,000000;1776617347,391887
Environment/Lesson Number/num_agents;4140000;5,000000;1776617358,546328
Environment/Lesson Number/num_agents;4170000;5,000000;1776617379,088441
Environment/Lesson Number/num_agents;4200000;5,000000;1776617401,291835
Environment/Lesson Number/num_agents;4230000;5,000000;1776617421,479201
Environment/Lesson Number/num_agents;4260000;5,000000;1776617432,845611
Environment/Lesson Number/num_agents;4290000;5,000000;1776617455,230040
Environment/Lesson Number/num_agents;4320000;5,000000;1776617478,645546
Environment/Lesson Number/num_agents;4350000;5,000000;1776617488,160456
Environment/Lesson Number/num_agents;4380000;5,000000;1776617509,211738
Environment/Lesson Number/num_agents;4410000;5,000000;1776617528,953323
Environment/Lesson Number/num_agents;4440000;5,000000;1776617548,736881
Environment/Lesson Number/num_agents;4470000;5,000000;1776617560,149558
Environment/Lesson Number/num_agents;4500000;5,000000;1776617582,257613
Environment/Lesson Number/num_agents;4530000;5,000000;1776617607,382681
Environment/Lesson Number/num_agents;4560000;5,000000;1776617635,060828
Environment/Lesson Number/num_agents;4590000;5,000000;1776617647,749655
Environment/Lesson Number/num_agents;4620000;5,000000;1776617670,198557
Environment/Lesson Number/num_agents;4650000;5,000000;1776617690,236703
Environment/Lesson Number/num_agents;4680000;5,000000;1776617698,696247
Environment/Lesson Number/num_agents;4710000;5,000000;1776617719,213379
Environment/Lesson Number/num_agents;4740000;5,000000;1776617739,046145
Environment/Lesson Number/num_agents;4770000;5,000000;1776617761,044388
Environment/Lesson Number/num_agents;4800000;5,000000;1776617772,740805
Environment/Lesson Number/num_agents;4830000;5,000000;1776617794,059981
Environment/Lesson Number/num_agents;4860000;5,000000;1776617815,415300
Environment/Lesson Number/num_agents;4890000;5,000000;1776617836,899453
Environment/Lesson Number/num_agents;4920000;5,000000;1776617849,286197
Environment/Lesson Number/num_agents;4950000;5,000000;1776617873,672293
Environment/Lesson Number/num_agents;4980000;5,000000;1776617895,955735
Environment/Lesson Number/num_agents;5010000;5,000000;1776617917,669235
Environment/Lesson Number/num_agents;5040000;5,000000;1776617928,378477
Environment/Lesson Number/num_agents;5070000;5,000000;1776617949,409451
Environment/Lesson Number/num_agents;5100000;5,000000;1776617972,551023
Environment/Lesson Number/num_agents;5130000;5,000000;1776617983,402358
Environment/Lesson Number/num_agents;5160000;5,000000;1776618003,145320
Environment/Lesson Number/num_agents;5190000;5,000000;1776618022,781829
Environment/Lesson Number/num_agents;5220000;5,000000;1776618043,012960
Environment/Lesson Number/num_agents;5250000;5,000000;1776618055,568784
Environment/Lesson Number/num_agents;5280000;5,000000;1776618084,073623
Environment/Lesson Number/num_agents;5310000;5,000000;1776618105,989489
Environment/Lesson Number/num_agents;5340000;5,000000;1776618126,423629
Environment/Lesson Number/num_agents;5370000;5,000000;1776618136,901430
Environment/Lesson Number/num_agents;5400000;5,000000;1776618157,757297
Environment/Lesson Number/num_agents;5430000;5,000000;1776618181,555965
Environment/Lesson Number/num_agents;5460000;5,000000;1776618194,289412
Environment/Lesson Number/num_agents;5490000;5,000000;1776618216,862149
Environment/Lesson Number/num_agents;5520000;5,000000;1776618239,568856
Environment/Lesson Number/num_agents;5550000;5,000000;1776618258,911428
Environment/Lesson Number/num_agents;5580000;5,000000;1776618269,612631
Environment/Lesson Number/num_agents;5610000;5,000000;1776618297,852134
Environment/Lesson Number/num_agents;5640000;5,000000;1776618321,723745
Environment/Lesson Number/num_agents;5670000;5,000000;1776618341,991177
Environment/Lesson Number/num_agents;5700000;5,000000;1776618350,616758
Environment/Lesson Number/num_agents;5730000;5,000000;1776618368,459933
Environment/Lesson Number/num_agents;5760000;5,000000;1776618387,355690
Environment/Lesson Number/num_agents;5790000;5,000000;1776618400,685842
Environment/Lesson Number/num_agents;5820000;5,000000;1776618423,793642
Environment/Lesson Number/num_agents;5850000;5,000000;1776618445,815272
Environment/Lesson Number/num_agents;5880000;5,000000;1776618467,757016
Environment/Lesson Number/num_agents;5910000;5,000000;1776618482,296059
Environment/Lesson Number/num_agents;5940000;5,000000;1776618507,415488
Environment/Lesson Number/num_agents;5970000;5,000000;1776618529,773127
Environment/Lesson Number/num_agents;6000000;5,000000;1776618552,742451
Environment/Lesson Number/num_agents;6030000;5,000000;1776618562,987205
Environment/Lesson Number/num_agents;6060000;5,000000;1776618582,644917
Environment/Lesson Number/num_agents;6090000;5,000000;1776618600,916543
Environment/Lesson Number/num_agents;6120000;5,000000;1776618619,735542
Environment/Lesson Number/num_agents;6150000;5,000000;1776618630,292845
Environment/Lesson Number/num_agents;6180000;5,000000;1776618652,023684
Environment/Lesson Number/num_agents;6210000;5,000000;1776618673,607345
Environment/Lesson Number/num_agents;6240000;5,000000;1776618688,196882
Environment/Lesson Number/num_agents;6270000;5,000000;1776618711,489279
Environment/Lesson Number/num_agents;6300000;5,000000;1776618733,329215
Environment/Lesson Number/num_agents;6330000;5,000000;1776618754,852979
Environment/Lesson Number/num_agents;6360000;5,000000;1776618763,833610
Environment/Lesson Number/num_agents;6390000;5,000000;1776618784,167299
Environment/Lesson Number/num_agents;6420000;5,000000;1776618803,533267
Environment/Lesson Number/num_agents;6450000;5,000000;1776618824,080499
Environment/Lesson Number/num_agents;6480000;5,000000;1776618836,241317
Environment/Lesson Number/num_agents;6510000;5,000000;1776618863,763242
Environment/Lesson Number/num_agents;6540000;5,000000;1776618887,745387
Environment/Lesson Number/num_agents;6570000;5,000000;1776618898,546327
Environment/Lesson Number/num_agents;6600000;5,000000;1776618918,866353
Environment/Lesson Number/num_agents;6630000;5,000000;1776618940,205571
Environment/Lesson Number/num_agents;6660000;5,000000;1776618961,808518
Environment/Lesson Number/num_agents;6690000;5,000000;1776618971,828079
Environment/Lesson Number/num_agents;6720000;5,000000;1776618992,521776
Environment/Lesson Number/num_agents;6750000;5,000000;1776619013,175900
Environment/Lesson Number/num_agents;6780000;5,000000;1776619034,007603
Environment/Lesson Number/num_agents;6810000;5,000000;1776619044,026067
Environment/Lesson Number/num_agents;6840000;5,000000;1776619071,365319
Environment/Lesson Number/num_agents;6870000;5,000000;1776619095,572866
Environment/Lesson Number/num_agents;6900000;5,000000;1776619105,865133
Environment/Lesson Number/num_agents;6930000;5,000000;1776619128,325223
Environment/Lesson Number/num_agents;6960000;5,000000;1776619150,706136
Environment/Lesson Number/num_agents;6990000;5,000000;1776619171,448941
Environment/Lesson Number/num_agents;7020000;5,000000;1776619181,305954
Environment/Lesson Number/num_agents;7050000;5,000000;1776619202,717089
Environment/Lesson Number/num_agents;7080000;5,000000;1776619229,720135
Environment/Lesson Number/num_agents;7110000;5,000000;1776619255,177837
Environment/Lesson Number/num_agents;7140000;5,000000;1776619267,034505
Environment/Lesson Number/num_agents;7170000;5,000000;1776619288,401348
Environment/Lesson Number/num_agents;7200000;5,000000;1776619309,391062
Environment/Lesson Number/num_agents;7230000;5,000000;1776619318,986392
Environment/Lesson Number/num_agents;7260000;5,000000;1776619338,876022
Environment/Lesson Number/num_agents;7290000;5,000000;1776619358,905487
Environment/Lesson Number/num_agents;7320000;5,000000;1776619380,744278
Environment/Lesson Number/num_agents;7350000;5,000000;1776619390,362052
Environment/Lesson Number/num_agents;7380000;5,000000;1776619415,390585
Environment/Lesson Number/num_agents;7410000;5,000000;1776619439,091190
Environment/Lesson Number/num_agents;7440000;5,000000;1776619461,011035
Environment/Lesson Number/num_agents;7470000;5,000000;1776619472,406279
Environment/Lesson Number/num_agents;7500000;5,000000;1776619492,887600
Environment/Lesson Number/num_agents;7530000;5,000000;1776619510,906060
Environment/Lesson Number/num_agents;7560000;5,000000;1776619530,249054
Environment/Lesson Number/num_agents;7590000;5,000000;1776619543,408046
Environment/Lesson Number/num_agents;7620000;5,000000;1776619568,580134
Environment/Lesson Number/num_agents;7650000;5,000000;1776619589,853456
Environment/Lesson Number/num_agents;7680000;5,000000;1776619598,141202
Environment/Lesson Number/num_agents;7710000;5,000000;1776619616,111897
Environment/Lesson Number/num_agents;7740000;5,000000;1776619641,578761
Environment/Lesson Number/num_agents;7770000;5,000000;1776619670,656652
Environment/Lesson Number/num_agents;7800000;5,000000;1776619681,396387
Environment/Lesson Number/num_agents;7830000;5,000000;1776619702,776888
Environment/Lesson Number/num_agents;7860000;5,000000;1776619723,605123
Environment/Lesson Number/num_agents;7890000;5,000000;1776619745,780464
Environment/Lesson Number/num_agents;7920000;5,000000;1776619758,419212
Environment/Lesson Number/num_agents;7950000;5,000000;1776619782,378458
Environment/Lesson Number/num_agents;7980000;5,000000;1776619803,626426
Environment/Lesson Number/num_agents;8010000;5,000000;1776619811,865393
Environment/Lesson Number/num_agents;8040000;5,000000;1776619830,780561
Environment/Lesson Number/num_agents;8070000;5,000000;1776619850,415798
Environment/Lesson Number/num_agents;8100000;5,000000;1776619873,539623
Environment/Lesson Number/num_agents;8130000;5,000000;1776619889,198386
Environment/Lesson Number/num_agents;8160000;5,000000;1776619914,379939
Environment/Lesson Number/num_agents;8190000;5,000000;1776619933,857338
Environment/Lesson Number/num_agents;8220000;5,000000;1776619951,670445
Environment/Lesson Number/num_agents;8250000;5,000000;1776619959,136611
Environment/Lesson Number/num_agents;8280000;5,000000;1776619984,867821
Environment/Lesson Number/num_agents;8310000;5,000000;1776620014,106874
Environment/Lesson Number/num_agents;8340000;5,000000;1776620028,019794
Environment/Lesson Number/num_agents;8370000;5,000000;1776620047,281209
Environment/Lesson Number/num_agents;8400000;5,000000;1776620066,384668
Environment/Lesson Number/num_agents;8430000;5,000000;1776620084,860360
Environment/Lesson Number/num_agents;8460000;5,000000;1776620095,850321
Environment/Lesson Number/num_agents;8490000;5,000000;1776620124,381964
Environment/Lesson Number/num_agents;8520000;5,000000;1776620146,303774
Environment/Lesson Number/num_agents;8550000;5,000000;1776620166,383303
Environment/Lesson Number/num_agents;8580000;5,000000;1776620178,465868
Environment/Lesson Number/num_agents;8610000;5,000000;1776620201,835887
Environment/Lesson Number/num_agents;8640000;5,000000;1776620225,176909
Environment/Lesson Number/num_agents;8670000;5,000000;1776620236,412344
Environment/Lesson Number/num_agents;8700000;5,000000;1776620258,585643
Environment/Lesson Number/num_agents;8730000;5,000000;1776620278,629776
Environment/Lesson Number/num_agents;8760000;5,000000;1776620297,804398
Environment/Lesson Number/num_agents;8790000;5,000000;1776620307,812891
Environment/Lesson Number/num_agents;8820000;5,000000;1776620331,295209
Environment/Lesson Number/num_agents;8850000;5,000000;1776620358,418988
Environment/Lesson Number/num_agents;8880000;5,000000;1776620381,514879
Environment/Lesson Number/num_agents;8910000;5,000000;1776620391,676407
Environment/Lesson Number/num_agents;8940000;5,000000;1776620408,924002
Environment/Lesson Number/num_agents;8970000;5,000000;1776620426,795028
Environment/Lesson Number/num_agents;9000000;5,000000;1776620448,515432
Environment/Lesson Number/num_agents;9030000;5,000000;1776620461,915787
Environment/Lesson Number/num_agents;9060000;5,000000;1776620483,811770
Environment/Lesson Number/num_agents;9090000;5,000000;1776620505,562084
Environment/Lesson Number/num_agents;9120000;5,000000;1776620518,017501
Environment/Lesson Number/num_agents;9150000;5,000000;1776620540,576086
Environment/Lesson Number/num_agents;9180000;5,000000;1776620565,560919
Environment/Lesson Number/num_agents;9210000;5,000000;1776620592,795993
Environment/Lesson Number/num_agents;9240000;5,000000;1776620604,425256
Environment/Lesson Number/num_agents;9270000;5,000000;1776620623,647954
Environment/Lesson Number/num_agents;9300000;5,000000;1776620642,424685
Environment/Lesson Number/num_agents;9330000;5,000000;1776620660,701705
Environment/Lesson Number/num_agents;9360000;5,000000;1776620671,878993
Environment/Lesson Number/num_agents;9390000;5,000000;1776620693,857773
Environment/Lesson Number/num_agents;9420000;5,000000;1776620714,997931
Environment/Lesson Number/num_agents;9450000;5,000000;1776620726,438121
Environment/Lesson Number/num_agents;9480000;5,000000;1776620748,483462
Environment/Lesson Number/num_agents;9510000;5,000000;1776620772,109440
Environment/Lesson Number/num_agents;9540000;5,000000;1776620796,097331
Environment/Lesson Number/num_agents;9570000;5,000000;1776620808,075441
Environment/Lesson Number/num_agents;9600000;5,000000;1776620829,646613
Environment/Lesson Number/num_agents;9630000;5,000000;1776620850,940490
Environment/Lesson Number/num_agents;9660000;5,000000;1776620871,561221
Environment/Lesson Number/num_agents;9690000;5,000000;1776620883,984967
Environment/Lesson Number/num_agents;9720000;5,000000;1776620906,852374
Environment/Lesson Number/num_agents;9750000;5,000000;1776620930,283535
Environment/Lesson Number/num_agents;9780000;5,000000;1776620942,193312
Environment/Lesson Number/num_agents;9810000;5,000000;1776620961,965213
Environment/Lesson Number/num_agents;9840000;5,000000;1776620982,604357
Environment/Lesson Number/num_agents;9870000;5,000000;1776621002,641463
Environment/Lesson Number/num_agents;9900000;5,000000;1776621012,425161
Environment/Lesson Number/num_agents;9930000;5,000000;1776621039,122906
Environment/Lesson Number/num_agents;9960000;5,000000;1776621064,574892
Environment/Lesson Number/num_agents;9990000;5,000000;1776621088,522344
Environment/Lesson Number/num_agents;10020000;5,000000;1776621098,890022
Environment/Lesson Number/num_agents;10050000;5,000000;1776621119,088762
Environment/Lesson Number/num_agents;10080000;5,000000;1776621137,282019
Environment/Lesson Number/num_agents;10110000;5,000000;1776621144,584755
Environment/Lesson Number/num_agents;10140000;5,000000;1776621163,279622
Environment/Lesson Number/num_agents;10170000;5,000000;1776621184,361798
Environment/Lesson Number/num_agents;10200000;5,000000;1776621214,779896
Environment/Lesson Number/num_agents;10230000;5,000000;1776621228,964661
Environment/Lesson Number/num_agents;10260000;5,000000;1776621255,774878
Environment/Lesson Number/num_agents;10290000;5,000000;1776621280,544288
Environment/Lesson Number/num_agents;10320000;5,000000;1776621306,430998
Environment/Lesson Number/num_agents;10350000;5,000000;1776621321,446522
Environment/Lesson Number/num_agents;10380000;5,000000;1776621349,111008
Environment/Lesson Number/num_agents;10410000;5,000000;1776621375,101140
Environment/Lesson Number/num_agents;10440000;5,000000;1776621399,363827
Environment/Lesson Number/num_agents;10470000;5,000000;1776621408,594280
Environment/Lesson Number/num_agents;10500000;5,000000;1776621430,355753
Environment/Lesson Number/num_agents;10530000;5,000000;1776621454,994709
Environment/Lesson Number/num_agents;10560000;5,000000;1776621467,908581
Environment/Lesson Number/num_agents;10590000;5,000000;1776621490,377549
Environment/Lesson Number/num_agents;10620000;5,000000;1776621510,213226
Environment/Lesson Number/num_agents;10650000;5,000000;1776621531,804568
Environment/Lesson Number/num_agents;10680000;5,000000;1776621541,433511
Environment/Lesson Number/num_agents;10710000;5,000000;1776621562,811660
Environment/Lesson Number/num_agents;10740000;5,000000;1776621584,701176
Environment/Lesson Number/num_agents;10770000;5,000000;1776621606,498091
Environment/Lesson Number/num_agents;10800000;5,000000;1776621618,516299
Environment/Lesson Number/num_agents;10830000;5,000000;1776621641,260033
Environment/Lesson Number/num_agents;10860000;5,000000;1776621668,246728
Environment/Lesson Number/num_agents;10890000;5,000000;1776621679,058320
Environment/Lesson Number/num_agents;10920000;5,000000;1776621699,535536
Environment/Lesson Number/num_agents;10950000;5,000000;1776621719,916225
Environment/Lesson Number/num_agents;10980000;5,000000;1776621740,651430
Environment/Lesson Number/num_agents;11010000;5,000000;1776621752,445659
Environment/Lesson Number/num_agents;11040000;5,000000;1776621775,724209
Environment/Lesson Number/num_agents;11070000;5,000000;1776621799,226135
Environment/Lesson Number/num_agents;11100000;5,000000;1776621819,863197
Environment/Lesson Number/num_agents;11130000;5,000000;1776621828,286833
Environment/Lesson Number/num_agents;11160000;5,000000;1776621847,435315
Environment/Lesson Number/num_agents;11190000;5,000000;1776621871,296540
Environment/Lesson Number/num_agents;11220000;5,000000;1776621885,971008
Environment/Lesson Number/num_agents;11250000;5,000000;1776621915,330090
Environment/Lesson Number/num_agents;11280000;5,000000;1776621938,346045
Environment/Lesson Number/num_agents;11310000;5,000000;1776621960,385081
Environment/Lesson Number/num_agents;11340000;5,000000;1776621969,381908
Environment/Lesson Number/num_agents;11370000;5,000000;1776621987,500797
Environment/Lesson Number/num_agents;11400000;5,000000;1776622005,928375
Environment/Lesson Number/num_agents;11430000;5,000000;1776622026,142716
Environment/Lesson Number/num_agents;11460000;5,000000;1776622036,346299
Environment/Lesson Number/num_agents;11490000;5,000000;1776622064,289004
Environment/Lesson Number/num_agents;11520000;5,000000;1776622088,927320
Environment/Lesson Number/num_agents;11550000;5,000000;1776622109,547376
Environment/Lesson Number/num_agents;11580000;5,000000;1776622117,228385
Environment/Lesson Number/num_agents;11610000;5,000000;1776622134,721011
Environment/Lesson Number/num_agents;11640000;5,000000;1776622157,706837
Environment/Lesson Number/num_agents;11670000;5,000000;1776622176,658130
Environment/Lesson Number/num_agents;11700000;5,000000;1776622198,861927
Environment/Lesson Number/num_agents;11730000;5,000000;1776622218,843245
Environment/Lesson Number/num_agents;11760000;5,000000;1776622238,128865
Environment/Lesson Number/num_agents;11790000;5,000000;1776622249,895995
Environment/Lesson Number/num_agents;11820000;5,000000;1776622273,827214
Environment/Lesson Number/num_agents;11850000;5,000000;1776622296,074395
Environment/Lesson Number/num_agents;11880000;5,000000;1776622316,246172
Environment/Lesson Number/num_agents;11910000;5,000000;1776622325,557341
Environment/Lesson Number/num_agents;11940000;5,000000;1776622351,954320
Environment/Lesson Number/num_agents;11970000;5,000000;1776622379,597617
Environment/Lesson Number/num_agents;12000000;5,000000;1776622392,166237
Environment/Lesson Number/num_agents;12030000;5,000000;1776622412,122091
Environment/Lesson Number/num_agents;12060000;5,000000;1776622429,991090
Environment/Lesson Number/num_agents;12090000;5,000000;1776622447,204451
Environment/Lesson Number/num_agents;12120000;5,000000;1776622453,031945
Environment/Lesson Number/num_agents;12150000;5,000000;1776622473,872924
Environment/Lesson Number/num_agents;12180000;5,000000;1776622508,370236
Environment/Lesson Number/num_agents;12210000;5,000000;1776622532,162245
Environment/Lesson Number/num_agents;12240000;5,000000;1776622541,024240
Environment/Lesson Number/num_agents;12270000;5,000000;1776622559,870597
Environment/Lesson Number/num_agents;12300000;5,000000;1776622579,801307
Environment/Lesson Number/num_agents;12330000;5,000000;1776622591,075071
Environment/Lesson Number/num_agents;12360000;5,000000;1776622614,876576
Environment/Lesson Number/num_agents;12390000;5,000000;1776622637,984045
Environment/Lesson Number/num_agents;12420000;5,000000;1776622659,431681
Environment/Lesson Number/num_agents;12450000;5,000000;1776622669,931772
Environment/Lesson Number/num_agents;12480000;5,000000;1776622689,507154
Environment/Lesson Number/num_agents;12510000;5,000000;1776622708,793857
Environment/Lesson Number/num_agents;12540000;5,000000;1776622736,095670
Environment/Lesson Number/num_agents;12570000;5,000000;1776622752,658288
Environment/Lesson Number/num_agents;12600000;5,000000;1776622775,491185
Environment/Lesson Number/num_agents;12630000;5,000000;1776622795,813663
Environment/Lesson Number/num_agents;12660000;5,000000;1776622804,487030
Environment/Lesson Number/num_agents;12690000;5,000000;1776622821,042217
Environment/Lesson Number/num_agents;12720000;5,000000;1776622840,443095
Environment/Lesson Number/num_agents;12750000;5,000000;1776622862,895700
Environment/Lesson Number/num_agents;12780000;5,000000;1776622878,100112
Environment/Lesson Number/num_agents;12810000;5,000000;1776622901,930781
Environment/Lesson Number/num_agents;12840000;5,000000;1776622923,971380
Environment/Lesson Number/num_agents;12870000;5,000000;1776622943,942225
Environment/Lesson Number/num_agents;12900000;5,000000;1776622954,472454
Environment/Lesson Number/num_agents;12930000;5,000000;1776622979,237692
Environment/Lesson Number/num_agents;12960000;5,000000;1776623002,654810
Environment/Lesson Number/num_agents;12990000;5,000000;1776623016,626004
Environment/Lesson Number/num_agents;13020000;5,000000;1776623036,284346
Environment/Lesson Number/num_agents;13050000;5,000000;1776623057,648617
Environment/Lesson Number/num_agents;13080000;5,000000;1776623082,916339
Environment/Lesson Number/num_agents;13110000;5,000000;1776623096,662932
Environment/Lesson Number/num_agents;13140000;5,000000;1776623118,216630
Environment/Lesson Number/num_agents;13170000;5,000000;1776623137,779024
Environment/Lesson Number/num_agents;13200000;5,000000;1776623156,626312
Environment/Lesson Number/num_agents;13230000;5,000000;1776623167,053491
Environment/Lesson Number/num_agents;13260000;5,000000;1776623195,400556
Environment/Lesson Number/num_agents;13290000;5,000000;1776623220,247204
Environment/Lesson Number/num_agents;13320000;5,000000;1776623232,697773
Environment/Lesson Number/num_agents;13350000;5,000000;1776623253,302776
Environment/Lesson Number/num_agents;13380000;5,000000;1776623272,388886
Environment/Lesson Number/num_agents;13410000;5,000000;1776623291,783842
Environment/Lesson Number/num_agents;13440000;5,000000;1776623301,848100
Environment/Lesson Number/num_agents;13470000;5,000000;1776623328,673435
Environment/Lesson Number/num_agents;13500000;5,000000;1776623358,424424
Environment/Lesson Number/num_agents;13530000;5,000000;1776623381,925830
Environment/Lesson Number/num_agents;13560000;5,000000;1776623391,018235
Environment/Lesson Number/num_agents;13590000;5,000000;1776623410,737438
Environment/Lesson Number/num_agents;13620000;5,000000;1776623428,651786
Environment/Lesson Number/num_agents;13650000;5,000000;1776623436,589259
Environment/Lesson Number/num_agents;13680000;5,000000;1776623456,617388
Environment/Lesson Number/num_agents;13710000;5,000000;1776623476,073971
Environment/Lesson Number/num_agents;13740000;5,000000;1776623497,912097
Environment/Lesson Number/num_agents;13770000;5,000000;1776623514,234371
Environment/Lesson Number/num_agents;13800000;5,000000;1776623537,489612
Environment/Lesson Number/num_agents;13830000;5,000000;1776623559,189588
Environment/Lesson Number/num_agents;13860000;5,000000;1776623578,800400
Environment/Lesson Number/num_agents;13890000;5,000000;1776623588,467466
Environment/Lesson Number/num_agents;13920000;5,000000;1776623607,934210
Environment/Lesson Number/num_agents;13950000;5,000000;1776623633,543801
Environment/Lesson Number/num_agents;13980000;5,000000;1776623660,917967
Environment/Lesson Number/num_agents;14010000;5,000000;1776623674,909988
Environment/Lesson Number/num_agents;14040000;5,000000;1776623695,993956
Environment/Lesson Number/num_agents;14070000;5,000000;1776623717,775057
Environment/Lesson Number/num_agents;14100000;5,000000;1776623729,659894
Environment/Lesson Number/num_agents;14130000;5,000000;1776623749,955782
Environment/Lesson Number/num_agents;14160000;5,000000;1776623771,475936
Environment/Lesson Number/num_agents;14190000;5,000000;1776623793,933999
Environment/Lesson Number/num_agents;14220000;5,000000;1776623804,283099
Environment/Lesson Number/num_agents;14250000;5,000000;1776623827,935316
Environment/Lesson Number/num_agents;14280000;5,000000;1776623851,285313
Environment/Lesson Number/num_agents;14310000;5,000000;1776623872,481301
Environment/Lesson Number/num_agents;14340000;5,000000;1776623884,048968
Environment/Lesson Number/num_agents;14370000;5,000000;1776623905,846241
Environment/Lesson Number/num_agents;14400000;5,000000;1776623925,413566
Environment/Lesson Number/num_agents;14430000;5,000000;1776623934,314221
Environment/Lesson Number/num_agents;14460000;5,000000;1776623956,668927
Environment/Lesson Number/num_agents;14490000;5,000000;1776623978,047235
Environment/Lesson Number/num_agents;14520000;5,000000;1776623999,184371
Environment/Lesson Number/num_agents;14550000;5,000000;1776624014,140583
Environment/Lesson Number/num_agents;14580000;5,000000;1776624039,882893
Environment/Lesson Number/num_agents;14610000;5,000000;1776624062,830042
Environment/Lesson Number/num_agents;14640000;5,000000;1776624084,465336
Environment/Lesson Number/num_agents;14670000;5,000000;1776624095,936613
Environment/Lesson Number/num_agents;14700000;5,000000;1776624118,581932
Environment/Lesson Number/num_agents;14730000;5,000000;1776624139,276784
Environment/Lesson Number/num_agents;14760000;5,000000;1776624147,486723
Environment/Lesson Number/num_agents;14790000;5,000000;1776624171,365648
Environment/Lesson Number/num_agents;14820000;5,000000;1776624194,193485
Environment/Lesson Number/num_agents;14850000;5,000000;1776624216,909652
Environment/Lesson Number/num_agents;14880000;5,000000;1776624228,097420
Environment/Lesson Number/num_agents;14910000;5,000000;1776624250,599696
Environment/Lesson Number/num_agents;14940000;5,000000;1776624268,482912
Environment/Lesson Number/num_agents;14970000;5,000000;1776624289,562030
Environment/Lesson Number/num_agents;15000000;5,000000;1776624306,497016
Environment/Lesson Number/num_agents;15030000;5,000000;1776624333,069361
Environment/Lesson Number/num_agents;15060000;5,000000;1776624354,619295
Environment/Lesson Number/num_agents;15090000;5,000000;1776624373,790811
Environment/Lesson Number/num_agents;15120000;5,000000;1776624381,444424
Environment/Lesson Number/num_agents;15150000;5,000000;1776624399,224750
Environment/Lesson Number/num_agents;15180000;5,000000;1776624418,772198
Environment/Lesson Number/num_agents;15210000;5,000000;1776624436,043648
Environment/Lesson Number/num_agents;15240000;5,000000;1776624463,459282
Environment/Lesson Number/num_agents;15270000;5,000000;1776624485,293072
Environment/Lesson Number/num_agents;15300000;5,000000;1776624505,617394
Environment/Lesson Number/num_agents;15330000;5,000000;1776624514,471523
Environment/Lesson Number/num_agents;15360000;5,000000;1776624537,272212
Environment/Lesson Number/num_agents;15390000;5,000000;1776624561,316873
Environment/Lesson Number/num_agents;15420000;5,000000;1776624584,101275
Environment/Lesson Number/num_agents;15450000;5,000000;1776624598,556031
Environment/Lesson Number/num_agents;15480000;5,000000;1776624618,821991
Environment/Lesson Number/num_agents;15510000;5,000000;1776624637,586957
Environment/Lesson Number/num_agents;15540000;5,000000;1776624645,353857
Environment/Lesson Number/num_agents;15570000;5,000000;1776624666,942998
Environment/Lesson Number/num_agents;15600000;5,000000;1776624695,247391
Environment/Lesson Number/num_agents;15630000;5,000000;1776624716,933794
Environment/Lesson Number/num_agents;15660000;5,000000;1776624725,369096
Environment/Lesson Number/num_agents;15690000;5,000000;1776624744,128840
Environment/Lesson Number/num_agents;15720000;5,000000;1776624767,111921
Environment/Lesson Number/num_agents;15750000;5,000000;1776624796,902116
Environment/Lesson Number/num_agents;15780000;5,000000;1776624808,204783
Environment/Lesson Number/num_agents;15810000;5,000000;1776624827,749512
Environment/Lesson Number/num_agents;15840000;5,000000;1776624848,051404
Environment/Lesson Number/num_agents;15870000;5,000000;1776624857,972059
Environment/Lesson Number/num_agents;15900000;5,000000;1776624880,949327
Environment/Lesson Number/num_agents;15930000;5,000000;1776624906,649067
Environment/Lesson Number/num_agents;15960000;5,000000;1776624928,771734
Environment/Lesson Number/num_agents;15990000;5,000000;1776624938,606752
Environment/Lesson Number/num_agents;16020000;5,000000;1776624958,868771
Environment/Lesson Number/num_agents;16050000;5,000000;1776624979,115318
Environment/Lesson Number/num_agents;16080000;5,000000;1776625002,263379
Environment/Lesson Number/num_agents;16110000;5,000000;1776625019,905274
Environment/Lesson Number/num_agents;16140000;5,000000;1776625044,385919
Environment/Lesson Number/num_agents;16170000;5,000000;1776625066,293561
Environment/Lesson Number/num_agents;16200000;5,000000;1776625085,431098
Environment/Lesson Number/num_agents;16230000;5,000000;1776625093,100928
Environment/Lesson Number/num_agents;16260000;5,000000;1776625110,576810
Environment/Lesson Number/num_agents;16290000;5,000000;1776625131,633671
Environment/Lesson Number/num_agents;16320000;5,000000;1776625150,219424
Environment/Lesson Number/num_agents;16350000;5,000000;1776625173,869972
Environment/Lesson Number/num_agents;16380000;5,000000;1776625195,701026
Environment/Lesson Number/num_agents;16410000;5,000000;1776625217,526263
Environment/Lesson Number/num_agents;16440000;5,000000;1776625230,874228
Environment/Lesson Number/num_agents;16470000;5,000000;1776625253,521760
Environment/Lesson Number/num_agents;16500000;5,000000;1776625277,138906
Environment/Lesson Number/num_agents;16530000;5,000000;1776625296,442463
Environment/Lesson Number/num_agents;16560000;5,000000;1776625304,664292
Environment/Lesson Number/num_agents;16590000;5,000000;1776625322,441639
Environment/Lesson Number/num_agents;16620000;5,000000;1776625343,052660
Environment/Lesson Number/num_agents;16650000;5,000000;1776625362,788679
Environment/Lesson Number/num_agents;16680000;5,000000;1776625385,989490
Environment/Lesson Number/num_agents;16710000;5,000000;1776625408,539712
Environment/Lesson Number/num_agents;16740000;5,000000;1776625429,485435
Environment/Lesson Number/num_agents;16770000;5,000000;1776625439,274455
Environment/Lesson Number/num_agents;16800000;5,000000;1776625459,174779
Environment/Lesson Number/num_agents;16830000;5,000000;1776625481,248556
Environment/Lesson Number/num_agents;16860000;5,000000;1776625503,794554
Environment/Lesson Number/num_agents;16890000;5,000000;1776625515,174028
Environment/Lesson Number/num_agents;16920000;5,000000;1776625537,458487
Environment/Lesson Number/num_agents;16950000;5,000000;1776625560,783087
Environment/Lesson Number/num_agents;16980000;5,000000;1776625576,567954
Environment/Lesson Number/num_agents;17010000;5,000000;1776625597,273744
Environment/Lesson Number/num_agents;17040000;5,000000;1776625617,176908
Environment/Lesson Number/num_agents;17070000;5,000000;1776625637,164775
Environment/Lesson Number/num_agents;17100000;5,000000;1776625648,198497
Environment/Lesson Number/num_agents;17130000;5,000000;1776625672,427485
Environment/Lesson Number/num_agents;17160000;5,000000;1776625696,925749
Environment/Lesson Number/num_agents;17190000;5,000000;1776625721,710079
Environment/Lesson Number/num_agents;17220000;5,000000;1776625731,611705
Environment/Lesson Number/num_agents;17250000;5,000000;1776625753,416097
Environment/Lesson Number/num_agents;17280000;5,000000;1776625775,170982
Environment/Lesson Number/num_agents;17310000;5,000000;1776625795,301937
Environment/Lesson Number/num_agents;17340000;5,000000;1776625805,594506
Environment/Lesson Number/num_agents;17370000;5,000000;1776625823,117859
Environment/Lesson Number/num_agents;17400000;5,000000;1776625846,310240
Environment/Lesson Number/num_agents;17430000;5,000000;1776625860,987022
Environment/Lesson Number/num_agents;17460000;5,000000;1776625885,037293
Environment/Lesson Number/num_agents;17490000;5,000000;1776625905,496397
Environment/Lesson Number/num_agents;17520000;5,000000;1776625926,208504
Environment/Lesson Number/num_agents;17550000;5,000000;1776625939,643519
Environment/Lesson Number/num_agents;17580000;5,000000;1776625966,032306
Environment/Lesson Number/num_agents;17610000;5,000000;1776625990,453704
Environment/Lesson Number/num_agents;17640000;5,000000;1776626013,542529
Environment/Lesson Number/num_agents;17670000;5,000000;1776626024,370081
Environment/Lesson Number/num_agents;17700000;5,000000;1776626042,435054
Environment/Lesson Number/num_agents;17730000;5,000000;1776626060,108916
Environment/Lesson Number/num_agents;17760000;5,000000;1776626068,075269
Environment/Lesson Number/num_agents;17790000;5,000000;1776626088,691949
Environment/Lesson Number/num_agents;17820000;5,000000;1776626117,516273
Environment/Lesson Number/num_agents;17850000;5,000000;1776626139,906765
Environment/Lesson Number/num_agents;17880000;5,000000;1776626152,282421
Environment/Lesson Number/num_agents;17910000;5,000000;1776626173,052616
Environment/Lesson Number/num_agents;17940000;5,000000;1776626191,213560
Environment/Lesson Number/num_agents;17970000;5,000000;1776626211,420342
Environment/Lesson Number/num_agents;18000000;5,000000;1776626226,779872
Environment/Lesson Number/num_agents;18030000;5,000000;1776626252,004741
Environment/Lesson Number/num_agents;18060000;5,000000;1776626274,418576
Environment/Lesson Number/num_agents;18090000;5,000000;1776626285,848397
Environment/Lesson Number/num_agents;18120000;5,000000;1776626306,664769
Environment/Lesson Number/num_agents;18150000;5,000000;1776626328,985610
Environment/Lesson Number/num_agents;18180000;5,000000;1776626350,088612
Environment/Lesson Number/num_agents;18210000;5,000000;1776626362,783630
Environment/Lesson Number/num_agents;18240000;5,000000;1776626384,947780
Environment/Lesson Number/num_agents;18270000;5,000000;1776626405,163496
Environment/Lesson Number/num_agents;18300000;5,000000;1776626425,384262
Environment/Lesson Number/num_agents;18330000;5,000000;1776626434,998458
Environment/Lesson Number/num_agents;18360000;5,000000;1776626461,117457
Environment/Lesson Number/num_agents;18390000;5,000000;1776626488,155618
Environment/Lesson Number/num_agents;18420000;5,000000;1776626498,388152
Environment/Lesson Number/num_agents;18450000;5,000000;1776626519,734216
Environment/Lesson Number/num_agents;18480000;5,000000;1776626540,588518
Environment/Lesson Number/num_agents;18510000;5,000000;1776626559,935141
Environment/Lesson Number/num_agents;18540000;5,000000;1776626568,818549
Environment/Lesson Number/num_agents;18570000;5,000000;1776626590,632538
Environment/Lesson Number/num_agents;18600000;5,000000;1776626615,876245
Environment/Lesson Number/num_agents;18630000;5,000000;1776626642,860577
Environment/Lesson Number/num_agents;18660000;5,000000;1776626652,881430
Environment/Lesson Number/num_agents;18690000;5,000000;1776626671,965356
Environment/Lesson Number/num_agents;18720000;5,000000;1776626691,841648
Environment/Lesson Number/num_agents;18750000;5,000000;1776626713,761064
Environment/Lesson Number/num_agents;18780000;5,000000;1776626729,778258
Environment/Lesson Number/num_agents;18810000;5,000000;1776626757,680145
Environment/Lesson Number/num_agents;18840000;5,000000;1776626778,561669
Environment/Lesson Number/num_agents;18870000;5,000000;1776626786,704601
Environment/Lesson Number/num_agents;18900000;5,000000;1776626805,220435
Environment/Lesson Number/num_agents;18930000;5,000000;1776626824,024338
Environment/Lesson Number/num_agents;18960000;5,000000;1776626847,274960
Environment/Lesson Number/num_agents;18990000;5,000000;1776626862,298694
Environment/Lesson Number/num_agents;19020000;5,000000;1776626886,112322
Environment/Lesson Number/num_agents;19050000;5,000000;1776626906,453256
Environment/Lesson Number/num_agents;19080000;5,000000;1776626925,705741
Environment/Lesson Number/num_agents;19110000;5,000000;1776626932,949404
Environment/Lesson Number/num_agents;19140000;5,000000;1776626954,625402
Environment/Lesson Number/num_agents;19170000;5,000000;1776626991,237084
Environment/Lesson Number/num_agents;19200000;5,000000;1776627005,209556
Environment/Lesson Number/num_agents;19230000;5,000000;1776627025,014166
Environment/Lesson Number/num_agents;19260000;5,000000;1776627044,853766
Environment/Lesson Number/num_agents;19290000;5,000000;1776627063,076095
Environment/Lesson Number/num_agents;19320000;5,000000;1776627074,839861
Environment/Lesson Number/num_agents;19350000;5,000000;1776627099,286009
Environment/Lesson Number/num_agents;19380000;5,000000;1776627122,093063
Environment/Lesson Number/num_agents;19410000;5,000000;1776627142,869934
Environment/Lesson Number/num_agents;19440000;5,000000;1776627151,518248
Environment/Lesson Number/num_agents;19470000;5,000000;1776627172,080329
Environment/Lesson Number/num_agents;19500000;5,000000;1776627196,088751
Environment/Lesson Number/num_agents;19530000;5,000000;1776627207,627398
Environment/Lesson Number/num_agents;19560000;5,000000;1776627230,664135
Environment/Lesson Number/num_agents;19590000;5,000000;1776627253,143715
Environment/Lesson Number/num_agents;19620000;5,000000;1776627274,410076
Environment/Lesson Number/num_agents;19650000;5,000000;1776627289,628861
Environment/Lesson Number/num_agents;19680000;5,000000;1776627313,538428
Environment/Lesson Number/num_agents;19710000;5,000000;1776627336,168247
Environment/Lesson Number/num_agents;19740000;5,000000;1776627357,287072
Environment/Lesson Number/num_agents;19770000;5,000000;1776627364,712178
Environment/Lesson Number/num_agents;19800000;5,000000;1776627382,761976
Environment/Lesson Number/num_agents;19830000;5,000000;1776627401,513847
Environment/Lesson Number/num_agents;19860000;5,000000;1776627424,927610
Environment/Lesson Number/num_agents;19890000;5,000000;1776627440,940520
Environment/Lesson Number/num_agents;19920000;5,000000;1776627463,022520
Environment/Lesson Number/num_agents;19950000;5,000000;1776627484,406378
Environment/Lesson Number/num_agents;19980000;5,000000;1776627495,179393
Environment/Lesson Number/threat_active;30000;0,000000;1776614612,181755
Environment/Lesson Number/threat_active;60000;0,000000;1776614647,572294
Environment/Lesson Number/threat_active;90000;0,000000;1776614680,679744
Environment/Lesson Number/threat_active;120000;0,000000;1776614705,046563
Environment/Lesson Number/threat_active;150000;0,000000;1776614738,545791
Environment/Lesson Number/threat_active;180000;0,000000;1776614768,583852
Environment/Lesson Number/threat_active;210000;0,000000;1776614786,085985
Environment/Lesson Number/threat_active;240000;0,000000;1776614799,332875
Environment/Lesson Number/threat_active;270000;0,000000;1776614822,100995
Environment/Lesson Number/threat_active;300000;0,000000;1776614850,456650
Environment/Lesson Number/threat_active;330000;0,000000;1776614872,562119
Environment/Lesson Number/threat_active;360000;0,000000;1776614880,196188
Environment/Lesson Number/threat_active;390000;0,000000;1776614900,412007
Environment/Lesson Number/threat_active;420000;0,000000;1776614947,513212
Environment/Lesson Number/threat_active;450000;0,000000;1776614964,216092
Environment/Lesson Number/threat_active;480000;0,000000;1776614989,410140
Environment/Lesson Number/threat_active;510000;0,000000;1776615013,366295
Environment/Lesson Number/threat_active;540000;0,000000;1776615032,592534
Environment/Lesson Number/threat_active;570000;0,000000;1776615039,251213
Environment/Lesson Number/threat_active;600000;0,000000;1776615055,314708
Environment/Lesson Number/threat_active;630000;0,000000;1776615073,218483
Environment/Lesson Number/threat_active;660000;0,000000;1776615077,360008
Environment/Lesson Number/threat_active;690000;0,000000;1776615094,860437
Environment/Lesson Number/threat_active;720000;0,000000;1776615117,134159
Environment/Lesson Number/threat_active;750000;0,000000;1776615134,675799
Environment/Lesson Number/threat_active;780000;0,000000;1776615159,735324
Environment/Lesson Number/threat_active;810000;0,000000;1776615179,527858
Environment/Lesson Number/threat_active;840000;0,000000;1776615195,946152
Environment/Lesson Number/threat_active;870000;0,000000;1776615210,960948
Environment/Lesson Number/threat_active;900000;0,000000;1776615233,928620
Environment/Lesson Number/threat_active;930000;0,000000;1776615254,640746
Environment/Lesson Number/threat_active;960000;0,000000;1776615258,657851
Environment/Lesson Number/threat_active;990000;0,000000;1776615281,168012
Environment/Lesson Number/threat_active;1020000;0,000000;1776615304,153720
Environment/Lesson Number/threat_active;1050000;0,000000;1776615325,309014
Environment/Lesson Number/threat_active;1080000;0,000000;1776615334,888803
Environment/Lesson Number/threat_active;1110000;0,000000;1776615359,510417
Environment/Lesson Number/threat_active;1140000;0,000000;1776615380,762047
Environment/Lesson Number/threat_active;1170000;0,000000;1776615393,305748
Environment/Lesson Number/threat_active;1200000;0,000000;1776615416,916832
Environment/Lesson Number/threat_active;1230000;0,000000;1776615436,329905
Environment/Lesson Number/threat_active;1260000;0,000000;1776615456,730745
Environment/Lesson Number/threat_active;1290000;0,000000;1776615460,619529
Environment/Lesson Number/threat_active;1320000;0,000000;1776615482,642487
Environment/Lesson Number/threat_active;1350000;0,000000;1776615505,676209
Environment/Lesson Number/threat_active;1380000;0,000000;1776615512,204808
Environment/Lesson Number/threat_active;1410000;0,000000;1776615543,854229
Environment/Lesson Number/threat_active;1440000;0,000000;1776615572,813544
Environment/Lesson Number/threat_active;1470000;0,000000;1776615594,723233
Environment/Lesson Number/threat_active;1500000;0,000000;1776615603,042912
Environment/Lesson Number/threat_active;1530000;0,000000;1776615621,536463
Environment/Lesson Number/threat_active;1560000;0,000000;1776615638,786885
Environment/Lesson Number/threat_active;1590000;0,000000;1776615660,896782
Environment/Lesson Number/threat_active;1620000;0,000000;1776615670,221575
Environment/Lesson Number/threat_active;1650000;0,000000;1776615690,376984
Environment/Lesson Number/threat_active;1680000;0,000000;1776615718,099234
Environment/Lesson Number/threat_active;1710000;0,000000;1776615728,954288
Environment/Lesson Number/threat_active;1740000;0,000000;1776615754,152458
Environment/Lesson Number/threat_active;1770000;0,000000;1776615778,089669
Environment/Lesson Number/threat_active;1800000;0,000000;1776615789,733301
Environment/Lesson Number/threat_active;1830000;0,000000;1776615809,536223
Environment/Lesson Number/threat_active;1860000;0,000000;1776615828,413233
Environment/Lesson Number/threat_active;1890000;0,000000;1776615856,462559
Environment/Lesson Number/threat_active;1920000;0,000000;1776615870,190326
Environment/Lesson Number/threat_active;1950000;0,000000;1776615902,764684
Environment/Lesson Number/threat_active;1980000;0,000000;1776615925,931509
Environment/Lesson Number/threat_active;2010000;0,000000;1776615946,287844
Environment/Lesson Number/threat_active;2040000;0,000000;1776615954,819412
Environment/Lesson Number/threat_active;2070000;0,000000;1776615973,193905
Environment/Lesson Number/threat_active;2100000;0,000000;1776615994,309053
Environment/Lesson Number/threat_active;2130000;0,000000;1776616004,558613
Environment/Lesson Number/threat_active;2160000;0,000000;1776616021,711929
Environment/Lesson Number/threat_active;2190000;0,000000;1776616043,929537
Environment/Lesson Number/threat_active;2220000;0,000000;1776616068,662128
Environment/Lesson Number/threat_active;2250000;0,000000;1776616083,009181
Environment/Lesson Number/threat_active;2280000;0,000000;1776616112,066235
Environment/Lesson Number/threat_active;2310000;0,000000;1776616139,612637
Environment/Lesson Number/threat_active;2340000;0,000000;1776616163,547148
Environment/Lesson Number/threat_active;2370000;0,000000;1776616172,804504
Environment/Lesson Number/threat_active;2400000;0,000000;1776616195,046772
Environment/Lesson Number/threat_active;2430000;0,000000;1776616222,883080
Environment/Lesson Number/threat_active;2460000;0,000000;1776616253,303777
Environment/Lesson Number/threat_active;2490000;0,000000;1776616268,684062
Environment/Lesson Number/threat_active;2520000;0,000000;1776616296,252417
Environment/Lesson Number/threat_active;2550000;0,000000;1776616322,587405
Environment/Lesson Number/threat_active;2580000;0,000000;1776616334,238398
Environment/Lesson Number/threat_active;2610000;0,000000;1776616358,046403
Environment/Lesson Number/threat_active;2640000;0,000000;1776616381,213746
Environment/Lesson Number/threat_active;2670000;0,000000;1776616403,752102
Environment/Lesson Number/threat_active;2700000;0,000000;1776616411,888366
Environment/Lesson Number/threat_active;2730000;0,000000;1776616432,956021
Environment/Lesson Number/threat_active;2760000;0,000000;1776616455,931782
Environment/Lesson Number/threat_active;2790000;0,000000;1776616480,560277
Environment/Lesson Number/threat_active;2820000;0,000000;1776616490,793565
Environment/Lesson Number/threat_active;2850000;0,000000;1776616511,203743
Environment/Lesson Number/threat_active;2880000;0,000000;1776616530,515370
Environment/Lesson Number/threat_active;2910000;0,000000;1776616540,586787
Environment/Lesson Number/threat_active;2940000;0,000000;1776616561,122504
Environment/Lesson Number/threat_active;2970000;0,000000;1776616583,555356
Environment/Lesson Number/threat_active;3000000;0,000000;1776616607,258129
Environment/Lesson Number/threat_active;3030000;0,000000;1776616618,753009
Environment/Lesson Number/threat_active;3060000;0,000000;1776616641,405365
Environment/Lesson Number/threat_active;3090000;0,000000;1776616665,072560
Environment/Lesson Number/threat_active;3120000;0,000000;1776616690,927976
Environment/Lesson Number/threat_active;3150000;0,000000;1776616704,081279
Environment/Lesson Number/threat_active;3180000;0,000000;1776616728,925941
Environment/Lesson Number/threat_active;3210000;0,000000;1776616753,155135
Environment/Lesson Number/threat_active;3240000;0,000000;1776616763,376430
Environment/Lesson Number/threat_active;3270000;0,000000;1776616793,760477
Environment/Lesson Number/threat_active;3300000;0,000000;1776616822,501038
Environment/Lesson Number/threat_active;3330000;1,000000;1776616848,527671
Environment/Lesson Number/threat_active;3360000;1,000000;1776616857,957732
Environment/Lesson Number/threat_active;3390000;1,000000;1776616878,976075
Environment/Lesson Number/threat_active;3420000;1,000000;1776616900,330219
Environment/Lesson Number/threat_active;3450000;1,000000;1776616926,017362
Environment/Lesson Number/threat_active;3480000;1,000000;1776616934,654081
Environment/Lesson Number/threat_active;3510000;1,000000;1776616965,667590
Environment/Lesson Number/threat_active;3540000;1,000000;1776616990,041134
Environment/Lesson Number/threat_active;3570000;1,000000;1776617003,537699
Environment/Lesson Number/threat_active;3600000;1,000000;1776617024,289568
Environment/Lesson Number/threat_active;3630000;1,000000;1776617043,284009
Environment/Lesson Number/threat_active;3660000;1,000000;1776617061,368735
Environment/Lesson Number/threat_active;3690000;1,000000;1776617069,797336
Environment/Lesson Number/threat_active;3720000;1,000000;1776617089,639880
Environment/Lesson Number/threat_active;3750000;1,000000;1776617110,636710
Environment/Lesson Number/threat_active;3780000;1,000000;1776617134,029800
Environment/Lesson Number/threat_active;3810000;1,000000;1776617148,355041
Environment/Lesson Number/threat_active;3840000;1,000000;1776617170,911516
Environment/Lesson Number/threat_active;3870000;1,000000;1776617195,549572
Environment/Lesson Number/threat_active;3900000;1,000000;1776617218,552027
Environment/Lesson Number/threat_active;3930000;1,000000;1776617228,559083
Environment/Lesson Number/threat_active;3960000;1,000000;1776617248,407774
Environment/Lesson Number/threat_active;3990000;1,000000;1776617267,826572
Environment/Lesson Number/threat_active;4020000;1,000000;1776617279,883233
Environment/Lesson Number/threat_active;4050000;1,000000;1776617301,424749
Environment/Lesson Number/threat_active;4080000;1,000000;1776617325,507767
Environment/Lesson Number/threat_active;4110000;1,000000;1776617347,393036
Environment/Lesson Number/threat_active;4140000;1,000000;1776617358,547831
Environment/Lesson Number/threat_active;4170000;1,000000;1776617379,089445
Environment/Lesson Number/threat_active;4200000;1,000000;1776617401,292835
Environment/Lesson Number/threat_active;4230000;1,000000;1776617421,480201
Environment/Lesson Number/threat_active;4260000;1,000000;1776617432,846124
Environment/Lesson Number/threat_active;4290000;1,000000;1776617455,230040
Environment/Lesson Number/threat_active;4320000;1,000000;1776617478,646051
Environment/Lesson Number/threat_active;4350000;1,000000;1776617488,161967
Environment/Lesson Number/threat_active;4380000;1,000000;1776617509,213108
Environment/Lesson Number/threat_active;4410000;1,000000;1776617528,953323
Environment/Lesson Number/threat_active;4440000;1,000000;1776617548,738026
Environment/Lesson Number/threat_active;4470000;1,000000;1776617560,150562
Environment/Lesson Number/threat_active;4500000;1,000000;1776617582,257613
Environment/Lesson Number/threat_active;4530000;1,000000;1776617607,384403
Environment/Lesson Number/threat_active;4560000;1,000000;1776617635,061831
Environment/Lesson Number/threat_active;4590000;1,000000;1776617647,750659
Environment/Lesson Number/threat_active;4620000;1,000000;1776617670,200060
Environment/Lesson Number/threat_active;4650000;1,000000;1776617690,238206
Environment/Lesson Number/threat_active;4680000;1,000000;1776617698,696247
Environment/Lesson Number/threat_active;4710000;1,000000;1776617719,214381
Environment/Lesson Number/threat_active;4740000;1,000000;1776617739,047146
Environment/Lesson Number/threat_active;4770000;1,000000;1776617761,045394
Environment/Lesson Number/threat_active;4800000;1,000000;1776617772,742233
Environment/Lesson Number/threat_active;4830000;1,000000;1776617794,060485
Environment/Lesson Number/threat_active;4860000;1,000000;1776617815,416303
Environment/Lesson Number/threat_active;4890000;1,000000;1776617836,899453
Environment/Lesson Number/threat_active;4920000;1,000000;1776617849,286702
Environment/Lesson Number/threat_active;4950000;1,000000;1776617873,672803
Environment/Lesson Number/threat_active;4980000;1,000000;1776617895,957105
Environment/Lesson Number/threat_active;5010000;1,000000;1776617917,669235
Environment/Lesson Number/threat_active;5040000;1,000000;1776617928,379479
Environment/Lesson Number/threat_active;5070000;1,000000;1776617949,411451
Environment/Lesson Number/threat_active;5100000;1,000000;1776617972,553041
Environment/Lesson Number/threat_active;5130000;1,000000;1776617983,402358
Environment/Lesson Number/threat_active;5160000;1,000000;1776618003,146822
Environment/Lesson Number/threat_active;5190000;1,000000;1776618022,782833
Environment/Lesson Number/threat_active;5220000;1,000000;1776618043,013966
Environment/Lesson Number/threat_active;5250000;1,000000;1776618055,570287
Environment/Lesson Number/threat_active;5280000;1,000000;1776618084,074627
Environment/Lesson Number/threat_active;5310000;1,000000;1776618105,990493
Environment/Lesson Number/threat_active;5340000;1,000000;1776618126,425132
Environment/Lesson Number/threat_active;5370000;1,000000;1776618136,902934
Environment/Lesson Number/threat_active;5400000;1,000000;1776618157,758801
Environment/Lesson Number/threat_active;5430000;1,000000;1776618181,556964
Environment/Lesson Number/threat_active;5460000;1,000000;1776618194,290922
Environment/Lesson Number/threat_active;5490000;1,000000;1776618216,862659
Environment/Lesson Number/threat_active;5520000;1,000000;1776618239,569860
Environment/Lesson Number/threat_active;5550000;1,000000;1776618258,912728
Environment/Lesson Number/threat_active;5580000;1,000000;1776618269,612631
Environment/Lesson Number/threat_active;5610000;1,000000;1776618297,853132
Environment/Lesson Number/threat_active;5640000;1,000000;1776618321,723745
Environment/Lesson Number/threat_active;5670000;1,000000;1776618341,992178
Environment/Lesson Number/threat_active;5700000;1,000000;1776618350,618269
Environment/Lesson Number/threat_active;5730000;1,000000;1776618368,460937
Environment/Lesson Number/threat_active;5760000;1,000000;1776618387,357201
Environment/Lesson Number/threat_active;5790000;1,000000;1776618400,686845
Environment/Lesson Number/threat_active;5820000;1,000000;1776618423,794641
Environment/Lesson Number/threat_active;5850000;1,000000;1776618445,816574
Environment/Lesson Number/threat_active;5880000;1,000000;1776618467,758138
Environment/Lesson Number/threat_active;5910000;1,000000;1776618482,296564
Environment/Lesson Number/threat_active;5940000;1,000000;1776618507,415488
Environment/Lesson Number/threat_active;5970000;1,000000;1776618529,774132
Environment/Lesson Number/threat_active;6000000;1,000000;1776618552,744269
Environment/Lesson Number/threat_active;6030000;1,000000;1776618562,988205
Environment/Lesson Number/threat_active;6060000;1,000000;1776618582,646425
Environment/Lesson Number/threat_active;6090000;1,000000;1776618600,917543
Environment/Lesson Number/threat_active;6120000;1,000000;1776618619,737054
Environment/Lesson Number/threat_active;6150000;1,000000;1776618630,292845
Environment/Lesson Number/threat_active;6180000;1,000000;1776618652,025190
Environment/Lesson Number/threat_active;6210000;1,000000;1776618673,608348
Environment/Lesson Number/threat_active;6240000;1,000000;1776618688,196882
Environment/Lesson Number/threat_active;6270000;1,000000;1776618711,490337
Environment/Lesson Number/threat_active;6300000;1,000000;1776618733,329719
Environment/Lesson Number/threat_active;6330000;1,000000;1776618754,853981
Environment/Lesson Number/threat_active;6360000;1,000000;1776618763,834628
Environment/Lesson Number/threat_active;6390000;1,000000;1776618784,168802
Environment/Lesson Number/threat_active;6420000;1,000000;1776618803,534771
Environment/Lesson Number/threat_active;6450000;1,000000;1776618824,081011
Environment/Lesson Number/threat_active;6480000;1,000000;1776618836,241317
Environment/Lesson Number/threat_active;6510000;1,000000;1776618863,763242
Environment/Lesson Number/threat_active;6540000;1,000000;1776618887,746420
Environment/Lesson Number/threat_active;6570000;1,000000;1776618898,546327
Environment/Lesson Number/threat_active;6600000;1,000000;1776618918,867353
Environment/Lesson Number/threat_active;6630000;1,000000;1776618940,207078
Environment/Lesson Number/threat_active;6660000;1,000000;1776618961,809522
Environment/Lesson Number/threat_active;6690000;1,000000;1776618971,828582
Environment/Lesson Number/threat_active;6720000;1,000000;1776618992,522775
Environment/Lesson Number/threat_active;6750000;1,000000;1776619013,176898
Environment/Lesson Number/threat_active;6780000;1,000000;1776619034,008607
Environment/Lesson Number/threat_active;6810000;1,000000;1776619044,027613
Environment/Lesson Number/threat_active;6840000;1,000000;1776619071,366825
Environment/Lesson Number/threat_active;6870000;1,000000;1776619095,572866
Environment/Lesson Number/threat_active;6900000;1,000000;1776619105,865133
Environment/Lesson Number/threat_active;6930000;1,000000;1776619128,326727
Environment/Lesson Number/threat_active;6960000;1,000000;1776619150,707139
Environment/Lesson Number/threat_active;6990000;1,000000;1776619171,449450
Environment/Lesson Number/threat_active;7020000;1,000000;1776619181,306988
Environment/Lesson Number/threat_active;7050000;1,000000;1776619202,718092
Environment/Lesson Number/threat_active;7080000;1,000000;1776619229,721444
Environment/Lesson Number/threat_active;7110000;1,000000;1776619255,179291
Environment/Lesson Number/threat_active;7140000;1,000000;1776619267,035560
Environment/Lesson Number/threat_active;7170000;1,000000;1776619288,402354
Environment/Lesson Number/threat_active;7200000;1,000000;1776619309,391062
Environment/Lesson Number/threat_active;7230000;1,000000;1776619318,987399
Environment/Lesson Number/threat_active;7260000;1,000000;1776619338,876532
Environment/Lesson Number/threat_active;7290000;1,000000;1776619358,905995
Environment/Lesson Number/threat_active;7320000;1,000000;1776619380,745285
Environment/Lesson Number/threat_active;7350000;1,000000;1776619390,363071
Environment/Lesson Number/threat_active;7380000;1,000000;1776619415,391090
Environment/Lesson Number/threat_active;7410000;1,000000;1776619439,092706
Environment/Lesson Number/threat_active;7440000;1,000000;1776619461,012038
Environment/Lesson Number/threat_active;7470000;1,000000;1776619472,406819
Environment/Lesson Number/threat_active;7500000;1,000000;1776619492,888605
Environment/Lesson Number/threat_active;7530000;1,000000;1776619510,906060
Environment/Lesson Number/threat_active;7560000;1,000000;1776619530,250793
Environment/Lesson Number/threat_active;7590000;1,000000;1776619543,409051
Environment/Lesson Number/threat_active;7620000;1,000000;1776619568,581640
Environment/Lesson Number/threat_active;7650000;1,000000;1776619589,853456
Environment/Lesson Number/threat_active;7680000;1,000000;1776619598,141202
Environment/Lesson Number/threat_active;7710000;1,000000;1776619616,113408
Environment/Lesson Number/threat_active;7740000;1,000000;1776619641,578761
Environment/Lesson Number/threat_active;7770000;1,000000;1776619670,657659
Environment/Lesson Number/threat_active;7800000;1,000000;1776619681,397391
Environment/Lesson Number/threat_active;7830000;1,000000;1776619702,776888
Environment/Lesson Number/threat_active;7860000;1,000000;1776619723,606628
Environment/Lesson Number/threat_active;7890000;1,000000;1776619745,781463
Environment/Lesson Number/threat_active;7920000;1,000000;1776619758,419722
Environment/Lesson Number/threat_active;7950000;1,000000;1776619782,378458
Environment/Lesson Number/threat_active;7980000;1,000000;1776619803,626426
Environment/Lesson Number/threat_active;8010000;1,000000;1776619811,866396
Environment/Lesson Number/threat_active;8040000;1,000000;1776619830,781566
Environment/Lesson Number/threat_active;8070000;1,000000;1776619850,415798
Environment/Lesson Number/threat_active;8100000;1,000000;1776619873,540627
Environment/Lesson Number/threat_active;8130000;1,000000;1776619889,198898
Environment/Lesson Number/threat_active;8160000;1,000000;1776619914,381280
Environment/Lesson Number/threat_active;8190000;1,000000;1776619933,858338
Environment/Lesson Number/threat_active;8220000;1,000000;1776619951,671444
Environment/Lesson Number/threat_active;8250000;1,000000;1776619959,137114
Environment/Lesson Number/threat_active;8280000;1,000000;1776619984,868826
Environment/Lesson Number/threat_active;8310000;1,000000;1776620014,107875
Environment/Lesson Number/threat_active;8340000;1,000000;1776620028,021029
Environment/Lesson Number/threat_active;8370000;1,000000;1776620047,282712
Environment/Lesson Number/threat_active;8400000;1,000000;1776620066,385185
Environment/Lesson Number/threat_active;8430000;1,000000;1776620084,861873
Environment/Lesson Number/threat_active;8460000;1,000000;1776620095,851321
Environment/Lesson Number/threat_active;8490000;1,000000;1776620124,382967
Environment/Lesson Number/threat_active;8520000;1,000000;1776620146,303774
Environment/Lesson Number/threat_active;8550000;1,000000;1776620166,384308
Environment/Lesson Number/threat_active;8580000;1,000000;1776620178,466868
Environment/Lesson Number/threat_active;8610000;1,000000;1776620201,836887
Environment/Lesson Number/threat_active;8640000;1,000000;1776620225,176909
Environment/Lesson Number/threat_active;8670000;1,000000;1776620236,413349
Environment/Lesson Number/threat_active;8700000;1,000000;1776620258,586642
Environment/Lesson Number/threat_active;8730000;1,000000;1776620278,630776
Environment/Lesson Number/threat_active;8760000;1,000000;1776620297,805525
Environment/Lesson Number/threat_active;8790000;1,000000;1776620307,814236
Environment/Lesson Number/threat_active;8820000;1,000000;1776620331,296213
Environment/Lesson Number/threat_active;8850000;1,000000;1776620358,419491
Environment/Lesson Number/threat_active;8880000;1,000000;1776620381,515880
Environment/Lesson Number/threat_active;8910000;1,000000;1776620391,677956
Environment/Lesson Number/threat_active;8940000;1,000000;1776620408,925505
Environment/Lesson Number/threat_active;8970000;1,000000;1776620426,795028
Environment/Lesson Number/threat_active;9000000;1,000000;1776620448,516435
Environment/Lesson Number/threat_active;9030000;1,000000;1776620461,916795
Environment/Lesson Number/threat_active;9060000;1,000000;1776620483,811770
Environment/Lesson Number/threat_active;9090000;1,000000;1776620505,563092
Environment/Lesson Number/threat_active;9120000;1,000000;1776620518,017501
Environment/Lesson Number/threat_active;9150000;1,000000;1776620540,576086
Environment/Lesson Number/threat_active;9180000;1,000000;1776620565,562104
Environment/Lesson Number/threat_active;9210000;1,000000;1776620592,796998
Environment/Lesson Number/threat_active;9240000;1,000000;1776620604,425759
Environment/Lesson Number/threat_active;9270000;1,000000;1776620623,649973
Environment/Lesson Number/threat_active;9300000;1,000000;1776620642,425189
Environment/Lesson Number/threat_active;9330000;1,000000;1776620660,702209
Environment/Lesson Number/threat_active;9360000;1,000000;1776620671,880496
Environment/Lesson Number/threat_active;9390000;1,000000;1776620693,857773
Environment/Lesson Number/threat_active;9420000;1,000000;1776620714,999958
Environment/Lesson Number/threat_active;9450000;1,000000;1776620726,439126
Environment/Lesson Number/threat_active;9480000;1,000000;1776620748,484968
Environment/Lesson Number/threat_active;9510000;1,000000;1776620772,110444
Environment/Lesson Number/threat_active;9540000;1,000000;1776620796,098817
Environment/Lesson Number/threat_active;9570000;1,000000;1776620808,076447
Environment/Lesson Number/threat_active;9600000;1,000000;1776620829,647618
Environment/Lesson Number/threat_active;9630000;1,000000;1776620850,941495
Environment/Lesson Number/threat_active;9660000;1,000000;1776620871,562734
Environment/Lesson Number/threat_active;9690000;1,000000;1776620883,985971
Environment/Lesson Number/threat_active;9720000;1,000000;1776620906,853374
Environment/Lesson Number/threat_active;9750000;1,000000;1776620930,284539
Environment/Lesson Number/threat_active;9780000;1,000000;1776620942,194317
Environment/Lesson Number/threat_active;9810000;1,000000;1776620961,966213
Environment/Lesson Number/threat_active;9840000;1,000000;1776620982,604862
Environment/Lesson Number/threat_active;9870000;1,000000;1776621002,642786
Environment/Lesson Number/threat_active;9900000;1,000000;1776621012,425161
Environment/Lesson Number/threat_active;9930000;1,000000;1776621039,123910
Environment/Lesson Number/threat_active;9960000;1,000000;1776621064,576155
Environment/Lesson Number/threat_active;9990000;1,000000;1776621088,523348
Environment/Lesson Number/threat_active;10020000;1,000000;1776621098,892040
Environment/Lesson Number/threat_active;10050000;1,000000;1776621119,089764
Environment/Lesson Number/threat_active;10080000;1,000000;1776621137,282521
Environment/Lesson Number/threat_active;10110000;1,000000;1776621144,584755
Environment/Lesson Number/threat_active;10140000;1,000000;1776621163,280628
Environment/Lesson Number/threat_active;10170000;1,000000;1776621184,362798
Environment/Lesson Number/threat_active;10200000;1,000000;1776621214,781126
Environment/Lesson Number/threat_active;10230000;1,000000;1776621228,966166
Environment/Lesson Number/threat_active;10260000;1,000000;1776621255,775887
Environment/Lesson Number/threat_active;10290000;1,000000;1776621280,544808
Environment/Lesson Number/threat_active;10320000;1,000000;1776621306,432415
Environment/Lesson Number/threat_active;10350000;1,000000;1776621321,446522
Environment/Lesson Number/threat_active;10380000;1,000000;1776621349,112013
Environment/Lesson Number/threat_active;10410000;1,000000;1776621375,101140
Environment/Lesson Number/threat_active;10440000;1,000000;1776621399,364834
Environment/Lesson Number/threat_active;10470000;1,000000;1776621408,595282
Environment/Lesson Number/threat_active;10500000;1,000000;1776621430,357772
Environment/Lesson Number/threat_active;10530000;1,000000;1776621454,996131
Environment/Lesson Number/threat_active;10560000;1,000000;1776621467,909588
Environment/Lesson Number/threat_active;10590000;1,000000;1776621490,378061
Environment/Lesson Number/threat_active;10620000;1,000000;1776621510,213226
Environment/Lesson Number/threat_active;10650000;1,000000;1776621531,805571
Environment/Lesson Number/threat_active;10680000;1,000000;1776621541,434520
Environment/Lesson Number/threat_active;10710000;1,000000;1776621562,812658
Environment/Lesson Number/threat_active;10740000;1,000000;1776621584,702187
Environment/Lesson Number/threat_active;10770000;1,000000;1776621606,498091
Environment/Lesson Number/threat_active;10800000;1,000000;1776621618,517300
Environment/Lesson Number/threat_active;10830000;1,000000;1776621641,261523
Environment/Lesson Number/threat_active;10860000;1,000000;1776621668,246728
Environment/Lesson Number/threat_active;10890000;1,000000;1776621679,059319
Environment/Lesson Number/threat_active;10920000;1,000000;1776621699,536535
Environment/Lesson Number/threat_active;10950000;1,000000;1776621719,917225
Environment/Lesson Number/threat_active;10980000;1,000000;1776621740,652949
Environment/Lesson Number/threat_active;11010000;1,000000;1776621752,447164
Environment/Lesson Number/threat_active;11040000;1,000000;1776621775,725209
Environment/Lesson Number/threat_active;11070000;1,000000;1776621799,227138
Environment/Lesson Number/threat_active;11100000;1,000000;1776621819,864702
Environment/Lesson Number/threat_active;11130000;1,000000;1776621828,287337
Environment/Lesson Number/threat_active;11160000;1,000000;1776621847,435315
Environment/Lesson Number/threat_active;11190000;1,000000;1776621871,297544
Environment/Lesson Number/threat_active;11220000;1,000000;1776621885,971514
Environment/Lesson Number/threat_active;11250000;1,000000;1776621915,330090
Environment/Lesson Number/threat_active;11280000;1,000000;1776621938,346548
Environment/Lesson Number/threat_active;11310000;1,000000;1776621960,386077
Environment/Lesson Number/threat_active;11340000;1,000000;1776621969,381908
Environment/Lesson Number/threat_active;11370000;1,000000;1776621987,502300
Environment/Lesson Number/threat_active;11400000;1,000000;1776622005,928375
Environment/Lesson Number/threat_active;11430000;1,000000;1776622026,142716
Environment/Lesson Number/threat_active;11460000;1,000000;1776622036,348311
Environment/Lesson Number/threat_active;11490000;1,000000;1776622064,289516
Environment/Lesson Number/threat_active;11520000;1,000000;1776622088,928823
Environment/Lesson Number/threat_active;11550000;1,000000;1776622109,547376
Environment/Lesson Number/threat_active;11580000;1,000000;1776622117,228900
Environment/Lesson Number/threat_active;11610000;1,000000;1776622134,721011
Environment/Lesson Number/threat_active;11640000;1,000000;1776622157,708343
Environment/Lesson Number/threat_active;11670000;1,000000;1776622176,659241
Environment/Lesson Number/threat_active;11700000;1,000000;1776622198,862926
Environment/Lesson Number/threat_active;11730000;1,000000;1776622218,843748
Environment/Lesson Number/threat_active;11760000;1,000000;1776622238,130370
Environment/Lesson Number/threat_active;11790000;1,000000;1776622249,895995
Environment/Lesson Number/threat_active;11820000;1,000000;1776622273,828218
Environment/Lesson Number/threat_active;11850000;1,000000;1776622296,075395
Environment/Lesson Number/threat_active;11880000;1,000000;1776622316,246675
Environment/Lesson Number/threat_active;11910000;1,000000;1776622325,557341
Environment/Lesson Number/threat_active;11940000;1,000000;1776622351,955324
Environment/Lesson Number/threat_active;11970000;1,000000;1776622379,599353
Environment/Lesson Number/threat_active;12000000;1,000000;1776622392,166237
Environment/Lesson Number/threat_active;12030000;1,000000;1776622412,122091
Environment/Lesson Number/threat_active;12060000;1,000000;1776622429,993117
Environment/Lesson Number/threat_active;12090000;1,000000;1776622447,204451
Environment/Lesson Number/threat_active;12120000;1,000000;1776622453,032449
Environment/Lesson Number/threat_active;12150000;1,000000;1776622473,872924
Environment/Lesson Number/threat_active;12180000;1,000000;1776622508,372260
Environment/Lesson Number/threat_active;12210000;1,000000;1776622532,163250
Environment/Lesson Number/threat_active;12240000;1,000000;1776622541,024742
Environment/Lesson Number/threat_active;12270000;1,000000;1776622559,871604
Environment/Lesson Number/threat_active;12300000;1,000000;1776622579,802975
Environment/Lesson Number/threat_active;12330000;1,000000;1776622591,075071
Environment/Lesson Number/threat_active;12360000;1,000000;1776622614,877583
Environment/Lesson Number/threat_active;12390000;1,000000;1776622637,984045
Environment/Lesson Number/threat_active;12420000;1,000000;1776622659,432684
Environment/Lesson Number/threat_active;12450000;1,000000;1776622669,932778
Environment/Lesson Number/threat_active;12480000;1,000000;1776622689,507154
Environment/Lesson Number/threat_active;12510000;1,000000;1776622708,794857
Environment/Lesson Number/threat_active;12540000;1,000000;1776622736,095670
Environment/Lesson Number/threat_active;12570000;1,000000;1776622752,658288
Environment/Lesson Number/threat_active;12600000;1,000000;1776622775,492699
Environment/Lesson Number/threat_active;12630000;1,000000;1776622795,814666
Environment/Lesson Number/threat_active;12660000;1,000000;1776622804,488034
Environment/Lesson Number/threat_active;12690000;1,000000;1776622821,043720
Environment/Lesson Number/threat_active;12720000;1,000000;1776622840,443095
Environment/Lesson Number/threat_active;12750000;1,000000;1776622862,897204
Environment/Lesson Number/threat_active;12780000;1,000000;1776622878,101623
Environment/Lesson Number/threat_active;12810000;1,000000;1776622901,930781
Environment/Lesson Number/threat_active;12840000;1,000000;1776622923,972736
Environment/Lesson Number/threat_active;12870000;1,000000;1776622943,943230
Environment/Lesson Number/threat_active;12900000;1,000000;1776622954,473956
Environment/Lesson Number/threat_active;12930000;1,000000;1776622979,238699
Environment/Lesson Number/threat_active;12960000;1,000000;1776623002,654810
Environment/Lesson Number/threat_active;12990000;1,000000;1776623016,627507
Environment/Lesson Number/threat_active;13020000;1,000000;1776623036,284346
Environment/Lesson Number/threat_active;13050000;1,000000;1776623057,648617
Environment/Lesson Number/threat_active;13080000;1,000000;1776623082,917346
Environment/Lesson Number/threat_active;13110000;1,000000;1776623096,662932
Environment/Lesson Number/threat_active;13140000;1,000000;1776623118,217635
Environment/Lesson Number/threat_active;13170000;1,000000;1776623137,779530
Environment/Lesson Number/threat_active;13200000;1,000000;1776623156,626312
Environment/Lesson Number/threat_active;13230000;1,000000;1776623167,054499
Environment/Lesson Number/threat_active;13260000;1,000000;1776623195,401928
Environment/Lesson Number/threat_active;13290000;1,000000;1776623220,248203
Environment/Lesson Number/threat_active;13320000;1,000000;1776623232,698275
Environment/Lesson Number/threat_active;13350000;1,000000;1776623253,303776
Environment/Lesson Number/threat_active;13380000;1,000000;1776623272,389891
Environment/Lesson Number/threat_active;13410000;1,000000;1776623291,783842
Environment/Lesson Number/threat_active;13440000;1,000000;1776623301,848100
Environment/Lesson Number/threat_active;13470000;1,000000;1776623328,673435
Environment/Lesson Number/threat_active;13500000;1,000000;1776623358,425427
Environment/Lesson Number/threat_active;13530000;1,000000;1776623381,926835
Environment/Lesson Number/threat_active;13560000;1,000000;1776623391,019770
Environment/Lesson Number/threat_active;13590000;1,000000;1776623410,739199
Environment/Lesson Number/threat_active;13620000;1,000000;1776623428,652300
Environment/Lesson Number/threat_active;13650000;1,000000;1776623436,590258
Environment/Lesson Number/threat_active;13680000;1,000000;1776623456,617388
Environment/Lesson Number/threat_active;13710000;1,000000;1776623476,075478
Environment/Lesson Number/threat_active;13740000;1,000000;1776623497,913601
Environment/Lesson Number/threat_active;13770000;1,000000;1776623514,234371
Environment/Lesson Number/threat_active;13800000;1,000000;1776623537,489612
Environment/Lesson Number/threat_active;13830000;1,000000;1776623559,190589
Environment/Lesson Number/threat_active;13860000;1,000000;1776623578,800400
Environment/Lesson Number/threat_active;13890000;1,000000;1776623588,468990
Environment/Lesson Number/threat_active;13920000;1,000000;1776623607,935371
Environment/Lesson Number/threat_active;13950000;1,000000;1776623633,544801
Environment/Lesson Number/threat_active;13980000;1,000000;1776623660,919470
Environment/Lesson Number/threat_active;14010000;1,000000;1776623674,911500
Environment/Lesson Number/threat_active;14040000;1,000000;1776623695,994956
Environment/Lesson Number/threat_active;14070000;1,000000;1776623717,775562
Environment/Lesson Number/threat_active;14100000;1,000000;1776623729,660899
Environment/Lesson Number/threat_active;14130000;1,000000;1776623749,956286
Environment/Lesson Number/threat_active;14160000;1,000000;1776623771,477446
Environment/Lesson Number/threat_active;14190000;1,000000;1776623793,935028
Environment/Lesson Number/threat_active;14220000;1,000000;1776623804,284609
Environment/Lesson Number/threat_active;14250000;1,000000;1776623827,936316
Environment/Lesson Number/threat_active;14280000;1,000000;1776623851,286815
Environment/Lesson Number/threat_active;14310000;1,000000;1776623872,482301
Environment/Lesson Number/threat_active;14340000;1,000000;1776623884,049973
Environment/Lesson Number/threat_active;14370000;1,000000;1776623905,846754
Environment/Lesson Number/threat_active;14400000;1,000000;1776623925,414569
Environment/Lesson Number/threat_active;14430000;1,000000;1776623934,314221
Environment/Lesson Number/threat_active;14460000;1,000000;1776623956,668927
Environment/Lesson Number/threat_active;14490000;1,000000;1776623978,047235
Environment/Lesson Number/threat_active;14520000;1,000000;1776623999,184885
Environment/Lesson Number/threat_active;14550000;1,000000;1776624014,141583
Environment/Lesson Number/threat_active;14580000;1,000000;1776624039,884879
Environment/Lesson Number/threat_active;14610000;1,000000;1776624062,831041
Environment/Lesson Number/threat_active;14640000;1,000000;1776624084,466343
Environment/Lesson Number/threat_active;14670000;1,000000;1776624095,936613
Environment/Lesson Number/threat_active;14700000;1,000000;1776624118,582935
Environment/Lesson Number/threat_active;14730000;1,000000;1776624139,278164
Environment/Lesson Number/threat_active;14760000;1,000000;1776624147,488228
Environment/Lesson Number/threat_active;14790000;1,000000;1776624171,366651
Environment/Lesson Number/threat_active;14820000;1,000000;1776624194,193485
Environment/Lesson Number/threat_active;14850000;1,000000;1776624216,910660
Environment/Lesson Number/threat_active;14880000;1,000000;1776624228,098425
Environment/Lesson Number/threat_active;14910000;1,000000;1776624250,600699
Environment/Lesson Number/threat_active;14940000;1,000000;1776624268,482912
Environment/Lesson Number/threat_active;14970000;1,000000;1776624289,563036
Environment/Lesson Number/threat_active;15000000;1,000000;1776624306,498078
Environment/Lesson Number/threat_active;15030000;1,000000;1776624333,069361
Environment/Lesson Number/threat_active;15060000;1,000000;1776624354,619295
Environment/Lesson Number/threat_active;15090000;1,000000;1776624373,791315
Environment/Lesson Number/threat_active;15120000;1,000000;1776624381,446243
Environment/Lesson Number/threat_active;15150000;1,000000;1776624399,225755
Environment/Lesson Number/threat_active;15180000;1,000000;1776624418,772700
Environment/Lesson Number/threat_active;15210000;1,000000;1776624436,045196
Environment/Lesson Number/threat_active;15240000;1,000000;1776624463,459282
Environment/Lesson Number/threat_active;15270000;1,000000;1776624485,293581
Environment/Lesson Number/threat_active;15300000;1,000000;1776624505,618397
Environment/Lesson Number/threat_active;15330000;1,000000;1776624514,472526
Environment/Lesson Number/threat_active;15360000;1,000000;1776624537,273483
Environment/Lesson Number/threat_active;15390000;1,000000;1776624561,317875
Environment/Lesson Number/threat_active;15420000;1,000000;1776624584,102282
Environment/Lesson Number/threat_active;15450000;1,000000;1776624598,556546
Environment/Lesson Number/threat_active;15480000;1,000000;1776624618,821991
Environment/Lesson Number/threat_active;15510000;1,000000;1776624637,588419
Environment/Lesson Number/threat_active;15540000;1,000000;1776624645,355274
Environment/Lesson Number/threat_active;15570000;1,000000;1776624666,942998
Environment/Lesson Number/threat_active;15600000;1,000000;1776624695,248394
Environment/Lesson Number/threat_active;15630000;1,000000;1776624716,933794
Environment/Lesson Number/threat_active;15660000;1,000000;1776624725,369598
Environment/Lesson Number/threat_active;15690000;1,000000;1776624744,130346
Environment/Lesson Number/threat_active;15720000;1,000000;1776624767,111921
Environment/Lesson Number/threat_active;15750000;1,000000;1776624796,902618
Environment/Lesson Number/threat_active;15780000;1,000000;1776624808,206167
Environment/Lesson Number/threat_active;15810000;1,000000;1776624827,750517
Environment/Lesson Number/threat_active;15840000;1,000000;1776624848,052918
Environment/Lesson Number/threat_active;15870000;1,000000;1776624857,972569
Environment/Lesson Number/threat_active;15900000;1,000000;1776624880,949327
Environment/Lesson Number/threat_active;15930000;1,000000;1776624906,650109
Environment/Lesson Number/threat_active;15960000;1,000000;1776624928,773755
Environment/Lesson Number/threat_active;15990000;1,000000;1776624938,607755
Environment/Lesson Number/threat_active;16020000;1,000000;1776624958,870774
Environment/Lesson Number/threat_active;16050000;1,000000;1776624979,117241
Environment/Lesson Number/threat_active;16080000;1,000000;1776625002,264380
Environment/Lesson Number/threat_active;16110000;1,000000;1776625019,905274
Environment/Lesson Number/threat_active;16140000;1,000000;1776625044,386918
Environment/Lesson Number/threat_active;16170000;1,000000;1776625066,294561
Environment/Lesson Number/threat_active;16200000;1,000000;1776625085,432608
Environment/Lesson Number/threat_active;16230000;1,000000;1776625093,101933
Environment/Lesson Number/threat_active;16260000;1,000000;1776625110,577809
Environment/Lesson Number/threat_active;16290000;1,000000;1776625131,634818
Environment/Lesson Number/threat_active;16320000;1,000000;1776625150,220424
Environment/Lesson Number/threat_active;16350000;1,000000;1776625173,870976
Environment/Lesson Number/threat_active;16380000;1,000000;1776625195,702497
Environment/Lesson Number/threat_active;16410000;1,000000;1776625217,527774
Environment/Lesson Number/threat_active;16440000;1,000000;1776625230,874228
Environment/Lesson Number/threat_active;16470000;1,000000;1776625253,522764
Environment/Lesson Number/threat_active;16500000;1,000000;1776625277,140414
Environment/Lesson Number/threat_active;16530000;1,000000;1776625296,442970
Environment/Lesson Number/threat_active;16560000;1,000000;1776625304,665293
Environment/Lesson Number/threat_active;16590000;1,000000;1776625322,442642
Environment/Lesson Number/threat_active;16620000;1,000000;1776625343,052660
Environment/Lesson Number/threat_active;16650000;1,000000;1776625362,790678
Environment/Lesson Number/threat_active;16680000;1,000000;1776625385,989993
Environment/Lesson Number/threat_active;16710000;1,000000;1776625408,539712
Environment/Lesson Number/threat_active;16740000;1,000000;1776625429,486443
Environment/Lesson Number/threat_active;16770000;1,000000;1776625439,275958
Environment/Lesson Number/threat_active;16800000;1,000000;1776625459,174779
Environment/Lesson Number/threat_active;16830000;1,000000;1776625481,249913
Environment/Lesson Number/threat_active;16860000;1,000000;1776625503,796059
Environment/Lesson Number/threat_active;16890000;1,000000;1776625515,174532
Environment/Lesson Number/threat_active;16920000;1,000000;1776625537,459004
Environment/Lesson Number/threat_active;16950000;1,000000;1776625560,783087
Environment/Lesson Number/threat_active;16980000;1,000000;1776625576,568957
Environment/Lesson Number/threat_active;17010000;1,000000;1776625597,273744
Environment/Lesson Number/threat_active;17040000;1,000000;1776625617,178421
Environment/Lesson Number/threat_active;17070000;1,000000;1776625637,164775
Environment/Lesson Number/threat_active;17100000;1,000000;1776625648,199497
Environment/Lesson Number/threat_active;17130000;1,000000;1776625672,427989
Environment/Lesson Number/threat_active;17160000;1,000000;1776625696,927260
Environment/Lesson Number/threat_active;17190000;1,000000;1776625721,711585
Environment/Lesson Number/threat_active;17220000;1,000000;1776625731,613214
Environment/Lesson Number/threat_active;17250000;1,000000;1776625753,417100
Environment/Lesson Number/threat_active;17280000;1,000000;1776625775,172484
Environment/Lesson Number/threat_active;17310000;1,000000;1776625795,301937
Environment/Lesson Number/threat_active;17340000;1,000000;1776625805,596022
Environment/Lesson Number/threat_active;17370000;1,000000;1776625823,117859
Environment/Lesson Number/threat_active;17400000;1,000000;1776625846,310240
Environment/Lesson Number/threat_active;17430000;1,000000;1776625860,988026
Environment/Lesson Number/threat_active;17460000;1,000000;1776625885,038293
Environment/Lesson Number/threat_active;17490000;1,000000;1776625905,497903
Environment/Lesson Number/threat_active;17520000;1,000000;1776625926,210021
Environment/Lesson Number/threat_active;17550000;1,000000;1776625939,644523
Environment/Lesson Number/threat_active;17580000;1,000000;1776625966,032306
Environment/Lesson Number/threat_active;17610000;1,000000;1776625990,453704
Environment/Lesson Number/threat_active;17640000;1,000000;1776626013,543533
Environment/Lesson Number/threat_active;17670000;1,000000;1776626024,371082
Environment/Lesson Number/threat_active;17700000;1,000000;1776626042,435054
Environment/Lesson Number/threat_active;17730000;1,000000;1776626060,108916
Environment/Lesson Number/threat_active;17760000;1,000000;1776626068,076344
Environment/Lesson Number/threat_active;17790000;1,000000;1776626088,691949
Environment/Lesson Number/threat_active;17820000;1,000000;1776626117,517984
Environment/Lesson Number/threat_active;17850000;1,000000;1776626139,907765
Environment/Lesson Number/threat_active;17880000;1,000000;1776626152,283934
Environment/Lesson Number/threat_active;17910000;1,000000;1776626173,052616
Environment/Lesson Number/threat_active;17940000;1,000000;1776626191,214933
Environment/Lesson Number/threat_active;17970000;1,000000;1776626211,421849
Environment/Lesson Number/threat_active;18000000;1,000000;1776626226,780875
Environment/Lesson Number/threat_active;18030000;1,000000;1776626252,005251
Environment/Lesson Number/threat_active;18060000;1,000000;1776626274,419933
Environment/Lesson Number/threat_active;18090000;1,000000;1776626285,849909
Environment/Lesson Number/threat_active;18120000;1,000000;1776626306,665786
Environment/Lesson Number/threat_active;18150000;1,000000;1776626328,986616
Environment/Lesson Number/threat_active;18180000;1,000000;1776626350,089618
Environment/Lesson Number/threat_active;18210000;1,000000;1776626362,784630
Environment/Lesson Number/threat_active;18240000;1,000000;1776626384,948797
Environment/Lesson Number/threat_active;18270000;1,000000;1776626405,164499
Environment/Lesson Number/threat_active;18300000;1,000000;1776626425,384262
Environment/Lesson Number/threat_active;18330000;1,000000;1776626434,999463
Environment/Lesson Number/threat_active;18360000;1,000000;1776626461,118461
Environment/Lesson Number/threat_active;18390000;1,000000;1776626488,155618
Environment/Lesson Number/threat_active;18420000;1,000000;1776626498,389303
Environment/Lesson Number/threat_active;18450000;1,000000;1776626519,735722
Environment/Lesson Number/threat_active;18480000;1,000000;1776626540,589521
Environment/Lesson Number/threat_active;18510000;1,000000;1776626559,936650
Environment/Lesson Number/threat_active;18540000;1,000000;1776626568,818549
Environment/Lesson Number/threat_active;18570000;1,000000;1776626590,633051
Environment/Lesson Number/threat_active;18600000;1,000000;1776626615,877748
Environment/Lesson Number/threat_active;18630000;1,000000;1776626642,861577
Environment/Lesson Number/threat_active;18660000;1,000000;1776626652,882434
Environment/Lesson Number/threat_active;18690000;1,000000;1776626671,966864
Environment/Lesson Number/threat_active;18720000;1,000000;1776626691,842652
Environment/Lesson Number/threat_active;18750000;1,000000;1776626713,762068
Environment/Lesson Number/threat_active;18780000;1,000000;1776626729,779263
Environment/Lesson Number/threat_active;18810000;1,000000;1776626757,681170
Environment/Lesson Number/threat_active;18840000;1,000000;1776626778,562669
Environment/Lesson Number/threat_active;18870000;1,000000;1776626786,705605
Environment/Lesson Number/threat_active;18900000;1,000000;1776626805,221438
Environment/Lesson Number/threat_active;18930000;1,000000;1776626824,024338
Environment/Lesson Number/threat_active;18960000;1,000000;1776626847,275464
Environment/Lesson Number/threat_active;18990000;1,000000;1776626862,300203
Environment/Lesson Number/threat_active;19020000;1,000000;1776626886,113827
Environment/Lesson Number/threat_active;19050000;1,000000;1776626906,453256
Environment/Lesson Number/threat_active;19080000;1,000000;1776626925,705741
Environment/Lesson Number/threat_active;19110000;1,000000;1776626932,950404
Environment/Lesson Number/threat_active;19140000;1,000000;1776626954,625402
Environment/Lesson Number/threat_active;19170000;1,000000;1776626991,238222
Environment/Lesson Number/threat_active;19200000;1,000000;1776627005,210060
Environment/Lesson Number/threat_active;19230000;1,000000;1776627025,014670
Environment/Lesson Number/threat_active;19260000;1,000000;1776627044,854766
Environment/Lesson Number/threat_active;19290000;1,000000;1776627063,077358
Environment/Lesson Number/threat_active;19320000;1,000000;1776627074,840929
Environment/Lesson Number/threat_active;19350000;1,000000;1776627099,286512
Environment/Lesson Number/threat_active;19380000;1,000000;1776627122,093063
Environment/Lesson Number/threat_active;19410000;1,000000;1776627142,870934
Environment/Lesson Number/threat_active;19440000;1,000000;1776627151,519247
Environment/Lesson Number/threat_active;19470000;1,000000;1776627172,081806
Environment/Lesson Number/threat_active;19500000;1,000000;1776627196,089751
Environment/Lesson Number/threat_active;19530000;1,000000;1776627207,628398
Environment/Lesson Number/threat_active;19560000;1,000000;1776627230,665138
Environment/Lesson Number/threat_active;19590000;1,000000;1776627253,144719
Environment/Lesson Number/threat_active;19620000;1,000000;1776627274,410076
Environment/Lesson Number/threat_active;19650000;1,000000;1776627289,629864
Environment/Lesson Number/threat_active;19680000;1,000000;1776627313,538428
Environment/Lesson Number/threat_active;19710000;1,000000;1776627336,168247
Environment/Lesson Number/threat_active;19740000;1,000000;1776627357,287576
Environment/Lesson Number/threat_active;19770000;1,000000;1776627364,713183
Environment/Lesson Number/threat_active;19800000;1,000000;1776627382,764154
Environment/Lesson Number/threat_active;19830000;1,000000;1776627401,514860
Environment/Lesson Number/threat_active;19860000;1,000000;1776627424,927610
Environment/Lesson Number/threat_active;19890000;1,000000;1776627440,941518
Environment/Lesson Number/threat_active;19920000;1,000000;1776627463,023524
Environment/Lesson Number/threat_active;19950000;1,000000;1776627484,407884
Environment/Lesson Number/threat_active;19980000;1,000000;1776627495,180396
Losses/Policy Loss;60000;0,024841;1776614647,576334
Losses/Policy Loss;90000;0,027387;1776614680,679744
Losses/Policy Loss;150000;0,024654;1776614738,550331
Losses/Policy Loss;180000;0,023848;1776614768,593388
Losses/Policy Loss;210000;0,023678;1776614786,089002
Losses/Policy Loss;270000;0,028327;1776614822,111531
Losses/Policy Loss;300000;0,022521;1776614850,461680
Losses/Policy Loss;330000;0,025416;1776614872,568152
Losses/Policy Loss;390000;0,021265;1776614900,417542
Losses/Policy Loss;420000;0,024177;1776614947,514218
Losses/Policy Loss;480000;0,023987;1776614989,411137
Losses/Policy Loss;510000;0,024872;1776615013,367300
Losses/Policy Loss;540000;0,023326;1776615032,597558
Losses/Policy Loss;600000;0,027248;1776615055,310691
Losses/Policy Loss;630000;0,025783;1776615073,220989
Losses/Policy Loss;690000;0,023171;1776615094,854890
Losses/Policy Loss;720000;0,025437;1776615117,137673
Losses/Policy Loss;780000;0,023346;1776615159,746789
Losses/Policy Loss;810000;0,022470;1776615179,533869
Losses/Policy Loss;840000;0,026486;1776615195,950693
Losses/Policy Loss;900000;0,023652;1776615233,937852
Losses/Policy Loss;930000;0,023725;1776615254,645260
Losses/Policy Loss;990000;0,026354;1776615281,174559
Losses/Policy Loss;1020000;0,026047;1776615304,153720
Losses/Policy Loss;1050000;0,024845;1776615325,314528
Losses/Policy Loss;1110000;0,023253;1776615359,520146
Losses/Policy Loss;1140000;0,025736;1776615380,768572
Losses/Policy Loss;1200000;0,025425;1776615416,916832
Losses/Policy Loss;1230000;0,028832;1776615436,335924
Losses/Policy Loss;1260000;0,026015;1776615456,734780
Losses/Policy Loss;1320000;0,023381;1776615482,648556
Losses/Policy Loss;1350000;0,029859;1776615505,686300
Losses/Policy Loss;1410000;0,027517;1776615543,869525
Losses/Policy Loss;1440000;0,023978;1776615572,824647
Losses/Policy Loss;1470000;0,022669;1776615594,728759
Losses/Policy Loss;1530000;0,023522;1776615621,540693
Losses/Policy Loss;1560000;0,023720;1776615638,790908
Losses/Policy Loss;1590000;0,023709;1776615660,898288
Losses/Policy Loss;1650000;0,024691;1776615690,369982
Losses/Policy Loss;1680000;0,025769;1776615718,099745
Losses/Policy Loss;1740000;0,027189;1776615754,162531
Losses/Policy Loss;1770000;0,024897;1776615778,098007
Losses/Policy Loss;1830000;0,024555;1776615809,536223
Losses/Policy Loss;1860000;0,022408;1776615828,418530
Losses/Policy Loss;1890000;0,023319;1776615856,471785
Losses/Policy Loss;1950000;0,023663;1776615902,777058
Losses/Policy Loss;1980000;0,024667;1776615925,939563
Losses/Policy Loss;2010000;0,026006;1776615946,292380
Losses/Policy Loss;2070000;0,026292;1776615973,193905
Losses/Policy Loss;2100000;0,021844;1776615994,314095
Losses/Policy Loss;2160000;0,022281;1776616021,708903
Losses/Policy Loss;2190000;0,024267;1776616043,939081
Losses/Policy Loss;2220000;0,024552;1776616068,669917
Losses/Policy Loss;2280000;0,027209;1776616112,067242
Losses/Policy Loss;2310000;0,029404;1776616139,625224
Losses/Policy Loss;2340000;0,023465;1776616163,553165
Losses/Policy Loss;2400000;0,026014;1776616195,047781
Losses/Policy Loss;2430000;0,025149;1776616222,891726
Losses/Policy Loss;2460000;0,026859;1776616253,315681
Losses/Policy Loss;2520000;0,024838;1776616296,260950
Losses/Policy Loss;2550000;0,024772;1776616322,594443
Losses/Policy Loss;2610000;0,023865;1776616358,052958
Losses/Policy Loss;2640000;0,021152;1776616381,219510
Losses/Policy Loss;2670000;0,026402;1776616403,758626
Losses/Policy Loss;2730000;0,022941;1776616432,962552
Losses/Policy Loss;2760000;0,028488;1776616455,937327
Losses/Policy Loss;2790000;0,026534;1776616480,561283
Losses/Policy Loss;2850000;0,026010;1776616511,209787
Losses/Policy Loss;2880000;0,025051;1776616530,520904
Losses/Policy Loss;2940000;0,024437;1776616561,129034
Losses/Policy Loss;2970000;0,023744;1776616583,562918
Losses/Policy Loss;3000000;0,021931;1776616607,268417
Losses/Policy Loss;3060000;0,025043;1776616641,412894
Losses/Policy Loss;3090000;0,024261;1776616665,072560
Losses/Policy Loss;3120000;0,026501;1776616690,938994
Losses/Policy Loss;3180000;0,022297;1776616728,933352
Losses/Policy Loss;3210000;0,026184;1776616753,160631
Losses/Policy Loss;3270000;0,025986;1776616793,771917
Losses/Policy Loss;3300000;0,028680;1776616822,508185
Losses/Policy Loss;3330000;0,024999;1776616848,528850
Losses/Policy Loss;3390000;0,025938;1776616878,976580
Losses/Policy Loss;3420000;0,023945;1776616900,331222
Losses/Policy Loss;3450000;0,022178;1776616926,028441
Losses/Policy Loss;3510000;0,022683;1776616965,677423
Losses/Policy Loss;3540000;0,025502;1776616990,041134
Losses/Policy Loss;3600000;0,024467;1776617024,297101
Losses/Policy Loss;3630000;0,023929;1776617043,290122
Losses/Policy Loss;3660000;0,024708;1776617061,374853
Losses/Policy Loss;3720000;0,023579;1776617089,646948
Losses/Policy Loss;3750000;0,026519;1776617110,642247
Losses/Policy Loss;3780000;0,023423;1776617134,039098
Losses/Policy Loss;3840000;0,026857;1776617170,918535
Losses/Policy Loss;3870000;0,025505;1776617195,558609
Losses/Policy Loss;3900000;0,022947;1776617218,553029
Losses/Policy Loss;3960000;0,023601;1776617248,414811
Losses/Policy Loss;3990000;0,026450;1776617267,828077
Losses/Policy Loss;4050000;0,023240;1776617301,430768
Losses/Policy Loss;4080000;0,024078;1776617325,516316
Losses/Policy Loss;4110000;0,021329;1776617347,399577
Losses/Policy Loss;4170000;0,020692;1776617379,090444
Losses/Policy Loss;4200000;0,023797;1776617401,300854
Losses/Policy Loss;4230000;0,024218;1776617421,486220
Losses/Policy Loss;4290000;0,023355;1776617455,237580
Losses/Policy Loss;4320000;0,022947;1776617478,654590
Losses/Policy Loss;4380000;0,024870;1776617509,217623
Losses/Policy Loss;4410000;0,024036;1776617528,960833
Losses/Policy Loss;4440000;0,024255;1776617548,738531
Losses/Policy Loss;4500000;0,025096;1776617582,266164
Losses/Policy Loss;4530000;0,021304;1776617607,395964
Losses/Policy Loss;4560000;0,025182;1776617635,071870
Losses/Policy Loss;4620000;0,023490;1776617670,207583
Losses/Policy Loss;4650000;0,025649;1776617690,238206
Losses/Policy Loss;4710000;0,022403;1776617719,211361
Losses/Policy Loss;4740000;0,028069;1776617739,054166
Losses/Policy Loss;4770000;0,023171;1776617761,051903
Losses/Policy Loss;4830000;0,025737;1776617794,067013
Losses/Policy Loss;4860000;0,024900;1776617815,421824
Losses/Policy Loss;4890000;0,023957;1776617836,908334
Losses/Policy Loss;4950000;0,024281;1776617873,681326
Losses/Policy Loss;4980000;0,024439;1776617895,964082
Losses/Policy Loss;5010000;0,022855;1776617917,676735
Losses/Policy Loss;5070000;0,027980;1776617949,417974
Losses/Policy Loss;5100000;0,024104;1776617972,558553
Losses/Policy Loss;5160000;0,025352;1776618003,150850
Losses/Policy Loss;5190000;0,023545;1776618022,788356
Losses/Policy Loss;5220000;0,028224;1776618043,021037
Losses/Policy Loss;5280000;0,025638;1776618084,094735
Losses/Policy Loss;5310000;0,023544;1776618105,997093
Losses/Policy Loss;5340000;0,023556;1776618126,426335
Losses/Policy Loss;5400000;0,023600;1776618157,765845
Losses/Policy Loss;5430000;0,026444;1776618181,556964
Losses/Policy Loss;5490000;0,023097;1776618216,871185
Losses/Policy Loss;5520000;0,026788;1776618239,578388
Losses/Policy Loss;5550000;0,023512;1776618258,917451
Losses/Policy Loss;5610000;0,021679;1776618297,853132
Losses/Policy Loss;5640000;0,024483;1776618321,732776
Losses/Policy Loss;5670000;0,024976;1776618341,993179
Losses/Policy Loss;5730000;0,022912;1776618368,464452
Losses/Policy Loss;5760000;0,025566;1776618387,363235
Losses/Policy Loss;5820000;0,027780;1776618423,801670
Losses/Policy Loss;5850000;0,024717;1776618445,827566
Losses/Policy Loss;5880000;0,022511;1776618467,763513
Losses/Policy Loss;5940000;0,025924;1776618507,425455
Losses/Policy Loss;5970000;0,028353;1776618529,782168
Losses/Policy Loss;6000000;0,026997;1776618552,752300
Losses/Policy Loss;6060000;0,024074;1776618582,652936
Losses/Policy Loss;6090000;0,022520;1776618600,917543
Losses/Policy Loss;6120000;0,025558;1776618619,740573
Losses/Policy Loss;6180000;0,026747;1776618652,025190
Losses/Policy Loss;6210000;0,025529;1776618673,615871
Losses/Policy Loss;6270000;0,023959;1776618711,498387
Losses/Policy Loss;6300000;0,026658;1776618733,339837
Losses/Policy Loss;6330000;0,024932;1776618754,859512
Losses/Policy Loss;6390000;0,025545;1776618784,169314
Losses/Policy Loss;6420000;0,023419;1776618803,539422
Losses/Policy Loss;6450000;0,024573;1776618824,088057
Losses/Policy Loss;6510000;0,024997;1776618863,763242
Losses/Policy Loss;6540000;0,025111;1776618887,754473
Losses/Policy Loss;6600000;0,022390;1776618918,867353
Losses/Policy Loss;6630000;0,022499;1776618940,214149
Losses/Policy Loss;6660000;0,025377;1776618961,816549
Losses/Policy Loss;6720000;0,025859;1776618992,522775
Losses/Policy Loss;6750000;0,025821;1776619013,181416
Losses/Policy Loss;6780000;0,025883;1776619034,009110
Losses/Policy Loss;6840000;0,023343;1776619071,376356
Losses/Policy Loss;6870000;0,025945;1776619095,573866
Losses/Policy Loss;6930000;0,024733;1776619128,336354
Losses/Policy Loss;6960000;0,027337;1776619150,707139
Losses/Policy Loss;6990000;0,022323;1776619171,450453
Losses/Policy Loss;7050000;0,025003;1776619202,723987
Losses/Policy Loss;7080000;0,025236;1776619229,730000
Losses/Policy Loss;7110000;0,023028;1776619255,190069
Losses/Policy Loss;7170000;0,021102;1776619288,402354
Losses/Policy Loss;7200000;0,027533;1776619309,400731
Losses/Policy Loss;7260000;0,023593;1776619338,876532
Losses/Policy Loss;7290000;0,023470;1776619358,912015
Losses/Policy Loss;7320000;0,024559;1776619380,752301
Losses/Policy Loss;7380000;0,024315;1776619415,400651
Losses/Policy Loss;7410000;0,026091;1776619439,100860
Losses/Policy Loss;7440000;0,025075;1776619461,012541
Losses/Policy Loss;7500000;0,025779;1776619492,894149
Losses/Policy Loss;7530000;0,026928;1776619510,911237
Losses/Policy Loss;7560000;0,024057;1776619530,255362
Losses/Policy Loss;7620000;0,027039;1776619568,590693
Losses/Policy Loss;7650000;0,026083;1776619589,854462
Losses/Policy Loss;7710000;0,023358;1776619616,117442
Losses/Policy Loss;7740000;0,026610;1776619641,591402
Losses/Policy Loss;7770000;0,025937;1776619670,674259
Losses/Policy Loss;7830000;0,029126;1776619702,784920
Losses/Policy Loss;7860000;0,025079;1776619723,612654
Losses/Policy Loss;7890000;0,023423;1776619745,788487
Losses/Policy Loss;7950000;0,023862;1776619782,389491
Losses/Policy Loss;7980000;0,027731;1776619803,633462
Losses/Policy Loss;8040000;0,024853;1776619830,785565
Losses/Policy Loss;8070000;0,026787;1776619850,421266
Losses/Policy Loss;8100000;0,024050;1776619873,550681
Losses/Policy Loss;8160000;0,023651;1776619914,381783
Losses/Policy Loss;8190000;0,026056;1776619933,863353
Losses/Policy Loss;8220000;0,024741;1776619951,674967
Losses/Policy Loss;8280000;0,023367;1776619984,879717
Losses/Policy Loss;8310000;0,023155;1776620014,118940
Losses/Policy Loss;8370000;0,022357;1776620047,282712
Losses/Policy Loss;8400000;0,025423;1776620066,389202
Losses/Policy Loss;8430000;0,026151;1776620084,866915
Losses/Policy Loss;8490000;0,021681;1776620124,395020
Losses/Policy Loss;8520000;0,023951;1776620146,311320
Losses/Policy Loss;8550000;0,025874;1776620166,389739
Losses/Policy Loss;8610000;0,026801;1776620201,845433
Losses/Policy Loss;8640000;0,024465;1776620225,185953
Losses/Policy Loss;8700000;0,025641;1776620258,583589
Losses/Policy Loss;8730000;0,023633;1776620278,636831
Losses/Policy Loss;8760000;0,022604;1776620297,805525
Losses/Policy Loss;8820000;0,022763;1776620331,304242
Losses/Policy Loss;8850000;0,023891;1776620358,419491
Losses/Policy Loss;8880000;0,027099;1776620381,527001
Losses/Policy Loss;8940000;0,022391;1776620408,930522
Losses/Policy Loss;8970000;0,027543;1776620426,795028
Losses/Policy Loss;9000000;0,028233;1776620448,523451
Losses/Policy Loss;9060000;0,025650;1776620483,811770
Losses/Policy Loss;9090000;0,026767;1776620505,569136
Losses/Policy Loss;9150000;0,027389;1776620540,584296
Losses/Policy Loss;9180000;0,025976;1776620565,562104
Losses/Policy Loss;9210000;0,024408;1776620592,808532
Losses/Policy Loss;9270000;0,024388;1776620623,654485
Losses/Policy Loss;9300000;0,025526;1776620642,429202
Losses/Policy Loss;9330000;0,022229;1776620660,702209
Losses/Policy Loss;9390000;0,026868;1776620693,858773
Losses/Policy Loss;9420000;0,025709;1776620714,999958
Losses/Policy Loss;9480000;0,025287;1776620748,493536
Losses/Policy Loss;9510000;0,026114;1776620772,118473
Losses/Policy Loss;9540000;0,024978;1776620796,107787
Losses/Policy Loss;9600000;0,024757;1776620829,654326
Losses/Policy Loss;9630000;0,024898;1776620850,947653
Losses/Policy Loss;9660000;0,023811;1776620871,569269
Losses/Policy Loss;9720000;0,023312;1776620906,861902
Losses/Policy Loss;9750000;0,021296;1776620930,290546
Losses/Policy Loss;9810000;0,024350;1776620961,972764
Losses/Policy Loss;9840000;0,023624;1776620982,604862
Losses/Policy Loss;9870000;0,026550;1776621002,647816
Losses/Policy Loss;9930000;0,023813;1776621039,124910
Losses/Policy Loss;9960000;0,023980;1776621064,584686
Losses/Policy Loss;9990000;0,026471;1776621088,529360
Losses/Policy Loss;10050000;0,028029;1776621119,094779
Losses/Policy Loss;10080000;0,026380;1776621137,283523
Losses/Policy Loss;10140000;0,025946;1776621163,277613
Losses/Policy Loss;10170000;0,022814;1776621184,374937
Losses/Policy Loss;10200000;0,024086;1776621214,792012
Losses/Policy Loss;10260000;0,027007;1776621255,784937
Losses/Policy Loss;10290000;0,024103;1776621280,552722
Losses/Policy Loss;10320000;0,024438;1776621306,432415
Losses/Policy Loss;10380000;0,024403;1776621349,119183
Losses/Policy Loss;10410000;0,024327;1776621375,108174
Losses/Policy Loss;10440000;0,026217;1776621399,371846
Losses/Policy Loss;10500000;0,022279;1776621430,362788
Losses/Policy Loss;10530000;0,025151;1776621454,997138
Losses/Policy Loss;10590000;0,022785;1776621490,385725
Losses/Policy Loss;10620000;0,021356;1776621510,219247
Losses/Policy Loss;10650000;0,024016;1776621531,812588
Losses/Policy Loss;10710000;0,024626;1776621562,821708
Losses/Policy Loss;10740000;0,022221;1776621584,707209
Losses/Policy Loss;10770000;0,025756;1776621606,506704
Losses/Policy Loss;10830000;0,023573;1776621641,269145
Losses/Policy Loss;10860000;0,024643;1776621668,258265
Losses/Policy Loss;10920000;0,026138;1776621699,541551
Losses/Policy Loss;10950000;0,023175;1776621719,917727
Losses/Policy Loss;10980000;0,024105;1776621740,658487
Losses/Policy Loss;11040000;0,023454;1776621775,733231
Losses/Policy Loss;11070000;0,029105;1776621799,234665
Losses/Policy Loss;11100000;0,025614;1776621819,872780
Losses/Policy Loss;11160000;0,025549;1776621847,435315
Losses/Policy Loss;11190000;0,022342;1776621871,303556
Losses/Policy Loss;11250000;0,025376;1776621915,346701
Losses/Policy Loss;11280000;0,026889;1776621938,347553
Losses/Policy Loss;11310000;0,024396;1776621960,386580
Losses/Policy Loss;11370000;0,024855;1776621987,506835
Losses/Policy Loss;11400000;0,026593;1776622005,931387
Losses/Policy Loss;11430000;0,023045;1776622026,148872
Losses/Policy Loss;11490000;0,025603;1776622064,301551
Losses/Policy Loss;11520000;0,024245;1776622088,935847
Losses/Policy Loss;11550000;0,023925;1776622109,548879
Losses/Policy Loss;11610000;0,024255;1776622134,725029
Losses/Policy Loss;11640000;0,023434;1776622157,715363
Losses/Policy Loss;11700000;0,026512;1776622198,862926
Losses/Policy Loss;11730000;0,024793;1776622218,849277
Losses/Policy Loss;11760000;0,024941;1776622238,135201
Losses/Policy Loss;11820000;0,023211;1776622273,828218
Losses/Policy Loss;11850000;0,021809;1776622296,081919
Losses/Policy Loss;11880000;0,025552;1776622316,247679
Losses/Policy Loss;11940000;0,023573;1776622351,963858
Losses/Policy Loss;11970000;0,023277;1776622379,608892
Losses/Policy Loss;12030000;0,023351;1776622412,129622
Losses/Policy Loss;12060000;0,025063;1776622429,997155
Losses/Policy Loss;12090000;0,025459;1776622447,208479
Losses/Policy Loss;12150000;0,022060;1776622473,878979
Losses/Policy Loss;12180000;0,025052;1776622508,386839
Losses/Policy Loss;12210000;0,022436;1776622532,170385
Losses/Policy Loss;12270000;0,026218;1776622559,876154
Losses/Policy Loss;12300000;0,022444;1776622579,809025
Losses/Policy Loss;12360000;0,028750;1776622614,886139
Losses/Policy Loss;12390000;0,025266;1776622637,993089
Losses/Policy Loss;12420000;0,028470;1776622659,438210
Losses/Policy Loss;12480000;0,023417;1776622689,511683
Losses/Policy Loss;12510000;0,024684;1776622708,794857
Losses/Policy Loss;12540000;0,025740;1776622736,106338
Losses/Policy Loss;12600000;0,027654;1776622775,499223
Losses/Policy Loss;12630000;0,025556;1776622795,818676
Losses/Policy Loss;12690000;0,025907;1776622821,043720
Losses/Policy Loss;12720000;0,024051;1776622840,448078
Losses/Policy Loss;12750000;0,024223;1776622862,905463
Losses/Policy Loss;12810000;0,025006;1776622901,938310
Losses/Policy Loss;12840000;0,024399;1776622923,978566
Losses/Policy Loss;12870000;0,024039;1776622943,951262
Losses/Policy Loss;12930000;0,023771;1776622979,238699
Losses/Policy Loss;12960000;0,025338;1776623002,655811
Losses/Policy Loss;13020000;0,023971;1776623036,289457
Losses/Policy Loss;13050000;0,023969;1776623057,655136
Losses/Policy Loss;13080000;0,025547;1776623082,926389
Losses/Policy Loss;13140000;0,027016;1776623118,224780
Losses/Policy Loss;13170000;0,023658;1776623137,783763
Losses/Policy Loss;13200000;0,022380;1776623156,631335
Losses/Policy Loss;13260000;0,024065;1776623195,411600
Losses/Policy Loss;13290000;0,024576;1776623220,260331
Losses/Policy Loss;13350000;0,024155;1776623253,310311
Losses/Policy Loss;13380000;0,023286;1776623272,401843
Losses/Policy Loss;13410000;0,024641;1776623291,783842
Losses/Policy Loss;13470000;0,024939;1776623328,683979
Losses/Policy Loss;13500000;0,022201;1776623358,436979
Losses/Policy Loss;13530000;0,028032;1776623381,933864
Losses/Policy Loss;13590000;0,025768;1776623410,744241
Losses/Policy Loss;13620000;0,022657;1776623428,656332
Losses/Policy Loss;13680000;0,022218;1776623456,610856
Losses/Policy Loss;13710000;0,025996;1776623476,081513
Losses/Policy Loss;13740000;0,023720;1776623497,913601
Losses/Policy Loss;13800000;0,025437;1776623537,498668
Losses/Policy Loss;13830000;0,024950;1776623559,200629
Losses/Policy Loss;13860000;0,026635;1776623578,800400
Losses/Policy Loss;13920000;0,026518;1776623607,939888
Losses/Policy Loss;13950000;0,024544;1776623633,554345
Losses/Policy Loss;13980000;0,024145;1776623660,929549
Losses/Policy Loss;14040000;0,024740;1776623696,000977
Losses/Policy Loss;14070000;0,023610;1776623717,782583
Losses/Policy Loss;14130000;0,028323;1776623749,956286
Losses/Policy Loss;14160000;0,024420;1776623771,482989
Losses/Policy Loss;14190000;0,021495;1776623793,942617
Losses/Policy Loss;14250000;0,025844;1776623827,944368
Losses/Policy Loss;14280000;0,025729;1776623851,294839
Losses/Policy Loss;14310000;0,023133;1776623872,482301
Losses/Policy Loss;14370000;0,025981;1776623905,854271
Losses/Policy Loss;14400000;0,022536;1776623925,420086
Losses/Policy Loss;14460000;0,022792;1776623956,676443
Losses/Policy Loss;14490000;0,025455;1776623978,047235
Losses/Policy Loss;14520000;0,027085;1776623999,190405
Losses/Policy Loss;14580000;0,026797;1776624039,895452
Losses/Policy Loss;14610000;0,024246;1776624062,838067
Losses/Policy Loss;14640000;0,023534;1776624084,472364
Losses/Policy Loss;14700000;0,027445;1776624118,583438
Losses/Policy Loss;14730000;0,027390;1776624139,284716
Losses/Policy Loss;14790000;0,022643;1776624171,363142
Losses/Policy Loss;14820000;0,025957;1776624194,201071
Losses/Policy Loss;14850000;0,025538;1776624216,917711
Losses/Policy Loss;14910000;0,025978;1776624250,607717
Losses/Policy Loss;14940000;0,024603;1776624268,487954
Losses/Policy Loss;14970000;0,026130;1776624289,568635
Losses/Policy Loss;15030000;0,025195;1776624333,080894
Losses/Policy Loss;15060000;0,027438;1776624354,626813
Losses/Policy Loss;15090000;0,023533;1776624373,791315
Losses/Policy Loss;15150000;0,024659;1776624399,230772
Losses/Policy Loss;15180000;0,027548;1776624418,777715
Losses/Policy Loss;15240000;0,024096;1776624463,468856
Losses/Policy Loss;15270000;0,026460;1776624485,298594
Losses/Policy Loss;15300000;0,022953;1776624505,618900
Losses/Policy Loss;15360000;0,023208;1776624537,281548
Losses/Policy Loss;15390000;0,026396;1776624561,325908
Losses/Policy Loss;15420000;0,022712;1776624584,111850
Losses/Policy Loss;15480000;0,027460;1776624618,828517
Losses/Policy Loss;15510000;0,027659;1776624637,592436
Losses/Policy Loss;15570000;0,024128;1776624666,950170
Losses/Policy Loss;15600000;0,026322;1776624695,258921
Losses/Policy Loss;15630000;0,022496;1776624716,944847
Losses/Policy Loss;15690000;0,025787;1776624744,136562
Losses/Policy Loss;15720000;0,023670;1776624767,111921
Losses/Policy Loss;15750000;0,022214;1776624796,915151
Losses/Policy Loss;15810000;0,022708;1776624827,754529
Losses/Policy Loss;15840000;0,023227;1776624848,057960
Losses/Policy Loss;15900000;0,025423;1776624880,946323
Losses/Policy Loss;15930000;0,022966;1776624906,659146
Losses/Policy Loss;15960000;0,024504;1776624928,780785
Losses/Policy Loss;16020000;0,022941;1776624958,875287
Losses/Policy Loss;16050000;0,027250;1776624979,121295
Losses/Policy Loss;16080000;0,024694;1776625002,271957
Losses/Policy Loss;16140000;0,026647;1776625044,394961
Losses/Policy Loss;16170000;0,020902;1776625066,301345
Losses/Policy Loss;16200000;0,022024;1776625085,437134
Losses/Policy Loss;16260000;0,023718;1776625110,582861
Losses/Policy Loss;16290000;0,027148;1776625131,640837
Losses/Policy Loss;16350000;0,024705;1776625173,870976
Losses/Policy Loss;16380000;0,025325;1776625195,709560
Losses/Policy Loss;16410000;0,023589;1776625217,534207
Losses/Policy Loss;16470000;0,026772;1776625253,531310
Losses/Policy Loss;16500000;0,023729;1776625277,149431
Losses/Policy Loss;16530000;0,023751;1776625296,447989
Losses/Policy Loss;16590000;0,023413;1776625322,446664
Losses/Policy Loss;16620000;0,025694;1776625343,059546
Losses/Policy Loss;16680000;0,024998;1776625385,997514
Losses/Policy Loss;16710000;0,026322;1776625408,547941
Losses/Policy Loss;16740000;0,022313;1776625429,495471
Losses/Policy Loss;16800000;0,025248;1776625459,180618
Losses/Policy Loss;16830000;0,024200;1776625481,257507
Losses/Policy Loss;16860000;0,023573;1776625503,801589
Losses/Policy Loss;16920000;0,023915;1776625537,467031
Losses/Policy Loss;16950000;0,023268;1776625560,791125
Losses/Policy Loss;17010000;0,022766;1776625597,271238
Losses/Policy Loss;17040000;0,025519;1776625617,178421
Losses/Policy Loss;17070000;0,024084;1776625637,169797
Losses/Policy Loss;17130000;0,025545;1776625672,440033
Losses/Policy Loss;17160000;0,026241;1776625696,928263
Losses/Policy Loss;17190000;0,024410;1776625721,720153
Losses/Policy Loss;17250000;0,023147;1776625753,423619
Losses/Policy Loss;17280000;0,025027;1776625775,179514
Losses/Policy Loss;17310000;0,025500;1776625795,307789
Losses/Policy Loss;17370000;0,025884;1776625823,122398
Losses/Policy Loss;17400000;0,023517;1776625846,317873
Losses/Policy Loss;17460000;0,027104;1776625885,046324
Losses/Policy Loss;17490000;0,027085;1776625905,503021
Losses/Policy Loss;17520000;0,020997;1776625926,215037
Losses/Policy Loss;17580000;0,022363;1776625966,043152
Losses/Policy Loss;17610000;0,025147;1776625990,463234
Losses/Policy Loss;17640000;0,025419;1776626013,553580
Losses/Policy Loss;17700000;0,023692;1776626042,436058
Losses/Policy Loss;17730000;0,025506;1776626060,112832
Losses/Policy Loss;17790000;0,024675;1776626088,691949
Losses/Policy Loss;17820000;0,027494;1776626117,529306
Losses/Policy Loss;17850000;0,027367;1776626139,907765
Losses/Policy Loss;17910000;0,023518;1776626173,058635
Losses/Policy Loss;17940000;0,024593;1776626191,219073
Losses/Policy Loss;17970000;0,026014;1776626211,427375
Losses/Policy Loss;18030000;0,024774;1776626252,013775
Losses/Policy Loss;18060000;0,022497;1776626274,426076
Losses/Policy Loss;18120000;0,025284;1776626306,665786
Losses/Policy Loss;18150000;0,023835;1776626328,993669
Losses/Policy Loss;18180000;0,024840;1776626350,097147
Losses/Policy Loss;18240000;0,026205;1776626384,954340
Losses/Policy Loss;18270000;0,025691;1776626405,164499
Losses/Policy Loss;18300000;0,023352;1776626425,390281
Losses/Policy Loss;18360000;0,023205;1776626461,127534
Losses/Policy Loss;18390000;0,026164;1776626488,167145
Losses/Policy Loss;18450000;0,025662;1776626519,733211
Losses/Policy Loss;18480000;0,024137;1776626540,594028
Losses/Policy Loss;18510000;0,023840;1776626559,940169
Losses/Policy Loss;18570000;0,025868;1776626590,639071
Losses/Policy Loss;18600000;0,025024;1776626615,886268
Losses/Policy Loss;18630000;0,026636;1776626642,862799
Losses/Policy Loss;18690000;0,023080;1776626671,971874
Losses/Policy Loss;18720000;0,023708;1776626691,847662
Losses/Policy Loss;18750000;0,022126;1776626713,769083
Losses/Policy Loss;18810000;0,026248;1776626757,693224
Losses/Policy Loss;18840000;0,024883;1776626778,569696
Losses/Policy Loss;18900000;0,025377;1776626805,224458
Losses/Policy Loss;18930000;0,025829;1776626824,029355
Losses/Policy Loss;18960000;0,022953;1776626847,283038
Losses/Policy Loss;19020000;0,023564;1776626886,123398
Losses/Policy Loss;19050000;0,024504;1776626906,457896
Losses/Policy Loss;19080000;0,024941;1776626925,713719
Losses/Policy Loss;19140000;0,024150;1776626954,631983
Losses/Policy Loss;19170000;0,023781;1776626991,256903
Losses/Policy Loss;19230000;0,026230;1776627025,020690
Losses/Policy Loss;19260000;0,025953;1776627044,859804
Losses/Policy Loss;19290000;0,022765;1776627063,081889
Losses/Policy Loss;19350000;0,025214;1776627099,294614
Losses/Policy Loss;19380000;0,025741;1776627122,100086
Losses/Policy Loss;19410000;0,024290;1776627142,870934
Losses/Policy Loss;19470000;0,022665;1776627172,088341
Losses/Policy Loss;19500000;0,024960;1776627196,098274
Losses/Policy Loss;19560000;0,025359;1776627230,652064
Losses/Policy Loss;19590000;0,025699;1776627253,152239
Losses/Policy Loss;19620000;0,023088;1776627274,416608
Losses/Policy Loss;19680000;0,023455;1776627313,539603
Losses/Policy Loss;19710000;0,023743;1776627336,177276
Losses/Policy Loss;19740000;0,023396;1776627357,293134
Losses/Policy Loss;19800000;0,023103;1776627382,768167
Losses/Policy Loss;19830000;0,024219;1776627401,520311
Losses/Policy Loss;19860000;0,021005;1776627424,936271
Losses/Policy Loss;19920000;0,023826;1776627463,023524
Losses/Policy Loss;19950000;0,024952;1776627484,413420
Losses/Value Loss;60000;0,077805;1776614647,577482
Losses/Value Loss;90000;0,374004;1776614680,680980
Losses/Value Loss;150000;0,503019;1776614738,551845
Losses/Value Loss;180000;0,672197;1776614768,593388
Losses/Value Loss;210000;0,277983;1776614786,090004
Losses/Value Loss;270000;0,341419;1776614822,111531
Losses/Value Loss;300000;0,380207;1776614850,461680
Losses/Value Loss;330000;0,294585;1776614872,568152
Losses/Value Loss;390000;0,261375;1776614900,417542
Losses/Value Loss;420000;0,306146;1776614947,515218
Losses/Value Loss;480000;0,220948;1776614989,411137
Losses/Value Loss;510000;0,195066;1776615013,367300
Losses/Value Loss;540000;0,185673;1776615032,597558
Losses/Value Loss;600000;0,112238;1776615055,310691
Losses/Value Loss;630000;0,172816;1776615073,220989
Losses/Value Loss;690000;0,095635;1776615094,856409
Losses/Value Loss;720000;0,225107;1776615117,139176
Losses/Value Loss;780000;0,293942;1776615159,747798
Losses/Value Loss;810000;0,261455;1776615179,534382
Losses/Value Loss;840000;0,210113;1776615195,950693
Losses/Value Loss;900000;0,294522;1776615233,937852
Losses/Value Loss;930000;0,269320;1776615254,645260
Losses/Value Loss;990000;0,153598;1776615281,175069
Losses/Value Loss;1020000;0,265566;1776615304,155077
Losses/Value Loss;1050000;0,226140;1776615325,315032
Losses/Value Loss;1110000;0,228592;1776615359,520146
Losses/Value Loss;1140000;0,232656;1776615380,768572
Losses/Value Loss;1200000;0,270055;1776615416,917828
Losses/Value Loss;1230000;0,252343;1776615436,335924
Losses/Value Loss;1260000;0,237458;1776615456,734780
Losses/Value Loss;1320000;0,184766;1776615482,649567
Losses/Value Loss;1350000;0,298622;1776615505,686806
Losses/Value Loss;1410000;0,174846;1776615543,869525
Losses/Value Loss;1440000;0,225267;1776615572,824647
Losses/Value Loss;1470000;0,210045;1776615594,730271
Losses/Value Loss;1530000;0,201797;1776615621,540693
Losses/Value Loss;1560000;0,170987;1776615638,790908
Losses/Value Loss;1590000;0,158278;1776615660,898288
Losses/Value Loss;1650000;0,131656;1776615690,369982
Losses/Value Loss;1680000;0,169454;1776615718,100752
Losses/Value Loss;1740000;0,170035;1776615754,164037
Losses/Value Loss;1770000;0,153008;1776615778,099007
Losses/Value Loss;1830000;0,152930;1776615809,536223
Losses/Value Loss;1860000;0,172847;1776615828,418530
Losses/Value Loss;1890000;0,183411;1776615856,471785
Losses/Value Loss;1950000;0,156903;1776615902,778570
Losses/Value Loss;1980000;0,180377;1776615925,939563
Losses/Value Loss;2010000;0,170950;1776615946,293893
Losses/Value Loss;2070000;0,182445;1776615973,193905
Losses/Value Loss;2100000;0,188982;1776615994,315598
Losses/Value Loss;2160000;0,162983;1776616021,709907
Losses/Value Loss;2190000;0,144977;1776616043,940084
Losses/Value Loss;2220000;0,170069;1776616068,669917
Losses/Value Loss;2280000;0,210910;1776616112,067242
Losses/Value Loss;2310000;0,191313;1776616139,625224
Losses/Value Loss;2340000;0,213201;1776616163,553687
Losses/Value Loss;2400000;0,201100;1776616195,047781
Losses/Value Loss;2430000;0,185742;1776616222,891726
Losses/Value Loss;2460000;0,209309;1776616253,315681
Losses/Value Loss;2520000;0,200440;1776616296,260950
Losses/Value Loss;2550000;0,181149;1776616322,594443
Losses/Value Loss;2610000;0,190028;1776616358,052958
Losses/Value Loss;2640000;0,166499;1776616381,219510
Losses/Value Loss;2670000;0,158189;1776616403,758626
Losses/Value Loss;2730000;0,189535;1776616432,963059
Losses/Value Loss;2760000;0,170658;1776616455,938326
Losses/Value Loss;2790000;0,162421;1776616480,561283
Losses/Value Loss;2850000;0,149951;1776616511,210793
Losses/Value Loss;2880000;0,178386;1776616530,522298
Losses/Value Loss;2940000;0,170832;1776616561,129545
Losses/Value Loss;2970000;0,167638;1776616583,563921
Losses/Value Loss;3000000;0,179642;1776616607,268417
Losses/Value Loss;3060000;0,174965;1776616641,412894
Losses/Value Loss;3090000;0,181321;1776616665,072560
Losses/Value Loss;3120000;0,151508;1776616690,938994
Losses/Value Loss;3180000;0,162180;1776616728,934362
Losses/Value Loss;3210000;0,133452;1776616753,160631
Losses/Value Loss;3270000;0,138115;1776616793,771917
Losses/Value Loss;3300000;0,156673;1776616822,509187
Losses/Value Loss;3330000;0,156503;1776616848,528850
Losses/Value Loss;3390000;0,147390;1776616878,976580
Losses/Value Loss;3420000;0,165261;1776616900,331222
Losses/Value Loss;3450000;0,227253;1776616926,028441
Losses/Value Loss;3510000;0,434931;1776616965,677423
Losses/Value Loss;3540000;0,297907;1776616990,041134
Losses/Value Loss;3600000;0,333685;1776617024,298102
Losses/Value Loss;3630000;0,412743;1776617043,290122
Losses/Value Loss;3660000;0,424780;1776617061,374853
Losses/Value Loss;3720000;0,399713;1776617089,646948
Losses/Value Loss;3750000;0,515779;1776617110,643254
Losses/Value Loss;3780000;0,498619;1776617134,039098
Losses/Value Loss;3840000;0,410020;1776617170,918535
Losses/Value Loss;3870000;0,427621;1776617195,558609
Losses/Value Loss;3900000;0,371799;1776617218,553029
Losses/Value Loss;3960000;0,272486;1776617248,414811
Losses/Value Loss;3990000;0,254908;1776617267,828593
Losses/Value Loss;4050000;0,380715;1776617301,432270
Losses/Value Loss;4080000;0,368341;1776617325,516316
Losses/Value Loss;4110000;0,326538;1776617347,400581
Losses/Value Loss;4170000;0,497723;1776617379,090444
Losses/Value Loss;4200000;0,245224;1776617401,300854
Losses/Value Loss;4230000;0,230020;1776617421,487220
Losses/Value Loss;4290000;0,223298;1776617455,237580
Losses/Value Loss;4320000;0,180294;1776617478,655094
Losses/Value Loss;4380000;0,208081;1776617509,217623
Losses/Value Loss;4410000;0,257748;1776617528,961832
Losses/Value Loss;4440000;0,228299;1776617548,739041
Losses/Value Loss;4500000;0,253371;1776617582,266164
Losses/Value Loss;4530000;0,268146;1776617607,395964
Losses/Value Loss;4560000;0,210068;1776617635,071870
Losses/Value Loss;4620000;0,240854;1776617670,208583
Losses/Value Loss;4650000;0,319040;1776617690,238206
Losses/Value Loss;4710000;0,184927;1776617719,211361
Losses/Value Loss;4740000;0,177783;1776617739,054166
Losses/Value Loss;4770000;0,161198;1776617761,053409
Losses/Value Loss;4830000;0,204717;1776617794,067013
Losses/Value Loss;4860000;0,267078;1776617815,423335
Losses/Value Loss;4890000;0,255182;1776617836,908334
Losses/Value Loss;4950000;0,338205;1776617873,682324
Losses/Value Loss;4980000;0,257544;1776617895,964082
Losses/Value Loss;5010000;0,292562;1776617917,676735
Losses/Value Loss;5070000;0,200041;1776617949,418977
Losses/Value Loss;5100000;0,219968;1776617972,559552
Losses/Value Loss;5160000;0,178511;1776618003,151855
Losses/Value Loss;5190000;0,169845;1776618022,788865
Losses/Value Loss;5220000;0,251632;1776618043,021037
Losses/Value Loss;5280000;0,177175;1776618084,095738
Losses/Value Loss;5310000;0,314508;1776618105,998098
Losses/Value Loss;5340000;0,245334;1776618126,426335
Losses/Value Loss;5400000;0,213763;1776618157,765845
Losses/Value Loss;5430000;0,247304;1776618181,556964
Losses/Value Loss;5490000;0,249508;1776618216,871185
Losses/Value Loss;5520000;0,272006;1776618239,579391
Losses/Value Loss;5550000;0,185956;1776618258,917451
Losses/Value Loss;5610000;0,149535;1776618297,853132
Losses/Value Loss;5640000;0,151752;1776618321,733778
Losses/Value Loss;5670000;0,152722;1776618341,993179
Losses/Value Loss;5730000;0,158756;1776618368,464452
Losses/Value Loss;5760000;0,164125;1776618387,364234
Losses/Value Loss;5820000;0,171997;1776618423,801670
Losses/Value Loss;5850000;0,258465;1776618445,827566
Losses/Value Loss;5880000;0,237973;1776618467,765016
Losses/Value Loss;5940000;0,172083;1776618507,425455
Losses/Value Loss;5970000;0,191738;1776618529,782671
Losses/Value Loss;6000000;0,163984;1776618552,752804
Losses/Value Loss;6060000;0,143421;1776618582,652936
Losses/Value Loss;6090000;0,169717;1776618600,917543
Losses/Value Loss;6120000;0,144570;1776618619,741571
Losses/Value Loss;6180000;0,157857;1776618652,025190
Losses/Value Loss;6210000;0,241491;1776618673,615871
Losses/Value Loss;6270000;0,239528;1776618711,498387
Losses/Value Loss;6300000;0,222599;1776618733,339837
Losses/Value Loss;6330000;0,247765;1776618754,859512
Losses/Value Loss;6390000;0,185213;1776618784,169314
Losses/Value Loss;6420000;0,183115;1776618803,539925
Losses/Value Loss;6450000;0,198919;1776618824,088057
Losses/Value Loss;6510000;0,217309;1776618863,764755
Losses/Value Loss;6540000;0,242216;1776618887,754473
Losses/Value Loss;6600000;0,180747;1776618918,868484
Losses/Value Loss;6630000;0,178399;1776618940,214149
Losses/Value Loss;6660000;0,165882;1776618961,816549
Losses/Value Loss;6720000;0,209588;1776618992,522775
Losses/Value Loss;6750000;0,205644;1776619013,182419
Losses/Value Loss;6780000;0,129543;1776619034,010114
Losses/Value Loss;6840000;0,222540;1776619071,376356
Losses/Value Loss;6870000;0,182662;1776619095,573866
Losses/Value Loss;6930000;0,156867;1776619128,337558
Losses/Value Loss;6960000;0,236896;1776619150,708139
Losses/Value Loss;6990000;0,158107;1776619171,450453
Losses/Value Loss;7050000;0,183728;1776619202,725503
Losses/Value Loss;7080000;0,158535;1776619229,731000
Losses/Value Loss;7110000;0,165908;1776619255,191077
Losses/Value Loss;7170000;0,180309;1776619288,402354
Losses/Value Loss;7200000;0,232253;1776619309,400731
Losses/Value Loss;7260000;0,144146;1776619338,877548
Losses/Value Loss;7290000;0,146399;1776619358,912015
Losses/Value Loss;7320000;0,162259;1776619380,752301
Losses/Value Loss;7380000;0,160622;1776619415,401157
Losses/Value Loss;7410000;0,204091;1776619439,100860
Losses/Value Loss;7440000;0,264263;1776619461,012541
Losses/Value Loss;7500000;0,210858;1776619492,894149
Losses/Value Loss;7530000;0,147548;1776619510,911740
Losses/Value Loss;7560000;0,170416;1776619530,255874
Losses/Value Loss;7620000;0,185060;1776619568,590693
Losses/Value Loss;7650000;0,214718;1776619589,854462
Losses/Value Loss;7710000;0,174834;1776619616,117442
Losses/Value Loss;7740000;0,173432;1776619641,591402
Losses/Value Loss;7770000;0,142361;1776619670,675260
Losses/Value Loss;7830000;0,203946;1776619702,784920
Losses/Value Loss;7860000;0,155331;1776619723,612654
Losses/Value Loss;7890000;0,182203;1776619745,788990
Losses/Value Loss;7950000;0,215521;1776619782,389491
Losses/Value Loss;7980000;0,177592;1776619803,633462
Losses/Value Loss;8040000;0,248616;1776619830,786068
Losses/Value Loss;8070000;0,224769;1776619850,422272
Losses/Value Loss;8100000;0,214053;1776619873,551183
Losses/Value Loss;8160000;0,169063;1776619914,381783
Losses/Value Loss;8190000;0,171172;1776619933,863353
Losses/Value Loss;8220000;0,153149;1776619951,674967
Losses/Value Loss;8280000;0,175332;1776619984,879717
Losses/Value Loss;8310000;0,195929;1776620014,118940
Losses/Value Loss;8370000;0,247878;1776620047,283716
Losses/Value Loss;8400000;0,188512;1776620066,389202
Losses/Value Loss;8430000;0,151027;1776620084,866915
Losses/Value Loss;8490000;0,140712;1776620124,395020
Losses/Value Loss;8520000;0,138231;1776620146,312319
Losses/Value Loss;8550000;0,135277;1776620166,389739
Losses/Value Loss;8610000;0,148830;1776620201,846433
Losses/Value Loss;8640000;0,225320;1776620225,185953
Losses/Value Loss;8700000;0,198274;1776620258,584099
Losses/Value Loss;8730000;0,172054;1776620278,636831
Losses/Value Loss;8760000;0,133948;1776620297,805525
Losses/Value Loss;8820000;0,148579;1776620331,304242
Losses/Value Loss;8850000;0,128688;1776620358,419491
Losses/Value Loss;8880000;0,179736;1776620381,527001
Losses/Value Loss;8940000;0,211525;1776620408,930522
Losses/Value Loss;8970000;0,175332;1776620426,796537
Losses/Value Loss;9000000;0,171542;1776620448,523451
Losses/Value Loss;9060000;0,179172;1776620483,813272
Losses/Value Loss;9090000;0,189629;1776620505,569136
Losses/Value Loss;9150000;0,225820;1776620540,584296
Losses/Value Loss;9180000;0,185277;1776620565,563109
Losses/Value Loss;9210000;0,255368;1776620592,809035
Losses/Value Loss;9270000;0,149150;1776620623,654988
Losses/Value Loss;9300000;0,160083;1776620642,429202
Losses/Value Loss;9330000;0,179357;1776620660,702209
Losses/Value Loss;9390000;0,163083;1776620693,858773
Losses/Value Loss;9420000;0,176626;1776620715,000964
Losses/Value Loss;9480000;0,202209;1776620748,495039
Losses/Value Loss;9510000;0,156883;1776620772,118473
Losses/Value Loss;9540000;0,193374;1776620796,107787
Losses/Value Loss;9600000;0,213900;1776620829,654836
Losses/Value Loss;9630000;0,305120;1776620850,947653
Losses/Value Loss;9660000;0,225212;1776620871,569269
Losses/Value Loss;9720000;0,204962;1776620906,861902
Losses/Value Loss;9750000;0,217172;1776620930,292049
Losses/Value Loss;9810000;0,197887;1776620961,973271
Losses/Value Loss;9840000;0,189852;1776620982,605868
Losses/Value Loss;9870000;0,182320;1776621002,647816
Losses/Value Loss;9930000;0,177155;1776621039,125413
Losses/Value Loss;9960000;0,167869;1776621064,585685
Losses/Value Loss;9990000;0,179538;1776621088,530869
Losses/Value Loss;10050000;0,142081;1776621119,095782
Losses/Value Loss;10080000;0,168171;1776621137,284527
Losses/Value Loss;10140000;0,151880;1776621163,277613
Losses/Value Loss;10170000;0,142483;1776621184,374937
Losses/Value Loss;10200000;0,249865;1776621214,792519
Losses/Value Loss;10260000;0,201786;1776621255,785934
Losses/Value Loss;10290000;0,202080;1776621280,553728
Losses/Value Loss;10320000;0,174140;1776621306,432415
Losses/Value Loss;10380000;0,291879;1776621349,119183
Losses/Value Loss;10410000;0,257318;1776621375,109180
Losses/Value Loss;10440000;0,231210;1776621399,372849
Losses/Value Loss;10500000;0,147496;1776621430,362788
Losses/Value Loss;10530000;0,169101;1776621454,997138
Losses/Value Loss;10590000;0,204124;1776621490,385725
Losses/Value Loss;10620000;0,134939;1776621510,219247
Losses/Value Loss;10650000;0,154584;1776621531,812588
Losses/Value Loss;10710000;0,187699;1776621562,821708
Losses/Value Loss;10740000;0,251723;1776621584,708211
Losses/Value Loss;10770000;0,194177;1776621606,507704
Losses/Value Loss;10830000;0,179845;1776621641,269145
Losses/Value Loss;10860000;0,160066;1776621668,259268
Losses/Value Loss;10920000;0,173687;1776621699,542551
Losses/Value Loss;10950000;0,145035;1776621719,917727
Losses/Value Loss;10980000;0,150613;1776621740,658990
Losses/Value Loss;11040000;0,181421;1776621775,733734
Losses/Value Loss;11070000;0,180061;1776621799,235167
Losses/Value Loss;11100000;0,210359;1776621819,873323
Losses/Value Loss;11160000;0,175156;1776621847,436832
Losses/Value Loss;11190000;0,241223;1776621871,305058
Losses/Value Loss;11250000;0,179291;1776621915,347985
Losses/Value Loss;11280000;0,169569;1776621938,347553
Losses/Value Loss;11310000;0,199993;1776621960,387083
Losses/Value Loss;11370000;0,212852;1776621987,506835
Losses/Value Loss;11400000;0,183864;1776622005,932898
Losses/Value Loss;11430000;0,207552;1776622026,149878
Losses/Value Loss;11490000;0,214892;1776622064,301551
Losses/Value Loss;11520000;0,202870;1776622088,935847
Losses/Value Loss;11550000;0,226572;1776622109,548879
Losses/Value Loss;11610000;0,191161;1776622134,726030
Losses/Value Loss;11640000;0,152151;1776622157,716866
Losses/Value Loss;11700000;0,163509;1776622198,863926
Losses/Value Loss;11730000;0,179014;1776622218,849277
Losses/Value Loss;11760000;0,163113;1776622238,136377
Losses/Value Loss;11820000;0,156009;1776622273,828218
Losses/Value Loss;11850000;0,172471;1776622296,082422
Losses/Value Loss;11880000;0,214316;1776622316,247679
Losses/Value Loss;11940000;0,156150;1776622351,964862
Losses/Value Loss;11970000;0,155847;1776622379,610425
Losses/Value Loss;12030000;0,270425;1776622412,130131
Losses/Value Loss;12060000;0,181413;1776622429,997155
Losses/Value Loss;12090000;0,148310;1776622447,208479
Losses/Value Loss;12150000;0,159204;1776622473,879983
Losses/Value Loss;12180000;0,210232;1776622508,386839
Losses/Value Loss;12210000;0,190962;1776622532,170385
Losses/Value Loss;12270000;0,136054;1776622559,876154
Losses/Value Loss;12300000;0,152878;1776622579,809025
Losses/Value Loss;12360000;0,165207;1776622614,887147
Losses/Value Loss;12390000;0,145044;1776622637,994088
Losses/Value Loss;12420000;0,197714;1776622659,438210
Losses/Value Loss;12480000;0,161893;1776622689,511683
Losses/Value Loss;12510000;0,190289;1776622708,796257
Losses/Value Loss;12540000;0,180901;1776622736,106338
Losses/Value Loss;12600000;0,156761;1776622775,499223
Losses/Value Loss;12630000;0,164607;1776622795,818676
Losses/Value Loss;12690000;0,211206;1776622821,045234
Losses/Value Loss;12720000;0,172459;1776622840,449086
Losses/Value Loss;12750000;0,237847;1776622862,905463
Losses/Value Loss;12810000;0,234441;1776622901,938821
Losses/Value Loss;12840000;0,171843;1776622923,978566
Losses/Value Loss;12870000;0,160441;1776622943,951768
Losses/Value Loss;12930000;0,141695;1776622979,240207
Losses/Value Loss;12960000;0,231415;1776623002,655811
Losses/Value Loss;13020000;0,203571;1776623036,289457
Losses/Value Loss;13050000;0,169934;1776623057,655136
Losses/Value Loss;13080000;0,176170;1776623082,926389
Losses/Value Loss;13140000;0,150505;1776623118,224780
Losses/Value Loss;13170000;0,206651;1776623137,784267
Losses/Value Loss;13200000;0,152817;1776623156,631838
Losses/Value Loss;13260000;0,145155;1776623195,411600
Losses/Value Loss;13290000;0,150967;1776623220,260331
Losses/Value Loss;13350000;0,142407;1776623253,310813
Losses/Value Loss;13380000;0,133925;1776623272,401843
Losses/Value Loss;13410000;0,129836;1776623291,785361
Losses/Value Loss;13470000;0,150060;1776623328,683979
Losses/Value Loss;13500000;0,144110;1776623358,437979
Losses/Value Loss;13530000;0,185634;1776623381,933864
Losses/Value Loss;13590000;0,145371;1776623410,744241
Losses/Value Loss;13620000;0,147503;1776623428,656332
Losses/Value Loss;13680000;0,140730;1776623456,610856
Losses/Value Loss;13710000;0,146723;1776623476,081513
Losses/Value Loss;13740000;0,168886;1776623497,913601
Losses/Value Loss;13800000;0,203191;1776623537,498668
Losses/Value Loss;13830000;0,199995;1776623559,200629
Losses/Value Loss;13860000;0,180612;1776623578,801918
Losses/Value Loss;13920000;0,204949;1776623607,939888
Losses/Value Loss;13950000;0,183591;1776623633,554847
Losses/Value Loss;13980000;0,153948;1776623660,930051
Losses/Value Loss;14040000;0,172570;1776623696,000977
Losses/Value Loss;14070000;0,180752;1776623717,784097
Losses/Value Loss;14130000;0,162612;1776623749,956286
Losses/Value Loss;14160000;0,213142;1776623771,482989
Losses/Value Loss;14190000;0,169205;1776623793,943619
Losses/Value Loss;14250000;0,206983;1776623827,944368
Losses/Value Loss;14280000;0,181785;1776623851,295343
Losses/Value Loss;14310000;0,160296;1776623872,482301
Losses/Value Loss;14370000;0,158294;1776623905,854780
Losses/Value Loss;14400000;0,146728;1776623925,421092
Losses/Value Loss;14460000;0,162527;1776623956,676443
Losses/Value Loss;14490000;0,217075;1776623978,048843
Losses/Value Loss;14520000;0,184548;1776623999,191406
Losses/Value Loss;14580000;0,174438;1776624039,895955
Losses/Value Loss;14610000;0,150253;1776624062,839068
Losses/Value Loss;14640000;0,155024;1776624084,472364
Losses/Value Loss;14700000;0,149690;1776624118,583438
Losses/Value Loss;14730000;0,186338;1776624139,284716
Losses/Value Loss;14790000;0,207476;1776624171,363142
Losses/Value Loss;14820000;0,142502;1776624194,202587
Losses/Value Loss;14850000;0,199352;1776624216,918215
Losses/Value Loss;14910000;0,180392;1776624250,608220
Losses/Value Loss;14940000;0,189850;1776624268,487954
Losses/Value Loss;14970000;0,222979;1776624289,569139
Losses/Value Loss;15030000;0,192439;1776624333,080894
Losses/Value Loss;15060000;0,196773;1776624354,627316
Losses/Value Loss;15090000;0,166872;1776624373,791315
Losses/Value Loss;15150000;0,171039;1776624399,230772
Losses/Value Loss;15180000;0,141993;1776624418,778719
Losses/Value Loss;15240000;0,178619;1776624463,469360
Losses/Value Loss;15270000;0,178530;1776624485,299599
Losses/Value Loss;15300000;0,163015;1776624505,618900
Losses/Value Loss;15360000;0,194615;1776624537,281548
Losses/Value Loss;15390000;0,165045;1776624561,325908
Losses/Value Loss;15420000;0,157074;1776624584,113131
Losses/Value Loss;15480000;0,215879;1776624618,828517
Losses/Value Loss;15510000;0,168728;1776624637,593435
Losses/Value Loss;15570000;0,176077;1776624666,950170
Losses/Value Loss;15600000;0,161713;1776624695,259423
Losses/Value Loss;15630000;0,145331;1776624716,944847
Losses/Value Loss;15690000;0,159461;1776624744,136562
Losses/Value Loss;15720000;0,212821;1776624767,113430
Losses/Value Loss;15750000;0,218487;1776624796,915653
Losses/Value Loss;15810000;0,141566;1776624827,756037
Losses/Value Loss;15840000;0,130569;1776624848,057960
Losses/Value Loss;15900000;0,141325;1776624880,947327
Losses/Value Loss;15930000;0,144160;1776624906,659146
Losses/Value Loss;15960000;0,136958;1776624928,780785
Losses/Value Loss;16020000;0,137073;1776624958,875287
Losses/Value Loss;16050000;0,160402;1776624979,122294
Losses/Value Loss;16080000;0,200690;1776625002,272963
Losses/Value Loss;16140000;0,162346;1776625044,395963
Losses/Value Loss;16170000;0,187851;1776625066,301345
Losses/Value Loss;16200000;0,205609;1776625085,437134
Losses/Value Loss;16260000;0,139002;1776625110,582861
Losses/Value Loss;16290000;0,146669;1776625131,641842
Losses/Value Loss;16350000;0,172069;1776625173,871976
Losses/Value Loss;16380000;0,172781;1776625195,709560
Losses/Value Loss;16410000;0,163965;1776625217,535712
Losses/Value Loss;16470000;0,154634;1776625253,532315
Losses/Value Loss;16500000;0,147435;1776625277,149431
Losses/Value Loss;16530000;0,174081;1776625296,448491
Losses/Value Loss;16590000;0,190504;1776625322,446664
Losses/Value Loss;16620000;0,180312;1776625343,059546
Losses/Value Loss;16680000;0,217823;1776625385,997514
Losses/Value Loss;16710000;0,159064;1776625408,547941
Losses/Value Loss;16740000;0,185207;1776625429,495471
Losses/Value Loss;16800000;0,131290;1776625459,180618
Losses/Value Loss;16830000;0,141680;1776625481,257507
Losses/Value Loss;16860000;0,189469;1776625503,803094
Losses/Value Loss;16920000;0,223991;1776625537,467031
Losses/Value Loss;16950000;0,188536;1776625560,792127
Losses/Value Loss;17010000;0,198334;1776625597,272241
Losses/Value Loss;17040000;0,238201;1776625617,178421
Losses/Value Loss;17070000;0,161405;1776625637,169797
Losses/Value Loss;17130000;0,126968;1776625672,440033
Losses/Value Loss;17160000;0,135387;1776625696,928263
Losses/Value Loss;17190000;0,169670;1776625721,721154
Losses/Value Loss;17250000;0,163779;1776625753,424618
Losses/Value Loss;17280000;0,193044;1776625775,179514
Losses/Value Loss;17310000;0,138579;1776625795,307789
Losses/Value Loss;17370000;0,172330;1776625823,122398
Losses/Value Loss;17400000;0,113941;1776625846,318872
Losses/Value Loss;17460000;0,153915;1776625885,046826
Losses/Value Loss;17490000;0,172937;1776625905,503021
Losses/Value Loss;17520000;0,143486;1776625926,215037
Losses/Value Loss;17580000;0,148375;1776625966,043152
Losses/Value Loss;17610000;0,164949;1776625990,463234
Losses/Value Loss;17640000;0,147946;1776626013,553580
Losses/Value Loss;17700000;0,156811;1776626042,436058
Losses/Value Loss;17730000;0,176787;1776626060,112832
Losses/Value Loss;17790000;0,146026;1776626088,693453
Losses/Value Loss;17820000;0,174177;1776626117,530310
Losses/Value Loss;17850000;0,167995;1776626139,908267
Losses/Value Loss;17910000;0,135185;1776626173,059634
Losses/Value Loss;17940000;0,166246;1776626191,219073
Losses/Value Loss;17970000;0,214513;1776626211,427375
Losses/Value Loss;18030000;0,168421;1776626252,014777
Losses/Value Loss;18060000;0,132563;1776626274,426076
Losses/Value Loss;18120000;0,139953;1776626306,665786
Losses/Value Loss;18150000;0,157247;1776626328,993669
Losses/Value Loss;18180000;0,174938;1776626350,097147
Losses/Value Loss;18240000;0,154402;1776626384,954844
Losses/Value Loss;18270000;0,150029;1776626405,165527
Losses/Value Loss;18300000;0,159971;1776626425,391783
Losses/Value Loss;18360000;0,194346;1776626461,127534
Losses/Value Loss;18390000;0,240514;1776626488,167145
Losses/Value Loss;18450000;0,258693;1776626519,733211
Losses/Value Loss;18480000;0,226858;1776626540,595530
Losses/Value Loss;18510000;0,193412;1776626559,941171
Losses/Value Loss;18570000;0,192477;1776626590,639071
Losses/Value Loss;18600000;0,197932;1776626615,886268
Losses/Value Loss;18630000;0,148973;1776626642,862799
Losses/Value Loss;18690000;0,135734;1776626671,972385
Losses/Value Loss;18720000;0,137621;1776626691,849165
Losses/Value Loss;18750000;0,154164;1776626713,769083
Losses/Value Loss;18810000;0,124852;1776626757,694223
Losses/Value Loss;18840000;0,143031;1776626778,569696
Losses/Value Loss;18900000;0,143026;1776626805,225459
Losses/Value Loss;18930000;0,128552;1776626824,029858
Losses/Value Loss;18960000;0,161013;1776626847,284044
Losses/Value Loss;19020000;0,169406;1776626886,123398
Losses/Value Loss;19050000;0,155521;1776626906,457896
Losses/Value Loss;19080000;0,181606;1776626925,713719
Losses/Value Loss;19140000;0,161691;1776626954,632986
Losses/Value Loss;19170000;0,186586;1776626991,256903
Losses/Value Loss;19230000;0,271913;1776627025,020690
Losses/Value Loss;19260000;0,179543;1776627044,859804
Losses/Value Loss;19290000;0,203793;1776627063,081889
Losses/Value Loss;19350000;0,205170;1776627099,295618
Losses/Value Loss;19380000;0,211855;1776627122,100086
Losses/Value Loss;19410000;0,230928;1776627142,871934
Losses/Value Loss;19470000;0,232330;1776627172,088341
Losses/Value Loss;19500000;0,226888;1776627196,098274
Losses/Value Loss;19560000;0,208960;1776627230,653579
Losses/Value Loss;19590000;0,170976;1776627253,152239
Losses/Value Loss;19620000;0,176412;1776627274,417614
Losses/Value Loss;19680000;0,167396;1776627313,539603
Losses/Value Loss;19710000;0,159830;1776627336,177276
Losses/Value Loss;19740000;0,196319;1776627357,293134
Losses/Value Loss;19800000;0,157679;1776627382,768167
Losses/Value Loss;19830000;0,159017;1776627401,520311
Losses/Value Loss;19860000;0,154175;1776627424,937280
Losses/Value Loss;19920000;0,176102;1776627463,023524
Losses/Value Loss;19950000;0,163912;1776627484,413420
Policy/Beta;60000;0,004990;1776614647,578486
Policy/Beta;90000;0,004979;1776614680,680980
Policy/Beta;150000;0,004969;1776614738,551845
Policy/Beta;180000;0,004959;1776614768,593388
Policy/Beta;210000;0,004949;1776614786,091515
Policy/Beta;270000;0,004938;1776614822,113039
Policy/Beta;300000;0,004928;1776614850,462687
Policy/Beta;330000;0,004918;1776614872,570158
Policy/Beta;390000;0,004908;1776614900,419556
Policy/Beta;420000;0,004897;1776614947,516381
Policy/Beta;480000;0,004887;1776614989,412641
Policy/Beta;510000;0,004877;1776615013,368305
Policy/Beta;540000;0,004865;1776615032,599603
Policy/Beta;600000;0,004854;1776615055,312199
Policy/Beta;630000;0,004844;1776615073,221993
Policy/Beta;690000;0,004832;1776615094,857921
Policy/Beta;720000;0,004821;1776615117,140182
Policy/Beta;780000;0,004811;1776615159,748810
Policy/Beta;810000;0,004801;1776615179,535396
Policy/Beta;840000;0,004790;1776615195,951692
Policy/Beta;900000;0,004780;1776615233,939251
Policy/Beta;930000;0,004770;1776615254,647596
Policy/Beta;990000;0,004760;1776615281,176074
Policy/Beta;1020000;0,004749;1776615304,156086
Policy/Beta;1050000;0,004739;1776615325,317061
Policy/Beta;1110000;0,004729;1776615359,521151
Policy/Beta;1140000;0,004718;1776615380,770079
Policy/Beta;1200000;0,004708;1776615416,918828
Policy/Beta;1230000;0,004698;1776615436,337437
Policy/Beta;1260000;0,004686;1776615456,735779
Policy/Beta;1320000;0,004676;1776615482,651073
Policy/Beta;1350000;0,004666;1776615505,687812
Policy/Beta;1410000;0,004655;1776615543,871037
Policy/Beta;1440000;0,004645;1776615572,826787
Policy/Beta;1470000;0,004635;1776615594,731277
Policy/Beta;1530000;0,004624;1776615621,542229
Policy/Beta;1560000;0,004614;1776615638,791915
Policy/Beta;1590000;0,004604;1776615660,900315
Policy/Beta;1650000;0,004592;1776615690,371450
Policy/Beta;1680000;0,004582;1776615718,101750
Policy/Beta;1740000;0,004571;1776615754,165042
Policy/Beta;1770000;0,004561;1776615778,100519
Policy/Beta;1830000;0,004551;1776615809,537224
Policy/Beta;1860000;0,004540;1776615828,420533
Policy/Beta;1890000;0,004530;1776615856,473301
Policy/Beta;1950000;0,004520;1776615902,778570
Policy/Beta;1980000;0,004510;1776615925,941071
Policy/Beta;2010000;0,004499;1776615946,293893
Policy/Beta;2070000;0,004489;1776615973,194904
Policy/Beta;2100000;0,004479;1776615994,317110
Policy/Beta;2160000;0,004469;1776616021,709907
Policy/Beta;2190000;0,004458;1776616043,941094
Policy/Beta;2220000;0,004448;1776616068,670915
Policy/Beta;2280000;0,004438;1776616112,068248
Policy/Beta;2310000;0,004428;1776616139,627743
Policy/Beta;2340000;0,004417;1776616163,554203
Policy/Beta;2400000;0,004407;1776616195,049779
Policy/Beta;2430000;0,004397;1776616222,893234
Policy/Beta;2460000;0,004386;1776616253,317727
Policy/Beta;2520000;0,004376;1776616296,262773
Policy/Beta;2550000;0,004366;1776616322,595947
Policy/Beta;2610000;0,004355;1776616358,054965
Policy/Beta;2640000;0,004345;1776616381,221140
Policy/Beta;2670000;0,004335;1776616403,759628
Policy/Beta;2730000;0,004325;1776616432,964068
Policy/Beta;2760000;0,004314;1776616455,939420
Policy/Beta;2790000;0,004304;1776616480,562789
Policy/Beta;2850000;0,004294;1776616511,211792
Policy/Beta;2880000;0,004284;1776616530,523305
Policy/Beta;2940000;0,004273;1776616561,129545
Policy/Beta;2970000;0,004263;1776616583,564918
Policy/Beta;3000000;0,004253;1776616607,269423
Policy/Beta;3060000;0,004243;1776616641,414404
Policy/Beta;3090000;0,004232;1776616665,073807
Policy/Beta;3120000;0,004222;1776616690,941004
Policy/Beta;3180000;0,004212;1776616728,935374
Policy/Beta;3210000;0,004202;1776616753,162633
Policy/Beta;3270000;0,004191;1776616793,773941
Policy/Beta;3300000;0,004181;1776616822,510197
Policy/Beta;3330000;0,004171;1776616848,529862
Policy/Beta;3390000;0,004160;1776616878,977586
Policy/Beta;3420000;0,004150;1776616900,332222
Policy/Beta;3450000;0,004140;1776616926,028441
Policy/Beta;3510000;0,004130;1776616965,679438
Policy/Beta;3540000;0,004119;1776616990,042135
Policy/Beta;3600000;0,004109;1776617024,299101
Policy/Beta;3630000;0,004099;1776617043,291517
Policy/Beta;3660000;0,004089;1776617061,376642
Policy/Beta;3720000;0,004078;1776617089,648458
Policy/Beta;3750000;0,004068;1776617110,644254
Policy/Beta;3780000;0,004058;1776617134,040607
Policy/Beta;3840000;0,004047;1776617170,921057
Policy/Beta;3870000;0,004037;1776617195,560632
Policy/Beta;3900000;0,004027;1776617218,554028
Policy/Beta;3960000;0,004017;1776617248,415811
Policy/Beta;3990000;0,004006;1776617267,828593
Policy/Beta;4050000;0,003996;1776617301,433276
Policy/Beta;4080000;0,003986;1776617325,517831
Policy/Beta;4110000;0,003976;1776617347,400581
Policy/Beta;4170000;0,003966;1776617379,091444
Policy/Beta;4200000;0,003955;1776617401,301857
Policy/Beta;4230000;0,003945;1776617421,488220
Policy/Beta;4290000;0,003935;1776617455,239096
Policy/Beta;4320000;0,003925;1776617478,656609
Policy/Beta;4380000;0,003914;1776617509,219647
Policy/Beta;4410000;0,003904;1776617528,961832
Policy/Beta;4440000;0,003894;1776617548,739041
Policy/Beta;4500000;0,003884;1776617582,267683
Policy/Beta;4530000;0,003873;1776617607,398118
Policy/Beta;4560000;0,003863;1776617635,073381
Policy/Beta;4620000;0,003853;1776617670,209086
Policy/Beta;4650000;0,003842;1776617690,239210
Policy/Beta;4710000;0,003832;1776617719,213379
Policy/Beta;4740000;0,003822;1776617739,055170
Policy/Beta;4770000;0,003812;1776617761,053931
Policy/Beta;4830000;0,003802;1776617794,069023
Policy/Beta;4860000;0,003791;1776617815,424852
Policy/Beta;4890000;0,003781;1776617836,909335
Policy/Beta;4950000;0,003771;1776617873,683331
Policy/Beta;4980000;0,003760;1776617895,965183
Policy/Beta;5010000;0,003750;1776617917,679055
Policy/Beta;5070000;0,003740;1776617949,419977
Policy/Beta;5100000;0,003730;1776617972,561055
Policy/Beta;5160000;0,003720;1776618003,152854
Policy/Beta;5190000;0,003709;1776618022,788865
Policy/Beta;5220000;0,003699;1776618043,023547
Policy/Beta;5280000;0,003689;1776618084,095738
Policy/Beta;5310000;0,003678;1776618105,999614
Policy/Beta;5340000;0,003668;1776618126,427819
Policy/Beta;5400000;0,003658;1776618157,766844
Policy/Beta;5430000;0,003648;1776618181,558977
Policy/Beta;5490000;0,003637;1776618216,872185
Policy/Beta;5520000;0,003627;1776618239,580895
Policy/Beta;5550000;0,003617;1776618258,918455
Policy/Beta;5610000;0,003606;1776618297,855133
Policy/Beta;5640000;0,003596;1776618321,735284
Policy/Beta;5670000;0,003586;1776618341,994684
Policy/Beta;5730000;0,003576;1776618368,466468
Policy/Beta;5760000;0,003565;1776618387,365740
Policy/Beta;5820000;0,003555;1776618423,802671
Policy/Beta;5850000;0,003545;1776618445,829260
Policy/Beta;5880000;0,003535;1776618467,766522
Policy/Beta;5940000;0,003524;1776618507,427733
Policy/Beta;5970000;0,003514;1776618529,783675
Policy/Beta;6000000;0,003504;1776618552,753831
Policy/Beta;6060000;0,003494;1776618582,654469
Policy/Beta;6090000;0,003483;1776618600,920062
Policy/Beta;6120000;0,003473;1776618619,741571
Policy/Beta;6180000;0,003463;1776618652,026704
Policy/Beta;6210000;0,003453;1776618673,617881
Policy/Beta;6270000;0,003442;1776618711,498898
Policy/Beta;6300000;0,003432;1776618733,341341
Policy/Beta;6330000;0,003422;1776618754,862024
Policy/Beta;6390000;0,003412;1776618784,169829
Policy/Beta;6420000;0,003401;1776618803,540937
Policy/Beta;6450000;0,003391;1776618824,088057
Policy/Beta;6510000;0,003381;1776618863,765762
Policy/Beta;6540000;0,003371;1776618887,756984
Policy/Beta;6600000;0,003360;1776618918,868994
Policy/Beta;6630000;0,003350;1776618940,216679
Policy/Beta;6660000;0,003340;1776618961,817552
Policy/Beta;6720000;0,003330;1776618992,524280
Policy/Beta;6750000;0,003319;1776619013,182419
Policy/Beta;6780000;0,003309;1776619034,011616
Policy/Beta;6840000;0,003299;1776619071,377862
Policy/Beta;6870000;0,003288;1776619095,575866
Policy/Beta;6930000;0,003278;1776619128,338960
Policy/Beta;6960000;0,003268;1776619150,708643
Policy/Beta;6990000;0,003258;1776619171,451957
Policy/Beta;7050000;0,003247;1776619202,726519
Policy/Beta;7080000;0,003237;1776619229,732002
Policy/Beta;7110000;0,003227;1776619255,191581
Policy/Beta;7170000;0,003217;1776619288,404377
Policy/Beta;7200000;0,003206;1776619309,403261
Policy/Beta;7260000;0,003196;1776619338,879060
Policy/Beta;7290000;0,003186;1776619358,913527
Policy/Beta;7320000;0,003176;1776619380,753806
Policy/Beta;7380000;0,003165;1776619415,402667
Policy/Beta;7410000;0,003155;1776619439,102883
Policy/Beta;7440000;0,003145;1776619461,013545
Policy/Beta;7500000;0,003134;1776619492,896168
Policy/Beta;7530000;0,003124;1776619510,911740
Policy/Beta;7560000;0,003114;1776619530,256938
Policy/Beta;7620000;0,003104;1776619568,592697
Policy/Beta;7650000;0,003093;1776619589,855700
Policy/Beta;7710000;0,003083;1776619616,119952
Policy/Beta;7740000;0,003073;1776619641,594496
Policy/Beta;7770000;0,003063;1776619670,676769
Policy/Beta;7830000;0,003052;1776619702,785925
Policy/Beta;7860000;0,003042;1776619723,614658
Policy/Beta;7890000;0,003032;1776619745,789994
Policy/Beta;7950000;0,003022;1776619782,391004
Policy/Beta;7980000;0,003011;1776619803,635000
Policy/Beta;8040000;0,003001;1776619830,786068
Policy/Beta;8070000;0,002991;1776619850,423579
Policy/Beta;8100000;0,002980;1776619873,552185
Policy/Beta;8160000;0,002970;1776619914,382972
Policy/Beta;8190000;0,002960;1776619933,865414
Policy/Beta;8220000;0,002950;1776619951,676975
Policy/Beta;8280000;0,002940;1776619984,881717
Policy/Beta;8310000;0,002929;1776620014,119938
Policy/Beta;8370000;0,002919;1776620047,284715
Policy/Beta;8400000;0,002909;1776620066,391256
Policy/Beta;8430000;0,002898;1776620084,867915
Policy/Beta;8490000;0,002888;1776620124,396020
Policy/Beta;8520000;0,002878;1776620146,313822
Policy/Beta;8550000;0,002868;1776620166,391454
Policy/Beta;8610000;0,002857;1776620201,846433
Policy/Beta;8640000;0,002847;1776620225,187953
Policy/Beta;8700000;0,002837;1776620258,584639
Policy/Beta;8730000;0,002827;1776620278,638335
Policy/Beta;8760000;0,002816;1776620297,806987
Policy/Beta;8820000;0,002806;1776620331,306247
Policy/Beta;8850000;0,002796;1776620358,420995
Policy/Beta;8880000;0,002785;1776620381,528522
Policy/Beta;8940000;0,002775;1776620408,932528
Policy/Beta;8970000;0,002765;1776620426,796537
Policy/Beta;9000000;0,002755;1776620448,524957
Policy/Beta;9060000;0,002744;1776620483,814276
Policy/Beta;9090000;0,002734;1776620505,570158
Policy/Beta;9150000;0,002724;1776620540,585801
Policy/Beta;9180000;0,002714;1776620565,564116
Policy/Beta;9210000;0,002703;1776620592,810546
Policy/Beta;9270000;0,002693;1776620623,655991
Policy/Beta;9300000;0,002683;1776620642,430708
Policy/Beta;9330000;0,002673;1776620660,703214
Policy/Beta;9390000;0,002662;1776620693,860276
Policy/Beta;9420000;0,002652;1776620715,002471
Policy/Beta;9480000;0,002642;1776620748,496045
Policy/Beta;9510000;0,002632;1776620772,119472
Policy/Beta;9540000;0,002621;1776620796,108792
Policy/Beta;9600000;0,002611;1776620829,655839
Policy/Beta;9630000;0,002601;1776620850,949141
Policy/Beta;9660000;0,002590;1776620871,570789
Policy/Beta;9720000;0,002580;1776620906,863411
Policy/Beta;9750000;0,002570;1776620930,292557
Policy/Beta;9810000;0,002560;1776620961,974276
Policy/Beta;9840000;0,002549;1776620982,606868
Policy/Beta;9870000;0,002539;1776621002,649486
Policy/Beta;9930000;0,002529;1776621039,126416
Policy/Beta;9960000;0,002519;1776621064,586188
Policy/Beta;9990000;0,002508;1776621088,531899
Policy/Beta;10050000;0,002498;1776621119,096782
Policy/Beta;10080000;0,002488;1776621137,285527
Policy/Beta;10140000;0,002478;1776621163,279622
Policy/Beta;10170000;0,002467;1776621184,375936
Policy/Beta;10200000;0,002457;1776621214,793522
Policy/Beta;10260000;0,002447;1776621255,786934
Policy/Beta;10290000;0,002437;1776621280,554727
Policy/Beta;10320000;0,002426;1776621306,434208
Policy/Beta;10380000;0,002416;1776621349,121679
Policy/Beta;10410000;0,002406;1776621375,111691
Policy/Beta;10440000;0,002396;1776621399,373850
Policy/Beta;10500000;0,002385;1776621430,364799
Policy/Beta;10530000;0,002375;1776621454,998658
Policy/Beta;10590000;0,002365;1776621490,386731
Policy/Beta;10620000;0,002355;1776621510,220753
Policy/Beta;10650000;0,002344;1776621531,813093
Policy/Beta;10710000;0,002334;1776621562,824228
Policy/Beta;10740000;0,002324;1776621584,710713
Policy/Beta;10770000;0,002314;1776621606,509206
Policy/Beta;10830000;0,002303;1776621641,270410
Policy/Beta;10860000;0,002293;1776621668,260271
Policy/Beta;10920000;0,002283;1776621699,543053
Policy/Beta;10950000;0,002272;1776621719,919236
Policy/Beta;10980000;0,002262;1776621740,659995
Policy/Beta;11040000;0,002252;1776621775,733734
Policy/Beta;11070000;0,002242;1776621799,235669
Policy/Beta;11100000;0,002231;1776621819,874333
Policy/Beta;11160000;0,002221;1776621847,437346
Policy/Beta;11190000;0,002211;1776621871,306565
Policy/Beta;11250000;0,002201;1776621915,347985
Policy/Beta;11280000;0,002190;1776621938,348552
Policy/Beta;11310000;0,002180;1776621960,388086
Policy/Beta;11370000;0,002170;1776621987,509261
Policy/Beta;11400000;0,002159;1776622005,933902
Policy/Beta;11430000;0,002149;1776622026,150886
Policy/Beta;11490000;0,002139;1776622064,302551
Policy/Beta;11520000;0,002129;1776622088,937350
Policy/Beta;11550000;0,002118;1776622109,550333
Policy/Beta;11610000;0,002108;1776622134,727532
Policy/Beta;11640000;0,002098;1776622157,716866
Policy/Beta;11700000;0,002087;1776622198,865430
Policy/Beta;11730000;0,002077;1776622218,850281
Policy/Beta;11760000;0,002067;1776622238,137383
Policy/Beta;11820000;0,002057;1776622273,829724
Policy/Beta;11850000;0,002046;1776622296,082930
Policy/Beta;11880000;0,002036;1776622316,248682
Policy/Beta;11940000;0,002026;1776622351,965863
Policy/Beta;11970000;0,002016;1776622379,611658
Policy/Beta;12030000;0,002005;1776622412,131134
Policy/Beta;12060000;0,001995;1776622429,998352
Policy/Beta;12090000;0,001985;1776622447,209486
Policy/Beta;12150000;0,001974;1776622473,881500
Policy/Beta;12180000;0,001964;1776622508,388843
Policy/Beta;12210000;0,001954;1776622532,171898
Policy/Beta;12270000;0,001944;1776622559,877666
Policy/Beta;12300000;0,001933;1776622579,810246
Policy/Beta;12360000;0,001923;1776622614,887899
Policy/Beta;12390000;0,001913;1776622637,995087
Policy/Beta;12420000;0,001903;1776622659,439214
Policy/Beta;12480000;0,001892;1776622689,513196
Policy/Beta;12510000;0,001882;1776622708,797537
Policy/Beta;12540000;0,001872;1776622736,108157
Policy/Beta;12600000;0,001861;1776622775,500736
Policy/Beta;12630000;0,001851;1776622795,821190
Policy/Beta;12690000;0,001841;1776622821,046238
Policy/Beta;12720000;0,001831;1776622840,449591
Policy/Beta;12750000;0,001820;1776622862,906826
Policy/Beta;12810000;0,001810;1776622901,939827
Policy/Beta;12840000;0,001800;1776622923,979789
Policy/Beta;12870000;0,001790;1776622943,952775
Policy/Beta;12930000;0,001779;1776622979,241215
Policy/Beta;12960000;0,001769;1776623002,657317
Policy/Beta;13020000;0,001759;1776623036,291856
Policy/Beta;13050000;0,001748;1776623057,657156
Policy/Beta;13080000;0,001738;1776623082,927395
Policy/Beta;13140000;0,001728;1776623118,226287
Policy/Beta;13170000;0,001718;1776623137,785760
Policy/Beta;13200000;0,001707;1776623156,632840
Policy/Beta;13260000;0,001697;1776623195,413083
Policy/Beta;13290000;0,001687;1776623220,261843
Policy/Beta;13350000;0,001676;1776623253,311817
Policy/Beta;13380000;0,001666;1776623272,403323
Policy/Beta;13410000;0,001656;1776623291,786366
Policy/Beta;13470000;0,001646;1776623328,685692
Policy/Beta;13500000;0,001635;1776623358,438979
Policy/Beta;13530000;0,001625;1776623381,935367
Policy/Beta;13590000;0,001615;1776623410,745550
Policy/Beta;13620000;0,001605;1776623428,657332
Policy/Beta;13680000;0,001594;1776623456,611862
Policy/Beta;13710000;0,001584;1776623476,082734
Policy/Beta;13740000;0,001574;1776623497,915112
Policy/Beta;13800000;0,001564;1776623537,500668
Policy/Beta;13830000;0,001553;1776623559,202133
Policy/Beta;13860000;0,001543;1776623578,802928
Policy/Beta;13920000;0,001533;1776623607,941921
Policy/Beta;13950000;0,001523;1776623633,555851
Policy/Beta;13980000;0,001512;1776623660,931055
Policy/Beta;14040000;0,001502;1776623696,002480
Policy/Beta;14070000;0,001492;1776623717,785101
Policy/Beta;14130000;0,001481;1776623749,957796
Policy/Beta;14160000;0,001471;1776623771,485072
Policy/Beta;14190000;0,001461;1776623793,944618
Policy/Beta;14250000;0,001451;1776623827,946874
Policy/Beta;14280000;0,001440;1776623851,295845
Policy/Beta;14310000;0,001430;1776623872,484825
Policy/Beta;14370000;0,001420;1776623905,854780
Policy/Beta;14400000;0,001410;1776623925,421092
Policy/Beta;14460000;0,001399;1776623956,677442
Policy/Beta;14490000;0,001389;1776623978,049861
Policy/Beta;14520000;0,001379;1776623999,192878
Policy/Beta;14580000;0,001369;1776624039,896958
Policy/Beta;14610000;0,001358;1776624062,840072
Policy/Beta;14640000;0,001348;1776624084,473868
Policy/Beta;14700000;0,001338;1776624118,584441
Policy/Beta;14730000;0,001328;1776624139,286219
Policy/Beta;14790000;0,001317;1776624171,364146
Policy/Beta;14820000;0,001307;1776624194,203613
Policy/Beta;14850000;0,001297;1776624216,919219
Policy/Beta;14910000;0,001286;1776624250,609223
Policy/Beta;14940000;0,001276;1776624268,489959
Policy/Beta;14970000;0,001266;1776624289,569649
Policy/Beta;15030000;0,001256;1776624333,082406
Policy/Beta;15060000;0,001245;1776624354,628319
Policy/Beta;15090000;0,001235;1776624373,792320
Policy/Beta;15150000;0,001225;1776624399,232274
Policy/Beta;15180000;0,001215;1776624418,779719
Policy/Beta;15240000;0,001204;1776624463,469360
Policy/Beta;15270000;0,001194;1776624485,300599
Policy/Beta;15300000;0,001184;1776624505,619904
Policy/Beta;15360000;0,001174;1776624537,283548
Policy/Beta;15390000;0,001163;1776624561,327410
Policy/Beta;15420000;0,001153;1776624584,114138
Policy/Beta;15480000;0,001143;1776624618,829523
Policy/Beta;15510000;0,001133;1776624637,594938
Policy/Beta;15570000;0,001122;1776624666,951171
Policy/Beta;15600000;0,001112;1776624695,260425
Policy/Beta;15630000;0,001102;1776624716,945853
Policy/Beta;15690000;0,001092;1776624744,137994
Policy/Beta;15720000;0,001081;1776624767,113430
Policy/Beta;15750000;0,001071;1776624796,915653
Policy/Beta;15810000;0,001061;1776624827,757040
Policy/Beta;15840000;0,001051;1776624848,058962
Policy/Beta;15900000;0,001040;1776624880,948326
Policy/Beta;15930000;0,001030;1776624906,660617
Policy/Beta;15960000;0,001020;1776624928,782162
Policy/Beta;16020000;0,001010;1776624958,876799
Policy/Beta;16050000;0,000999;1776624979,122294
Policy/Beta;16080000;0,000989;1776625002,273466
Policy/Beta;16140000;0,000979;1776625044,396964
Policy/Beta;16170000;0,000969;1776625066,301851
Policy/Beta;16200000;0,000958;1776625085,438138
Policy/Beta;16260000;0,000948;1776625110,584866
Policy/Beta;16290000;0,000938;1776625131,643345
Policy/Beta;16350000;0,000928;1776625173,873567
Policy/Beta;16380000;0,000917;1776625195,710564
Policy/Beta;16410000;0,000907;1776625217,536807
Policy/Beta;16470000;0,000897;1776625253,533317
Policy/Beta;16500000;0,000887;1776625277,150937
Policy/Beta;16530000;0,000876;1776625296,449495
Policy/Beta;16590000;0,000866;1776625322,449191
Policy/Beta;16620000;0,000856;1776625343,060571
Policy/Beta;16680000;0,000845;1776625385,998016
Policy/Beta;16710000;0,000835;1776625408,549445
Policy/Beta;16740000;0,000825;1776625429,497518
Policy/Beta;16800000;0,000815;1776625459,181619
Policy/Beta;16830000;0,000804;1776625481,258700
Policy/Beta;16860000;0,000794;1776625503,804101
Policy/Beta;16920000;0,000784;1776625537,469041
Policy/Beta;16950000;0,000774;1776625560,792127
Policy/Beta;17010000;0,000763;1776625597,272241
Policy/Beta;17040000;0,000753;1776625617,180136
Policy/Beta;17070000;0,000743;1776625637,172303
Policy/Beta;17130000;0,000733;1776625672,441536
Policy/Beta;17160000;0,000722;1776625696,929263
Policy/Beta;17190000;0,000712;1776625721,722152
Policy/Beta;17250000;0,000702;1776625753,426121
Policy/Beta;17280000;0,000692;1776625775,180515
Policy/Beta;17310000;0,000681;1776625795,308789
Policy/Beta;17370000;0,000671;1776625823,123410
Policy/Beta;17400000;0,000661;1776625846,319872
Policy/Beta;17460000;0,000651;1776625885,047829
Policy/Beta;17490000;0,000640;1776625905,504344
Policy/Beta;17520000;0,000630;1776625926,216540
Policy/Beta;17580000;0,000620;1776625966,045115
Policy/Beta;17610000;0,000610;1776625990,464235
Policy/Beta;17640000;0,000599;1776626013,555077
Policy/Beta;17700000;0,000589;1776626042,437058
Policy/Beta;17730000;0,000579;1776626060,115261
Policy/Beta;17790000;0,000569;1776626088,694458
Policy/Beta;17820000;0,000558;1776626117,531816
Policy/Beta;17850000;0,000548;1776626139,909270
Policy/Beta;17910000;0,000538;1776626173,060136
Policy/Beta;17940000;0,000527;1776626191,220653
Policy/Beta;17970000;0,000517;1776626211,429386
Policy/Beta;18030000;0,000507;1776626252,015286
Policy/Beta;18060000;0,000497;1776626274,428479
Policy/Beta;18120000;0,000486;1776626306,667294
Policy/Beta;18150000;0,000476;1776626328,995173
Policy/Beta;18180000;0,000466;1776626350,098146
Policy/Beta;18240000;0,000456;1776626384,955851
Policy/Beta;18270000;0,000445;1776626405,166545
Policy/Beta;18300000;0,000435;1776626425,391783
Policy/Beta;18360000;0,000425;1776626461,129036
Policy/Beta;18390000;0,000414;1776626488,168145
Policy/Beta;18450000;0,000404;1776626519,734216
Policy/Beta;18480000;0,000394;1776626540,596041
Policy/Beta;18510000;0,000384;1776626559,941171
Policy/Beta;18570000;0,000373;1776626590,640077
Policy/Beta;18600000;0,000363;1776626615,887771
Policy/Beta;18630000;0,000353;1776626642,862799
Policy/Beta;18690000;0,000343;1776626671,973388
Policy/Beta;18720000;0,000332;1776626691,850675
Policy/Beta;18750000;0,000322;1776626713,770589
Policy/Beta;18810000;0,000312;1776626757,694223
Policy/Beta;18840000;0,000302;1776626778,571128
Policy/Beta;18900000;0,000291;1776626805,226459
Policy/Beta;18930000;0,000281;1776626824,030861
Policy/Beta;18960000;0,000271;1776626847,285550
Policy/Beta;19020000;0,000261;1776626886,124911
Policy/Beta;19050000;0,000250;1776626906,459409
Policy/Beta;19080000;0,000240;1776626925,714718
Policy/Beta;19140000;0,000230;1776626954,633985
Policy/Beta;19170000;0,000219;1776626991,258175
Policy/Beta;19230000;0,000209;1776627025,021689
Policy/Beta;19260000;0,000199;1776627044,860810
Policy/Beta;19290000;0,000189;1776627063,083394
Policy/Beta;19350000;0,000178;1776627099,296132
Policy/Beta;19380000;0,000168;1776627122,102089
Policy/Beta;19410000;0,000158;1776627142,872437
Policy/Beta;19470000;0,000148;1776627172,089982
Policy/Beta;19500000;0,000137;1776627196,099777
Policy/Beta;19560000;0,000127;1776627230,654089
Policy/Beta;19590000;0,000117;1776627253,153751
Policy/Beta;19620000;0,000107;1776627274,419123
Policy/Beta;19680000;0,000096;1776627313,540744
Policy/Beta;19710000;0,000086;1776627336,178350
Policy/Beta;19740000;0,000076;1776627357,294660
Policy/Beta;19800000;0,000066;1776627382,769624
Policy/Beta;19830000;0,000055;1776627401,522378
Policy/Beta;19860000;0,000045;1776627424,937280
Policy/Beta;19920000;0,000035;1776627463,024524
Policy/Beta;19950000;0,000025;1776627484,414926
Policy/Entropy;30000;1,418938;1776614612,179753
Policy/Entropy;60000;1,417603;1776614647,571288
Policy/Entropy;90000;1,414269;1776614680,677743
Policy/Entropy;120000;1,404820;1776614705,051614
Policy/Entropy;150000;1,391355;1776614738,550331
Policy/Entropy;180000;1,385521;1776614768,591879
Policy/Entropy;210000;1,373660;1776614786,088497
Policy/Entropy;240000;1,372790;1776614799,338420
Policy/Entropy;270000;1,363038;1776614822,110021
Policy/Entropy;300000;1,356648;1776614850,455648
Policy/Entropy;330000;1,353523;1776614872,566648
Policy/Entropy;360000;1,346775;1776614880,198698
Policy/Entropy;390000;1,345247;1776614900,416542
Policy/Entropy;420000;1,343968;1776614947,511241
Policy/Entropy;450000;1,342403;1776614964,212575
Policy/Entropy;480000;1,338848;1776614989,408628
Policy/Entropy;510000;1,337875;1776615013,364787
Policy/Entropy;540000;1,337459;1776615032,596054
Policy/Entropy;570000;1,335104;1776615039,254726
Policy/Entropy;600000;1,335210;1776615055,313204
Policy/Entropy;630000;1,334171;1776615073,215461
Policy/Entropy;660000;1,330376;1776615077,361523
Policy/Entropy;690000;1,332218;1776615094,859436
Policy/Entropy;720000;1,332903;1776615117,132219
Policy/Entropy;750000;1,335301;1776615134,687776
Policy/Entropy;780000;1,331706;1776615159,745275
Policy/Entropy;810000;1,331768;1776615179,532365
Policy/Entropy;840000;1,334963;1776615195,944643
Policy/Entropy;870000;1,331843;1776615210,970031
Policy/Entropy;900000;1,327249;1776615233,936854
Policy/Entropy;930000;1,324366;1776615254,645260
Policy/Entropy;960000;1,321898;1776615258,655843
Policy/Entropy;990000;1,321465;1776615281,173044
Policy/Entropy;1020000;1,319871;1776615304,151209
Policy/Entropy;1050000;1,318261;1776615325,313528
Policy/Entropy;1080000;1,320529;1776615334,886799
Policy/Entropy;1110000;1,320526;1776615359,519138
Policy/Entropy;1140000;1,318396;1776615380,767572
Policy/Entropy;1170000;1,315500;1776615393,313583
Policy/Entropy;1200000;1,317363;1776615416,914818
Policy/Entropy;1230000;1,315046;1776615436,334420
Policy/Entropy;1260000;1,313341;1776615456,733774
Policy/Entropy;1290000;1,312853;1776615460,618451
Policy/Entropy;1320000;1,316178;1776615482,648556
Policy/Entropy;1350000;1,315883;1776615505,685085
Policy/Entropy;1380000;1,312289;1776615512,207842
Policy/Entropy;1410000;1,308632;1776615543,868512
Policy/Entropy;1440000;1,306136;1776615572,823642
Policy/Entropy;1470000;1,303359;1776615594,728759
Policy/Entropy;1500000;1,302289;1776615603,047445
Policy/Entropy;1530000;1,302734;1776615621,540693
Policy/Entropy;1560000;1,301676;1776615638,790396
Policy/Entropy;1590000;1,298339;1776615660,895780
Policy/Entropy;1620000;1,298207;1776615670,226100
Policy/Entropy;1650000;1,297358;1776615690,374474
Policy/Entropy;1680000;1,297264;1776615718,097730
Policy/Entropy;1710000;1,295994;1776615728,959308
Policy/Entropy;1740000;1,292385;1776615754,162531
Policy/Entropy;1770000;1,290072;1776615778,098007
Policy/Entropy;1800000;1,288019;1776615789,730794
Policy/Entropy;1830000;1,287010;1776615809,533204
Policy/Entropy;1860000;1,285173;1776615828,418024
Policy/Entropy;1890000;1,284661;1776615856,470280
Policy/Entropy;1920000;1,285591;1776615870,196874
Policy/Entropy;1950000;1,284937;1776615902,776541
Policy/Entropy;1980000;1,283889;1776615925,939563
Policy/Entropy;2010000;1,282017;1776615946,292380
Policy/Entropy;2040000;1,285344;1776615954,816809
Policy/Entropy;2070000;1,283788;1776615973,191900
Policy/Entropy;2100000;1,282523;1776615994,314095
Policy/Entropy;2130000;1,280997;1776616004,563236
Policy/Entropy;2160000;1,278136;1776616021,713441
Policy/Entropy;2190000;1,277105;1776616043,938081
Policy/Entropy;2220000;1,276869;1776616068,668918
Policy/Entropy;2250000;1,276724;1776616083,022279
Policy/Entropy;2280000;1,272904;1776616112,064814
Policy/Entropy;2310000;1,271870;1776616139,624713
Policy/Entropy;2340000;1,271202;1776616163,552660
Policy/Entropy;2370000;1,271064;1776616172,808018
Policy/Entropy;2400000;1,270818;1776616195,045262
Policy/Entropy;2430000;1,270789;1776616222,890724
Policy/Entropy;2460000;1,270838;1776616253,313796
Policy/Entropy;2490000;1,267981;1776616268,693093
Policy/Entropy;2520000;1,266638;1776616296,259949
Policy/Entropy;2550000;1,265063;1776616322,592939
Policy/Entropy;2580000;1,262880;1776616334,236881
Policy/Entropy;2610000;1,264184;1776616358,051443
Policy/Entropy;2640000;1,261175;1776616381,218505
Policy/Entropy;2670000;1,257625;1776616403,758120
Policy/Entropy;2700000;1,256944;1776616411,893375
Policy/Entropy;2730000;1,257600;1776616432,961552
Policy/Entropy;2760000;1,256598;1776616455,930260
Policy/Entropy;2790000;1,255420;1776616480,557894
Policy/Entropy;2820000;1,252805;1776616490,799587
Policy/Entropy;2850000;1,252652;1776616511,208283
Policy/Entropy;2880000;1,252378;1776616530,520399
Policy/Entropy;2910000;1,251833;1776616540,584782
Policy/Entropy;2940000;1,251101;1776616561,127013
Policy/Entropy;2970000;1,250755;1776616583,562918
Policy/Entropy;3000000;1,249639;1776616607,266912
Policy/Entropy;3030000;1,245896;1776616618,760339
Policy/Entropy;3060000;1,246533;1776616641,411390
Policy/Entropy;3090000;1,245459;1776616665,070052
Policy/Entropy;3120000;1,243930;1776616690,937790
Policy/Entropy;3150000;1,242890;1776616704,079216
Policy/Entropy;3180000;1,241213;1776616728,932346
Policy/Entropy;3210000;1,240448;1776616753,160117
Policy/Entropy;3240000;1,240487;1776616763,381971
Policy/Entropy;3270000;1,235952;1776616793,770917
Policy/Entropy;3300000;1,237179;1776616822,508185
Policy/Entropy;3330000;1,238199;1776616848,525135
Policy/Entropy;3360000;1,239012;1776616857,960825
Policy/Entropy;3390000;1,238763;1776616878,973566
Policy/Entropy;3420000;1,238275;1776616900,328708
Policy/Entropy;3450000;1,238232;1776616926,026933
Policy/Entropy;3480000;1,241146;1776616934,658624
Policy/Entropy;3510000;1,239643;1776616965,677423
Policy/Entropy;3540000;1,238325;1776616990,038115
Policy/Entropy;3570000;1,236572;1776617003,547431
Policy/Entropy;3600000;1,239970;1776617024,296095
Policy/Entropy;3630000;1,242922;1776617043,290122
Policy/Entropy;3660000;1,243859;1776617061,373846
Policy/Entropy;3690000;1,241635;1776617069,802367
Policy/Entropy;3720000;1,241138;1776617089,645437
Policy/Entropy;3750000;1,242693;1776617110,642247
Policy/Entropy;3780000;1,245350;1776617134,038091
Policy/Entropy;3810000;1,245128;1776617148,363091
Policy/Entropy;3840000;1,244787;1776617170,918030
Policy/Entropy;3870000;1,244061;1776617195,558609
Policy/Entropy;3900000;1,243105;1776617218,549998
Policy/Entropy;3930000;1,243771;1776617228,556573
Policy/Entropy;3960000;1,244478;1776617248,413808
Policy/Entropy;3990000;1,243822;1776617267,825571
Policy/Entropy;4020000;1,241186;1776617279,887779
Policy/Entropy;4050000;1,241244;1776617301,430768
Policy/Entropy;4080000;1,241526;1776617325,515802
Policy/Entropy;4110000;1,241642;1776617347,399577
Policy/Entropy;4140000;1,240917;1776617358,552842
Policy/Entropy;4170000;1,239135;1776617379,087938
Policy/Entropy;4200000;1,238250;1776617401,299347
Policy/Entropy;4230000;1,237866;1776617421,486220
Policy/Entropy;4260000;1,236940;1776617432,852355
Policy/Entropy;4290000;1,235826;1776617455,236062
Policy/Entropy;4320000;1,234498;1776617478,653589
Policy/Entropy;4350000;1,232723;1776617488,166485
Policy/Entropy;4380000;1,235059;1776617509,217623
Policy/Entropy;4410000;1,232847;1776617528,960833
Policy/Entropy;4440000;1,231506;1776617548,736375
Policy/Entropy;4470000;1,232119;1776617560,156603
Policy/Entropy;4500000;1,234303;1776617582,264658
Policy/Entropy;4530000;1,236698;1776617607,394959
Policy/Entropy;4560000;1,238502;1776617635,070361
Policy/Entropy;4590000;1,238159;1776617647,749153
Policy/Entropy;4620000;1,236491;1776617670,206580
Policy/Entropy;4650000;1,236116;1776617690,235697
Policy/Entropy;4680000;1,236771;1776617698,702794
Policy/Entropy;4710000;1,231321;1776617719,218922
Policy/Entropy;4740000;1,230340;1776617739,053159
Policy/Entropy;4770000;1,230265;1776617761,051903
Policy/Entropy;4800000;1,231864;1776617772,748778
Policy/Entropy;4830000;1,231444;1776617794,066012
Policy/Entropy;4860000;1,230639;1776617815,421824
Policy/Entropy;4890000;1,230621;1776617836,907329
Policy/Entropy;4920000;1,234761;1776617849,294770
Policy/Entropy;4950000;1,235059;1776617873,681326
Policy/Entropy;4980000;1,234157;1776617895,963077
Policy/Entropy;5010000;1,232366;1776617917,675737
Policy/Entropy;5040000;1,229307;1776617928,387054
Policy/Entropy;5070000;1,229581;1776617949,417974
Policy/Entropy;5100000;1,230907;1776617972,558553
Policy/Entropy;5130000;1,233263;1776617983,409878
Policy/Entropy;5160000;1,230131;1776618003,150850
Policy/Entropy;5190000;1,226986;1776618022,786846
Policy/Entropy;5220000;1,227010;1776618043,021037
Policy/Entropy;5250000;1,232229;1776618055,577814
Policy/Entropy;5280000;1,228562;1776618084,084170
Policy/Entropy;5310000;1,228019;1776618105,997093
Policy/Entropy;5340000;1,228488;1776618126,423629
Policy/Entropy;5370000;1,227471;1776618136,908460
Policy/Entropy;5400000;1,228979;1776618157,764839
Policy/Entropy;5430000;1,228153;1776618181,554961
Policy/Entropy;5460000;1,225269;1776618194,298439
Policy/Entropy;5490000;1,226153;1776618216,870181
Policy/Entropy;5520000;1,226611;1776618239,577878
Policy/Entropy;5550000;1,226274;1776618258,917451
Policy/Entropy;5580000;1,223263;1776618269,619235
Policy/Entropy;5610000;1,223914;1776618297,851134
Policy/Entropy;5640000;1,223625;1776618321,731772
Policy/Entropy;5670000;1,222566;1776618341,990173
Policy/Entropy;5700000;1,219463;1776618350,621778
Policy/Entropy;5730000;1,220029;1776618368,464452
Policy/Entropy;5760000;1,221279;1776618387,363235
Policy/Entropy;5790000;1,222829;1776618400,694588
Policy/Entropy;5820000;1,220685;1776618423,800666
Policy/Entropy;5850000;1,219783;1776618445,826560
Policy/Entropy;5880000;1,218786;1776618467,763513
Policy/Entropy;5910000;1,217012;1776618482,295048
Policy/Entropy;5940000;1,220437;1776618507,424451
Policy/Entropy;5970000;1,218218;1776618529,781168
Policy/Entropy;6000000;1,215453;1776618552,751299
Policy/Entropy;6030000;1,216851;1776618562,986202
Policy/Entropy;6060000;1,216376;1776618582,651429
Policy/Entropy;6090000;1,216672;1776618600,915543
Policy/Entropy;6120000;1,217356;1776618619,740573
Policy/Entropy;6150000;1,216307;1776618630,299885
Policy/Entropy;6180000;1,215262;1776618652,023684
Policy/Entropy;6210000;1,214681;1776618673,614870
Policy/Entropy;6240000;1,214702;1776618688,205433
Policy/Entropy;6270000;1,214417;1776618711,497382
Policy/Entropy;6300000;1,212504;1776618733,338328
Policy/Entropy;6330000;1,210296;1776618754,859512
Policy/Entropy;6360000;1,209665;1776618763,839686
Policy/Entropy;6390000;1,211557;1776618784,166298
Policy/Entropy;6420000;1,210656;1776618803,538423
Policy/Entropy;6450000;1,208901;1776618824,087050
Policy/Entropy;6480000;1,212476;1776618836,248677
Policy/Entropy;6510000;1,213018;1776618863,761737
Policy/Entropy;6540000;1,213694;1776618887,754473
Policy/Entropy;6570000;1,215372;1776618898,552074
Policy/Entropy;6600000;1,210787;1776618918,865348
Policy/Entropy;6630000;1,211137;1776618940,213645
Policy/Entropy;6660000;1,211785;1776618961,816038
Policy/Entropy;6690000;1,213025;1776618971,827076
Policy/Entropy;6720000;1,210434;1776618992,520775
Policy/Entropy;6750000;1,210572;1776619013,181416
Policy/Entropy;6780000;1,211518;1776619034,007093
Policy/Entropy;6810000;1,214265;1776619044,032655
Policy/Entropy;6840000;1,212476;1776619071,374847
Policy/Entropy;6870000;1,211388;1776619095,571867
Policy/Entropy;6900000;1,209716;1776619105,863619
Policy/Entropy;6930000;1,208755;1776619128,335344
Policy/Entropy;6960000;1,210622;1776619150,705131
Policy/Entropy;6990000;1,211944;1776619171,447433
Policy/Entropy;7020000;1,210967;1776619181,312004
Policy/Entropy;7050000;1,208256;1776619202,723987
Policy/Entropy;7080000;1,209579;1776619229,730000
Policy/Entropy;7110000;1,210860;1776619255,189062
Policy/Entropy;7140000;1,207382;1776619267,044840
Policy/Entropy;7170000;1,205965;1776619288,399318
Policy/Entropy;7200000;1,205935;1776619309,400731
Policy/Entropy;7230000;1,206736;1776619318,992918
Policy/Entropy;7260000;1,206216;1776619338,874006
Policy/Entropy;7290000;1,206462;1776619358,911504
Policy/Entropy;7320000;1,205763;1776619380,751297
Policy/Entropy;7350000;1,202932;1776619390,368595
Policy/Entropy;7380000;1,204664;1776619415,400147
Policy/Entropy;7410000;1,204950;1776619439,099851
Policy/Entropy;7440000;1,204672;1776619461,009532
Policy/Entropy;7470000;1,202793;1776619472,413339
Policy/Entropy;7500000;1,204372;1776619492,894149
Policy/Entropy;7530000;1,204272;1776619510,910733
Policy/Entropy;7560000;1,202774;1776619530,253858
Policy/Entropy;7590000;1,201789;1776619543,418090
Policy/Entropy;7620000;1,202344;1776619568,589687
Policy/Entropy;7650000;1,202710;1776619589,851717
Policy/Entropy;7680000;1,203066;1776619598,144758
Policy/Entropy;7710000;1,201734;1776619616,117442
Policy/Entropy;7740000;1,202297;1776619641,589852
Policy/Entropy;7770000;1,201897;1776619670,673254
Policy/Entropy;7800000;1,198614;1776619681,394878
Policy/Entropy;7830000;1,199336;1776619702,783417
Policy/Entropy;7860000;1,199609;1776619723,611652
Policy/Entropy;7890000;1,199846;1776619745,787483
Policy/Entropy;7920000;1,200600;1776619758,426307
Policy/Entropy;7950000;1,199618;1776619782,388489
Policy/Entropy;7980000;1,198980;1776619803,631953
Policy/Entropy;8010000;1,198399;1776619811,870411
Policy/Entropy;8040000;1,199348;1776619830,784565
Policy/Entropy;8070000;1,198159;1776619850,421266
Policy/Entropy;8100000;1,197438;1776619873,549681
Policy/Entropy;8130000;1,197704;1776619889,196873
Policy/Entropy;8160000;1,198289;1776619914,378937
Policy/Entropy;8190000;1,197389;1776619933,862849
Policy/Entropy;8220000;1,195699;1776619951,674459
Policy/Entropy;8250000;1,194917;1776619959,141117
Policy/Entropy;8280000;1,194421;1776619984,878716
Policy/Entropy;8310000;1,195194;1776620014,117933
Policy/Entropy;8340000;1,196933;1776620028,032104
Policy/Entropy;8370000;1,195880;1776620047,280210
Policy/Entropy;8400000;1,196544;1776620066,389202
Policy/Entropy;8430000;1,196147;1776620084,865909
Policy/Entropy;8460000;1,193939;1776620095,858369
Policy/Entropy;8490000;1,194134;1776620124,392509
Policy/Entropy;8520000;1,192838;1776620146,310314
Policy/Entropy;8550000;1,190967;1776620166,388193
Policy/Entropy;8580000;1,190263;1776620178,473390
Policy/Entropy;8610000;1,191311;1776620201,845433
Policy/Entropy;8640000;1,190526;1776620225,184954
Policy/Entropy;8670000;1,188778;1776620236,420603
Policy/Entropy;8700000;1,186231;1776620258,592162
Policy/Entropy;8730000;1,188758;1776620278,635823
Policy/Entropy;8760000;1,189418;1776620297,803393
Policy/Entropy;8790000;1,187260;1776620307,818753
Policy/Entropy;8820000;1,185172;1776620331,302734
Policy/Entropy;8850000;1,187080;1776620358,417482
Policy/Entropy;8880000;1,188325;1776620381,525492
Policy/Entropy;8910000;1,186989;1776620391,683985
Policy/Entropy;8940000;1,187803;1776620408,929019
Policy/Entropy;8970000;1,187779;1776620426,793526
Policy/Entropy;9000000;1,187446;1776620448,522451
Policy/Entropy;9030000;1,186154;1776620461,925311
Policy/Entropy;9060000;1,184570;1776620483,809257
Policy/Entropy;9090000;1,183431;1776620505,568624
Policy/Entropy;9120000;1,183187;1776620518,027051
Policy/Entropy;9150000;1,184584;1776620540,583297
Policy/Entropy;9180000;1,183335;1776620565,559914
Policy/Entropy;9210000;1,182765;1776620592,807029
Policy/Entropy;9240000;1,184104;1776620604,433790
Policy/Entropy;9270000;1,182693;1776620623,653485
Policy/Entropy;9300000;1,181977;1776620642,429202
Policy/Entropy;9330000;1,181772;1776620660,700705
Policy/Entropy;9360000;1,183303;1776620671,888049
Policy/Entropy;9390000;1,183219;1776620693,856267
Policy/Entropy;9420000;1,182491;1776620714,997931
Policy/Entropy;9450000;1,180949;1776620726,444636
Policy/Entropy;9480000;1,181873;1776620748,493536
Policy/Entropy;9510000;1,181166;1776620772,117469
Policy/Entropy;9540000;1,180108;1776620796,106781
Policy/Entropy;9570000;1,177027;1776620808,084479
Policy/Entropy;9600000;1,178571;1776620829,652822
Policy/Entropy;9630000;1,178903;1776620850,947653
Policy/Entropy;9660000;1,178743;1776620871,567763
Policy/Entropy;9690000;1,177061;1776620883,992507
Policy/Entropy;9720000;1,175897;1776620906,861396
Policy/Entropy;9750000;1,174853;1776620930,290546
Policy/Entropy;9780000;1,173728;1776620942,200836
Policy/Entropy;9810000;1,176124;1776620961,971254
Policy/Entropy;9840000;1,174365;1776620982,603351
Policy/Entropy;9870000;1,172305;1776621002,646811
Policy/Entropy;9900000;1,171241;1776621012,423657
Policy/Entropy;9930000;1,170531;1776621039,120887
Policy/Entropy;9960000;1,169432;1776621064,584686
Policy/Entropy;9990000;1,168238;1776621088,529360
Policy/Entropy;10020000;1,168583;1776621098,897060
Policy/Entropy;10050000;1,167603;1776621119,093276
Policy/Entropy;10080000;1,167329;1776621137,281015
Policy/Entropy;10110000;1,167455;1776621144,588784
Policy/Entropy;10140000;1,167550;1776621163,283642
Policy/Entropy;10170000;1,165904;1776621184,373930
Policy/Entropy;10200000;1,165654;1776621214,791011
Policy/Entropy;10230000;1,166873;1776621228,963661
Policy/Entropy;10260000;1,165427;1776621255,783928
Policy/Entropy;10290000;1,164481;1776621280,551713
Policy/Entropy;10320000;1,163814;1776621306,430998
Policy/Entropy;10350000;1,163279;1776621321,455584
Policy/Entropy;10380000;1,163221;1776621349,118178
Policy/Entropy;10410000;1,162986;1776621375,108174
Policy/Entropy;10440000;1,162813;1776621399,371846
Policy/Entropy;10470000;1,163792;1776621408,600301
Policy/Entropy;10500000;1,163106;1776621430,362788
Policy/Entropy;10530000;1,162743;1776621454,993704
Policy/Entropy;10560000;1,162456;1776621467,915607
Policy/Entropy;10590000;1,163705;1776621490,385220
Policy/Entropy;10620000;1,162760;1776621510,218241
Policy/Entropy;10650000;1,161849;1776621531,811587
Policy/Entropy;10680000;1,161068;1776621541,440242
Policy/Entropy;10710000;1,161118;1776621562,821708
Policy/Entropy;10740000;1,161759;1776621584,707209
Policy/Entropy;10770000;1,162459;1776621606,505700
Policy/Entropy;10800000;1,162156;1776621618,523310
Policy/Entropy;10830000;1,161385;1776621641,268139
Policy/Entropy;10860000;1,161247;1776621668,257763
Policy/Entropy;10890000;1,161689;1776621679,064886
Policy/Entropy;10920000;1,161187;1776621699,540546
Policy/Entropy;10950000;1,159077;1776621719,915227
Policy/Entropy;10980000;1,157104;1776621740,657482
Policy/Entropy;11010000;1,155872;1776621752,454694
Policy/Entropy;11040000;1,157151;1776621775,732231
Policy/Entropy;11070000;1,156636;1776621799,233665
Policy/Entropy;11100000;1,155978;1776621819,872268
Policy/Entropy;11130000;1,156084;1776621828,290940
Policy/Entropy;11160000;1,154638;1776621847,434297
Policy/Entropy;11190000;1,154581;1776621871,303556
Policy/Entropy;11220000;1,155217;1776621885,982131
Policy/Entropy;11250000;1,155010;1776621915,346197
Policy/Entropy;11280000;1,154291;1776621938,344539
Policy/Entropy;11310000;1,153875;1776621960,382970
Policy/Entropy;11340000;1,153949;1776621969,387127
Policy/Entropy;11370000;1,156236;1776621987,505833
Policy/Entropy;11400000;1,156502;1776622005,931387
Policy/Entropy;11430000;1,156441;1776622026,148872
Policy/Entropy;11460000;1,155748;1776622036,353327
Policy/Entropy;11490000;1,154931;1776622064,300551
Policy/Entropy;11520000;1,154361;1776622088,935847
Policy/Entropy;11550000;1,153566;1776622109,546058
Policy/Entropy;11580000;1,155584;1776622117,232411
Policy/Entropy;11610000;1,154368;1776622134,725029
Policy/Entropy;11640000;1,153051;1776622157,714363
Policy/Entropy;11670000;1,151911;1776622176,670316
Policy/Entropy;11700000;1,151143;1776622198,860927
Policy/Entropy;11730000;1,150060;1776622218,848767
Policy/Entropy;11760000;1,148974;1776622238,134686
Policy/Entropy;11790000;1,148794;1776622249,902015
Policy/Entropy;11820000;1,149009;1776622273,826712
Policy/Entropy;11850000;1,148507;1776622296,080919
Policy/Entropy;11880000;1,147460;1776622316,245169
Policy/Entropy;11910000;1,146467;1776622325,562361
Policy/Entropy;11940000;1,145897;1776622351,963858
Policy/Entropy;11970000;1,145367;1776622379,608892
Policy/Entropy;12000000;1,144397;1776622392,174267
Policy/Entropy;12030000;1,146296;1776622412,128114
Policy/Entropy;12060000;1,145248;1776622429,997155
Policy/Entropy;12090000;1,143363;1776622447,207476
Policy/Entropy;12120000;1,141890;1776622453,035628
Policy/Entropy;12150000;1,140326;1776622473,878979
Policy/Entropy;12180000;1,140599;1776622508,386335
Policy/Entropy;12210000;1,141572;1776622532,169877
Policy/Entropy;12240000;1,141665;1776622541,029272
Policy/Entropy;12270000;1,138954;1776622559,876154
Policy/Entropy;12300000;1,138151;1776622579,808518
Policy/Entropy;12330000;1,138479;1776622591,081101
Policy/Entropy;12360000;1,138621;1776622614,886139
Policy/Entropy;12390000;1,137852;1776622637,993089
Policy/Entropy;12420000;1,137062;1776622659,436699
Policy/Entropy;12450000;1,137269;1776622669,937317
Policy/Entropy;12480000;1,137189;1776622689,511683
Policy/Entropy;12510000;1,136759;1776622708,792850
Policy/Entropy;12540000;1,135928;1776622736,104834
Policy/Entropy;12570000;1,134121;1776622752,667809
Policy/Entropy;12600000;1,133880;1776622775,499223
Policy/Entropy;12630000;1,133872;1776622795,818676
Policy/Entropy;12660000;1,134148;1776622804,487030
Policy/Entropy;12690000;1,134752;1776622821,042217
Policy/Entropy;12720000;1,132464;1776622840,448078
Policy/Entropy;12750000;1,131718;1776622862,904953
Policy/Entropy;12780000;1,132797;1776622878,114673
Policy/Entropy;12810000;1,132692;1776622901,937807
Policy/Entropy;12840000;1,132125;1776622923,977062
Policy/Entropy;12870000;1,131538;1776622943,950255
Policy/Entropy;12900000;1,132314;1776622954,478982
Policy/Entropy;12930000;1,131376;1776622979,236686
Policy/Entropy;12960000;1,130886;1776623002,653804
Policy/Entropy;12990000;1,130569;1776623016,634036
Policy/Entropy;13020000;1,129667;1776623036,289457
Policy/Entropy;13050000;1,129501;1776623057,654626
Policy/Entropy;13080000;1,129308;1776623082,924885
Policy/Entropy;13110000;1,128964;1776623096,670973
Policy/Entropy;13140000;1,128763;1776623118,223775
Policy/Entropy;13170000;1,129020;1776623137,782764
Policy/Entropy;13200000;1,129294;1776623156,630335
Policy/Entropy;13230000;1,128727;1776623167,059526
Policy/Entropy;13260000;1,128450;1776623195,411600
Policy/Entropy;13290000;1,128294;1776623220,258829
Policy/Entropy;13320000;1,128154;1776623232,705808
Policy/Entropy;13350000;1,127062;1776623253,309307
Policy/Entropy;13380000;1,126546;1776623272,394419
Policy/Entropy;13410000;1,125958;1776623291,781819
Policy/Entropy;13440000;1,125291;1776623301,848100
Policy/Entropy;13470000;1,125055;1776623328,683979
Policy/Entropy;13500000;1,124936;1776623358,436979
Policy/Entropy;13530000;1,124751;1776623381,933864
Policy/Entropy;13560000;1,123714;1776623391,024301
Policy/Entropy;13590000;1,124039;1776623410,742731
Policy/Entropy;13620000;1,124111;1776623428,655331
Policy/Entropy;13650000;1,123994;1776623436,594781
Policy/Entropy;13680000;1,124499;1776623456,616385
Policy/Entropy;13710000;1,124139;1776623476,081006
Policy/Entropy;13740000;1,123740;1776623497,911094
Policy/Entropy;13770000;1,123195;1776623514,243411
Policy/Entropy;13800000;1,122689;1776623537,497158
Policy/Entropy;13830000;1,123155;1776623559,199629
Policy/Entropy;13860000;1,123572;1776623578,798895
Policy/Entropy;13890000;1,122366;1776623588,473514
Policy/Entropy;13920000;1,120878;1776623607,939888
Policy/Entropy;13950000;1,120432;1776623633,553345
Policy/Entropy;13980000;1,120128;1776623660,928045
Policy/Entropy;14010000;1,118948;1776623674,920089
Policy/Entropy;14040000;1,119171;1776623696,000977
Policy/Entropy;14070000;1,119255;1776623717,782583
Policy/Entropy;14100000;1,119239;1776623729,658382
Policy/Entropy;14130000;1,117550;1776623749,954776
Policy/Entropy;14160000;1,118037;1776623771,482476
Policy/Entropy;14190000;1,118467;1776623793,941612
Policy/Entropy;14220000;1,118295;1776623804,283099
Policy/Entropy;14250000;1,118514;1776623827,943365
Policy/Entropy;14280000;1,118198;1776623851,293835
Policy/Entropy;14310000;1,117616;1776623872,480301
Policy/Entropy;14340000;1,116348;1776623884,047962
Policy/Entropy;14370000;1,117004;1776623905,853768
Policy/Entropy;14400000;1,116969;1776623925,420086
Policy/Entropy;14430000;1,116407;1776623934,312716
Policy/Entropy;14460000;1,118349;1776623956,674435
Policy/Entropy;14490000;1,118335;1776623978,045868
Policy/Entropy;14520000;1,117978;1776623999,190405
Policy/Entropy;14550000;1,117330;1776624014,152865
Policy/Entropy;14580000;1,116376;1776624039,894447
Policy/Entropy;14610000;1,115797;1776624062,838067
Policy/Entropy;14640000;1,115269;1776624084,471364
Policy/Entropy;14670000;1,114517;1776624095,943752
Policy/Entropy;14700000;1,114010;1776624118,580419
Policy/Entropy;14730000;1,113459;1776624139,283713
Policy/Entropy;14760000;1,112702;1776624147,492834
Policy/Entropy;14790000;1,112506;1776624171,373177
Policy/Entropy;14820000;1,111816;1776624194,201071
Policy/Entropy;14850000;1,111493;1776624216,916712
Policy/Entropy;14880000;1,111751;1776624228,105463
Policy/Entropy;14910000;1,111109;1776624250,606717
Policy/Entropy;14940000;1,111428;1776624268,487449
Policy/Entropy;14970000;1,112042;1776624289,568130
Policy/Entropy;15000000;1,113091;1776624306,507051
Policy/Entropy;15030000;1,112771;1776624333,079390
Policy/Entropy;15060000;1,112469;1776624354,625311
Policy/Entropy;15090000;1,112196;1776624373,789306
Policy/Entropy;15120000;1,111916;1776624381,448608
Policy/Entropy;15150000;1,111089;1776624399,229768
Policy/Entropy;15180000;1,110504;1776624418,777715
Policy/Entropy;15210000;1,109944;1776624436,042146
Policy/Entropy;15240000;1,110920;1776624463,467850
Policy/Entropy;15270000;1,111234;1776624485,298594
Policy/Entropy;15300000;1,111427;1776624505,615866
Policy/Entropy;15330000;1,111241;1776624514,470020
Policy/Entropy;15360000;1,110081;1776624537,280542
Policy/Entropy;15390000;1,110322;1776624561,324908
Policy/Entropy;15420000;1,110942;1776624584,110849
Policy/Entropy;15450000;1,110794;1776624598,563574
Policy/Entropy;15480000;1,111287;1776624618,828012
Policy/Entropy;15510000;1,111677;1776624637,592436
Policy/Entropy;15540000;1,112008;1776624645,359166
Policy/Entropy;15570000;1,110178;1776624666,949170
Policy/Entropy;15600000;1,109733;1776624695,257921
Policy/Entropy;15630000;1,109340;1776624716,943342
Policy/Entropy;15660000;1,109096;1776624725,368096
Policy/Entropy;15690000;1,108391;1776624744,135556
Policy/Entropy;15720000;1,107887;1776624767,110418
Policy/Entropy;15750000;1,107568;1776624796,913649
Policy/Entropy;15780000;1,108151;1776624808,212186
Policy/Entropy;15810000;1,107485;1776624827,754529
Policy/Entropy;15840000;1,107277;1776624848,056956
Policy/Entropy;15870000;1,107342;1776624857,977608
Policy/Entropy;15900000;1,107588;1776624880,956896
Policy/Entropy;15930000;1,107339;1776624906,658638
Policy/Entropy;15960000;1,106967;1776624928,779785
Policy/Entropy;15990000;1,106011;1776624938,605248
Policy/Entropy;16020000;1,106917;1776624958,875287
Policy/Entropy;16050000;1,106429;1776624979,121295
Policy/Entropy;16080000;1,105861;1776625002,270440
Policy/Entropy;16110000;1,105501;1776625019,917132
Policy/Entropy;16140000;1,105080;1776625044,394961
Policy/Entropy;16170000;1,105269;1776625066,300338
Policy/Entropy;16200000;1,105751;1776625085,435621
Policy/Entropy;16230000;1,105085;1776625093,105437
Policy/Entropy;16260000;1,104962;1776625110,582861
Policy/Entropy;16290000;1,104789;1776625131,640334
Policy/Entropy;16320000;1,104603;1776625150,232560
Policy/Entropy;16350000;1,103769;1776625173,868284
Policy/Entropy;16380000;1,103605;1776625195,708530
Policy/Entropy;16410000;1,103630;1776625217,534207
Policy/Entropy;16440000;1,104089;1776625230,881749
Policy/Entropy;16470000;1,103953;1776625253,530306
Policy/Entropy;16500000;1,103744;1776625277,147928
Policy/Entropy;16530000;1,103360;1776625296,446989
Policy/Entropy;16560000;1,102171;1776625304,669106
Policy/Entropy;16590000;1,101788;1776625322,445157
Policy/Entropy;16620000;1,101929;1776625343,058035
Policy/Entropy;16650000;1,102297;1776625362,787673
Policy/Entropy;16680000;1,102167;1776625385,996510
Policy/Entropy;16710000;1,102054;1776625408,546935
Policy/Entropy;16740000;1,101956;1776625429,494470
Policy/Entropy;16770000;1,101890;1776625439,282003
Policy/Entropy;16800000;1,101148;1776625459,179612
Policy/Entropy;16830000;1,100623;1776625481,255933
Policy/Entropy;16860000;1,100252;1776625503,801589
Policy/Entropy;16890000;1,100201;1776625515,179554
Policy/Entropy;16920000;1,100029;1776625537,465522
Policy/Entropy;16950000;1,099779;1776625560,791125
Policy/Entropy;16980000;1,099457;1776625576,577482
Policy/Entropy;17010000;1,098842;1776625597,278760
Policy/Entropy;17040000;1,099020;1776625617,176908
Policy/Entropy;17070000;1,098915;1776625637,169797
Policy/Entropy;17100000;1,098364;1776625648,197498
Policy/Entropy;17130000;1,097995;1776625672,439034
Policy/Entropy;17160000;1,097795;1776625696,925749
Policy/Entropy;17190000;1,097469;1776625721,720153
Policy/Entropy;17220000;1,096644;1776625731,619735
Policy/Entropy;17250000;1,096823;1776625753,422615
Policy/Entropy;17280000;1,096797;1776625775,178514
Policy/Entropy;17310000;1,096640;1776625795,306785
Policy/Entropy;17340000;1,096283;1776625805,599547
Policy/Entropy;17370000;1,095980;1776625823,121887
Policy/Entropy;17400000;1,095666;1776625846,316872
Policy/Entropy;17430000;1,095369;1776625860,996060
Policy/Entropy;17460000;1,094941;1776625885,045324
Policy/Entropy;17490000;1,095035;1776625905,503021
Policy/Entropy;17520000;1,094989;1776625926,215037
Policy/Entropy;17550000;1,094199;1776625939,652444
Policy/Entropy;17580000;1,094258;1776625966,042150
Policy/Entropy;17610000;1,094096;1776625990,462234
Policy/Entropy;17640000;1,093834;1776626013,552574
Policy/Entropy;17670000;1,093409;1776626024,376603
Policy/Entropy;17700000;1,093286;1776626042,434015
Policy/Entropy;17730000;1,093145;1776626060,112832
Policy/Entropy;17760000;1,092954;1776626068,074269
Policy/Entropy;17790000;1,092704;1776626088,689429
Policy/Entropy;17820000;1,092434;1776626117,528788
Policy/Entropy;17850000;1,092166;1776626139,905765
Policy/Entropy;17880000;1,091743;1776626152,290465
Policy/Entropy;17910000;1,091656;1776626173,058635
Policy/Entropy;17940000;1,091845;1776626191,219073
Policy/Entropy;17970000;1,092040;1776626211,425868
Policy/Entropy;18000000;1,092023;1776626226,787900
Policy/Entropy;18030000;1,091616;1776626252,013272
Policy/Entropy;18060000;1,091370;1776626274,426076
Policy/Entropy;18090000;1,091254;1776626285,858448
Policy/Entropy;18120000;1,091150;1776626306,671803
Policy/Entropy;18150000;1,091114;1776626328,993164
Policy/Entropy;18180000;1,091105;1776626350,096143
Policy/Entropy;18210000;1,091119;1776626362,791674
Policy/Entropy;18240000;1,091059;1776626384,953836
Policy/Entropy;18270000;1,091163;1776626405,162497
Policy/Entropy;18300000;1,091274;1776626425,390281
Policy/Entropy;18330000;1,091316;1776626435,006037
Policy/Entropy;18360000;1,090865;1776626461,126534
Policy/Entropy;18390000;1,090869;1776626488,166145
Policy/Entropy;18420000;1,091064;1776626498,387152
Policy/Entropy;18450000;1,090753;1776626519,741228
Policy/Entropy;18480000;1,090892;1776626540,594028
Policy/Entropy;18510000;1,090854;1776626559,940169
Policy/Entropy;18540000;1,090523;1776626568,823067
Policy/Entropy;18570000;1,090759;1776626590,638567
Policy/Entropy;18600000;1,090827;1776626615,885269
Policy/Entropy;18630000;1,090857;1776626642,859579
Policy/Entropy;18660000;1,090825;1776626652,886939
Policy/Entropy;18690000;1,090842;1776626671,971371
Policy/Entropy;18720000;1,090793;1776626691,847662
Policy/Entropy;18750000;1,090693;1776626713,767082
Policy/Entropy;18780000;1,090521;1776626729,788325
Policy/Entropy;18810000;1,090602;1776626757,693224
Policy/Entropy;18840000;1,090562;1776626778,568187
Policy/Entropy;18870000;1,090303;1776626786,709641
Policy/Entropy;18900000;1,090258;1776626805,224458
Policy/Entropy;18930000;1,090289;1776626824,028351
Policy/Entropy;18960000;1,090231;1776626847,283038
Policy/Entropy;18990000;1,089966;1776626862,312277
Policy/Entropy;19020000;1,089751;1776626886,121893
Policy/Entropy;19050000;1,089702;1776626906,452252
Policy/Entropy;19080000;1,089715;1776626925,712720
Policy/Entropy;19110000;1,089723;1776626932,953911
Policy/Entropy;19140000;1,089598;1776626954,630984
Policy/Entropy;19170000;1,089591;1776626991,255905
Policy/Entropy;19200000;1,089660;1776627005,208557
Policy/Entropy;19230000;1,089868;1776627025,019686
Policy/Entropy;19260000;1,089810;1776627044,859300
Policy/Entropy;19290000;1,089778;1776627063,080884
Policy/Entropy;19320000;1,089897;1776627074,850137
Policy/Entropy;19350000;1,089894;1776627099,294109
Policy/Entropy;19380000;1,089886;1776627122,100086
Policy/Entropy;19410000;1,089859;1776627142,868934
Policy/Entropy;19440000;1,089749;1776627151,523272
Policy/Entropy;19470000;1,089671;1776627172,087339
Policy/Entropy;19500000;1,089658;1776627196,097275
Policy/Entropy;19530000;1,089686;1776627207,633409
Policy/Entropy;19560000;1,089495;1776627230,663116
Policy/Entropy;19590000;1,089471;1776627253,151736
Policy/Entropy;19620000;1,089466;1776627274,415094
Policy/Entropy;19650000;1,089497;1776627289,627355
Policy/Entropy;19680000;1,089537;1776627313,537426
Policy/Entropy;19710000;1,089566;1776627336,176272
Policy/Entropy;19740000;1,089585;1776627357,292623
Policy/Entropy;19770000;1,089513;1776627364,710621
Policy/Entropy;19800000;1,089493;1776627382,766664
Policy/Entropy;19830000;1,089493;1776627401,518884
Policy/Entropy;19860000;1,089498;1776627424,935269
Policy/Entropy;19890000;1,089440;1776627440,949052
Policy/Entropy;19920000;1,089452;1776627463,021012
Policy/Entropy;19950000;1,089457;1776627484,413420
Policy/Entropy;19980000;1,089450;1776627495,185409
Policy/Epsilon;60000;0,199791;1776614647,578486
Policy/Epsilon;90000;0,199585;1776614680,680980
Policy/Epsilon;150000;0,199380;1776614738,551845
Policy/Epsilon;180000;0,199175;1776614768,593388
Policy/Epsilon;210000;0,198968;1776614786,091011
Policy/Epsilon;270000;0,198763;1776614822,113039
Policy/Epsilon;300000;0,198558;1776614850,462687
Policy/Epsilon;330000;0,198352;1776614872,569159
Policy/Epsilon;390000;0,198146;1776614900,419052
Policy/Epsilon;420000;0,197942;1776614947,515218
Policy/Epsilon;480000;0,197736;1776614989,412641
Policy/Epsilon;510000;0,197530;1776615013,368305
Policy/Epsilon;540000;0,197301;1776615032,599068
Policy/Epsilon;600000;0,197073;1776615055,312199
Policy/Epsilon;630000;0,196868;1776615073,221993
Policy/Epsilon;690000;0,196625;1776615094,857416
Policy/Epsilon;720000;0,196419;1776615117,140182
Policy/Epsilon;780000;0,196214;1776615159,748810
Policy/Epsilon;810000;0,196008;1776615179,534382
Policy/Epsilon;840000;0,195801;1776615195,951692
Policy/Epsilon;900000;0,195596;1776615233,937852
Policy/Epsilon;930000;0,195391;1776615254,647596
Policy/Epsilon;990000;0,195185;1776615281,175069
Policy/Epsilon;1020000;0,194980;1776615304,155077
Policy/Epsilon;1050000;0,194774;1776615325,316545
Policy/Epsilon;1110000;0,194567;1776615359,521151
Policy/Epsilon;1140000;0,194350;1776615380,769575
Policy/Epsilon;1200000;0,194145;1776615416,917828
Policy/Epsilon;1230000;0,193939;1776615436,336930
Policy/Epsilon;1260000;0,193709;1776615456,735779
Policy/Epsilon;1320000;0,193503;1776615482,649567
Policy/Epsilon;1350000;0,193297;1776615505,686806
Policy/Epsilon;1410000;0,193089;1776615543,870531
Policy/Epsilon;1440000;0,192884;1776615572,825779
Policy/Epsilon;1470000;0,192677;1776615594,730271
Policy/Epsilon;1530000;0,192472;1776615621,542229
Policy/Epsilon;1560000;0,192266;1776615638,791915
Policy/Epsilon;1590000;0,192060;1776615660,899803
Policy/Epsilon;1650000;0,191819;1776615690,369982
Policy/Epsilon;1680000;0,191614;1776615718,101750
Policy/Epsilon;1740000;0,191409;1776615754,165042
Policy/Epsilon;1770000;0,191202;1776615778,099513
Policy/Epsilon;1830000;0,190998;1776615809,537224
Policy/Epsilon;1860000;0,190790;1776615828,419533
Policy/Epsilon;1890000;0,190585;1776615856,473301
Policy/Epsilon;1950000;0,190379;1776615902,778570
Policy/Epsilon;1980000;0,190174;1776615925,941071
Policy/Epsilon;2010000;0,189968;1776615946,293893
Policy/Epsilon;2070000;0,189762;1776615973,194904
Policy/Epsilon;2100000;0,189556;1776615994,316106
Policy/Epsilon;2160000;0,189349;1776616021,709907
Policy/Epsilon;2190000;0,189144;1776616043,941094
Policy/Epsilon;2220000;0,188939;1776616068,670915
Policy/Epsilon;2280000;0,188733;1776616112,068248
Policy/Epsilon;2310000;0,188528;1776616139,626736
Policy/Epsilon;2340000;0,188322;1776616163,554203
Policy/Epsilon;2400000;0,188114;1776616195,048779
Policy/Epsilon;2430000;0,187907;1776616222,891726
Policy/Epsilon;2460000;0,187702;1776616253,316728
Policy/Epsilon;2520000;0,187495;1776616296,262252
Policy/Epsilon;2550000;0,187290;1776616322,595947
Policy/Epsilon;2610000;0,187084;1776616358,053965
Policy/Epsilon;2640000;0,186879;1776616381,221140
Policy/Epsilon;2670000;0,186673;1776616403,759628
Policy/Epsilon;2730000;0,186468;1776616432,963059
Policy/Epsilon;2760000;0,186262;1776616455,938326
Policy/Epsilon;2790000;0,186057;1776616480,561283
Policy/Epsilon;2850000;0,185850;1776616511,211792
Policy/Epsilon;2880000;0,185645;1776616530,522298
Policy/Epsilon;2940000;0,185438;1776616561,129545
Policy/Epsilon;2970000;0,185233;1776616583,563921
Policy/Epsilon;3000000;0,185028;1776616607,269423
Policy/Epsilon;3060000;0,184823;1776616641,414404
Policy/Epsilon;3090000;0,184617;1776616665,073807
Policy/Epsilon;3120000;0,184411;1776616690,940001
Policy/Epsilon;3180000;0,184205;1776616728,935374
Policy/Epsilon;3210000;0,183999;1776616753,162633
Policy/Epsilon;3270000;0,183794;1776616793,773424
Policy/Epsilon;3300000;0,183588;1776616822,510197
Policy/Epsilon;3330000;0,183382;1776616848,529862
Policy/Epsilon;3390000;0,183176;1776616878,977586
Policy/Epsilon;3420000;0,182970;1776616900,332222
Policy/Epsilon;3450000;0,182765;1776616926,028441
Policy/Epsilon;3510000;0,182560;1776616965,679438
Policy/Epsilon;3540000;0,182352;1776616990,042135
Policy/Epsilon;3600000;0,182147;1776617024,298102
Policy/Epsilon;3630000;0,181941;1776617043,291517
Policy/Epsilon;3660000;0,181735;1776617061,376137
Policy/Epsilon;3720000;0,181527;1776617089,646948
Policy/Epsilon;3750000;0,181323;1776617110,644254
Policy/Epsilon;3780000;0,181116;1776617134,040607
Policy/Epsilon;3840000;0,180910;1776617170,920050
Policy/Epsilon;3870000;0,180705;1776617195,560115
Policy/Epsilon;3900000;0,180500;1776617218,554028
Policy/Epsilon;3960000;0,180295;1776617248,415811
Policy/Epsilon;3990000;0,180090;1776617267,828593
Policy/Epsilon;4050000;0,179885;1776617301,433276
Policy/Epsilon;4080000;0,179679;1776617325,516827
Policy/Epsilon;4110000;0,179474;1776617347,400581
Policy/Epsilon;4170000;0,179269;1776617379,091444
Policy/Epsilon;4200000;0,179063;1776617401,301857
Policy/Epsilon;4230000;0,178859;1776617421,487220
Policy/Epsilon;4290000;0,178654;1776617455,239096
Policy/Epsilon;4320000;0,178448;1776617478,655604
Policy/Epsilon;4380000;0,178243;1776617509,219133
Policy/Epsilon;4410000;0,178037;1776617528,961832
Policy/Epsilon;4440000;0,177831;1776617548,739041
Policy/Epsilon;4500000;0,177625;1776617582,267683
Policy/Epsilon;4530000;0,177420;1776617607,397113
Policy/Epsilon;4560000;0,177214;1776617635,072377
Policy/Epsilon;4620000;0,177008;1776617670,209086
Policy/Epsilon;4650000;0,176803;1776617690,239210
Policy/Epsilon;4710000;0,176598;1776617719,212870
Policy/Epsilon;4740000;0,176393;1776617739,055170
Policy/Epsilon;4770000;0,176188;1776617761,053931
Policy/Epsilon;4830000;0,175983;1776617794,068519
Policy/Epsilon;4860000;0,175777;1776617815,423335
Policy/Epsilon;4890000;0,175572;1776617836,909335
Policy/Epsilon;4950000;0,175366;1776617873,682828
Policy/Epsilon;4980000;0,175160;1776617895,965183
Policy/Epsilon;5010000;0,174955;1776617917,678533
Policy/Epsilon;5070000;0,174750;1776617949,418977
Policy/Epsilon;5100000;0,174545;1776617972,561055
Policy/Epsilon;5160000;0,174339;1776618003,152854
Policy/Epsilon;5190000;0,174132;1776618022,788865
Policy/Epsilon;5220000;0,173927;1776618043,022542
Policy/Epsilon;5280000;0,173721;1776618084,095738
Policy/Epsilon;5310000;0,173515;1776618105,998607
Policy/Epsilon;5340000;0,173311;1776618126,426335
Policy/Epsilon;5400000;0,173105;1776618157,766844
Policy/Epsilon;5430000;0,172899;1776618181,558467
Policy/Epsilon;5490000;0,172693;1776618216,872185
Policy/Epsilon;5520000;0,172487;1776618239,579391
Policy/Epsilon;5550000;0,172282;1776618258,918455
Policy/Epsilon;5610000;0,172072;1776618297,854133
Policy/Epsilon;5640000;0,171867;1776618321,733778
Policy/Epsilon;5670000;0,171661;1776618341,994684
Policy/Epsilon;5730000;0,171456;1776618368,466468
Policy/Epsilon;5760000;0,171251;1776618387,364737
Policy/Epsilon;5820000;0,171045;1776618423,802671
Policy/Epsilon;5850000;0,170840;1776618445,829260
Policy/Epsilon;5880000;0,170634;1776618467,766019
Policy/Epsilon;5940000;0,170429;1776618507,426730
Policy/Epsilon;5970000;0,170222;1776618529,783675
Policy/Epsilon;6000000;0,170016;1776618552,753831
Policy/Epsilon;6060000;0,169811;1776618582,653462
Policy/Epsilon;6090000;0,169606;1776618600,919555
Policy/Epsilon;6120000;0,169401;1776618619,741571
Policy/Epsilon;6180000;0,169196;1776618652,026704
Policy/Epsilon;6210000;0,168991;1776618673,617881
Policy/Epsilon;6270000;0,168786;1776618711,498898
Policy/Epsilon;6300000;0,168580;1776618733,341341
Policy/Epsilon;6330000;0,168375;1776618754,861020
Policy/Epsilon;6390000;0,168169;1776618784,169829
Policy/Epsilon;6420000;0,167962;1776618803,540427
Policy/Epsilon;6450000;0,167756;1776618824,088057
Policy/Epsilon;6510000;0,167551;1776618863,764755
Policy/Epsilon;6540000;0,167345;1776618887,755977
Policy/Epsilon;6600000;0,167140;1776618918,868994
Policy/Epsilon;6630000;0,166934;1776618940,215672
Policy/Epsilon;6660000;0,166729;1776618961,817552
Policy/Epsilon;6720000;0,166524;1776618992,524280
Policy/Epsilon;6750000;0,166319;1776619013,182419
Policy/Epsilon;6780000;0,166112;1776619034,010114
Policy/Epsilon;6840000;0,165907;1776619071,377359
Policy/Epsilon;6870000;0,165701;1776619095,574866
Policy/Epsilon;6930000;0,165495;1776619128,337558
Policy/Epsilon;6960000;0,165289;1776619150,708643
Policy/Epsilon;6990000;0,165081;1776619171,450453
Policy/Epsilon;7050000;0,164876;1776619202,725503
Policy/Epsilon;7080000;0,164671;1776619229,731000
Policy/Epsilon;7110000;0,164466;1776619255,191581
Policy/Epsilon;7170000;0,164259;1776619288,403861
Policy/Epsilon;7200000;0,164053;1776619309,402245
Policy/Epsilon;7260000;0,163848;1776619338,878055
Policy/Epsilon;7290000;0,163642;1776619358,912015
Policy/Epsilon;7320000;0,163437;1776619380,753303
Policy/Epsilon;7380000;0,163232;1776619415,402163
Policy/Epsilon;7410000;0,163026;1776619439,102372
Policy/Epsilon;7440000;0,162820;1776619461,013545
Policy/Epsilon;7500000;0,162615;1776619492,896168
Policy/Epsilon;7530000;0,162409;1776619510,911740
Policy/Epsilon;7560000;0,162201;1776619530,256938
Policy/Epsilon;7620000;0,161996;1776619568,591697
Policy/Epsilon;7650000;0,161790;1776619589,854462
Policy/Epsilon;7710000;0,161585;1776619616,118947
Policy/Epsilon;7740000;0,161380;1776619641,593487
Policy/Epsilon;7770000;0,161174;1776619670,675763
Policy/Epsilon;7830000;0,160969;1776619702,785925
Policy/Epsilon;7860000;0,160764;1776619723,613658
Policy/Epsilon;7890000;0,160559;1776619745,789994
Policy/Epsilon;7950000;0,160354;1776619782,389491
Policy/Epsilon;7980000;0,160149;1776619803,633462
Policy/Epsilon;8040000;0,159940;1776619830,786068
Policy/Epsilon;8070000;0,159735;1776619850,422272
Policy/Epsilon;8100000;0,159529;1776619873,551183
Policy/Epsilon;8160000;0,159324;1776619914,382972
Policy/Epsilon;8190000;0,159119;1776619933,864868
Policy/Epsilon;8220000;0,158914;1776619951,676473
Policy/Epsilon;8280000;0,158708;1776619984,880718
Policy/Epsilon;8310000;0,158503;1776620014,119938
Policy/Epsilon;8370000;0,158297;1776620047,283716
Policy/Epsilon;8400000;0,158088;1776620066,391256
Policy/Epsilon;8430000;0,157882;1776620084,867915
Policy/Epsilon;8490000;0,157676;1776620124,396020
Policy/Epsilon;8520000;0,157471;1776620146,312319
Policy/Epsilon;8550000;0,157265;1776620166,389739
Policy/Epsilon;8610000;0,157060;1776620201,846433
Policy/Epsilon;8640000;0,156855;1776620225,186953
Policy/Epsilon;8700000;0,156649;1776620258,584639
Policy/Epsilon;8730000;0,156443;1776620278,637830
Policy/Epsilon;8760000;0,156237;1776620297,806987
Policy/Epsilon;8820000;0,156032;1776620331,305246
Policy/Epsilon;8850000;0,155827;1776620358,420995
Policy/Epsilon;8880000;0,155621;1776620381,527001
Policy/Epsilon;8940000;0,155416;1776620408,931527
Policy/Epsilon;8970000;0,155211;1776620426,796537
Policy/Epsilon;9000000;0,155004;1776620448,523953
Policy/Epsilon;9060000;0,154797;1776620483,813272
Policy/Epsilon;9090000;0,154591;1776620505,570158
Policy/Epsilon;9150000;0,154386;1776620540,584296
Policy/Epsilon;9180000;0,154180;1776620565,563109
Policy/Epsilon;9210000;0,153975;1776620592,809543
Policy/Epsilon;9270000;0,153769;1776620623,654988
Policy/Epsilon;9300000;0,153562;1776620642,430708
Policy/Epsilon;9330000;0,153357;1776620660,703214
Policy/Epsilon;9390000;0,153151;1776620693,859773
Policy/Epsilon;9420000;0,152946;1776620715,000964
Policy/Epsilon;9480000;0,152741;1776620748,495039
Policy/Epsilon;9510000;0,152536;1776620772,119472
Policy/Epsilon;9540000;0,152330;1776620796,108792
Policy/Epsilon;9600000;0,152124;1776620829,654836
Policy/Epsilon;9630000;0,151918;1776620850,949141
Policy/Epsilon;9660000;0,151712;1776620871,570273
Policy/Epsilon;9720000;0,151505;1776620906,863411
Policy/Epsilon;9750000;0,151300;1776620930,292557
Policy/Epsilon;9810000;0,151095;1776620961,973271
Policy/Epsilon;9840000;0,150890;1776620982,606868
Policy/Epsilon;9870000;0,150683;1776621002,647816
Policy/Epsilon;9930000;0,150477;1776621039,125413
Policy/Epsilon;9960000;0,150272;1776621064,586188
Policy/Epsilon;9990000;0,150066;1776621088,531378
Policy/Epsilon;10050000;0,149860;1776621119,096782
Policy/Epsilon;10080000;0,149655;1776621137,284527
Policy/Epsilon;10140000;0,149449;1776621163,279118
Policy/Epsilon;10170000;0,149244;1776621184,375936
Policy/Epsilon;10200000;0,149039;1776621214,793522
Policy/Epsilon;10260000;0,148835;1776621255,786934
Policy/Epsilon;10290000;0,148630;1776621280,554727
Policy/Epsilon;10320000;0,148424;1776621306,434208
Policy/Epsilon;10380000;0,148219;1776621349,120672
Policy/Epsilon;10410000;0,148012;1776621375,109180
Policy/Epsilon;10440000;0,147807;1776621399,372849
Policy/Epsilon;10500000;0,147602;1776621430,364799
Policy/Epsilon;10530000;0,147397;1776621454,997138
Policy/Epsilon;10590000;0,147192;1776621490,386731
Policy/Epsilon;10620000;0,146987;1776621510,220753
Policy/Epsilon;10650000;0,146782;1776621531,813093
Policy/Epsilon;10710000;0,146576;1776621562,823719
Policy/Epsilon;10740000;0,146371;1776621584,710210
Policy/Epsilon;10770000;0,146165;1776621606,508703
Policy/Epsilon;10830000;0,145958;1776621641,270410
Policy/Epsilon;10860000;0,145751;1776621668,260271
Policy/Epsilon;10920000;0,145545;1776621699,543053
Policy/Epsilon;10950000;0,145340;1776621719,919236
Policy/Epsilon;10980000;0,145135;1776621740,659995
Policy/Epsilon;11040000;0,144928;1776621775,733734
Policy/Epsilon;11070000;0,144721;1776621799,235669
Policy/Epsilon;11100000;0,144515;1776621819,874333
Policy/Epsilon;11160000;0,144310;1776621847,437346
Policy/Epsilon;11190000;0,144104;1776621871,306062
Policy/Epsilon;11250000;0,143898;1776621915,347985
Policy/Epsilon;11280000;0,143693;1776621938,348552
Policy/Epsilon;11310000;0,143486;1776621960,387083
Policy/Epsilon;11370000;0,143280;1776621987,508245
Policy/Epsilon;11400000;0,143074;1776622005,933902
Policy/Epsilon;11430000;0,142868;1776622026,150383
Policy/Epsilon;11490000;0,142662;1776622064,302551
Policy/Epsilon;11520000;0,142457;1776622088,937350
Policy/Epsilon;11550000;0,142250;1776622109,550333
Policy/Epsilon;11610000;0,142045;1776622134,727030
Policy/Epsilon;11640000;0,141838;1776622157,716866
Policy/Epsilon;11700000;0,141633;1776622198,864928
Policy/Epsilon;11730000;0,141424;1776622218,850281
Policy/Epsilon;11760000;0,141219;1776622238,137383
Policy/Epsilon;11820000;0,141013;1776622273,829724
Policy/Epsilon;11850000;0,140808;1776622296,082930
Policy/Epsilon;11880000;0,140602;1776622316,248682
Policy/Epsilon;11940000;0,140396;1776622351,965863
Policy/Epsilon;11970000;0,140191;1776622379,611658
Policy/Epsilon;12030000;0,139986;1776622412,130131
Policy/Epsilon;12060000;0,139780;1776622429,998352
Policy/Epsilon;12090000;0,139573;1776622447,209486
Policy/Epsilon;12150000;0,139368;1776622473,880494
Policy/Epsilon;12180000;0,139163;1776622508,387843
Policy/Epsilon;12210000;0,138958;1776622532,170385
Policy/Epsilon;12270000;0,138752;1776622559,877666
Policy/Epsilon;12300000;0,138544;1776622579,810246
Policy/Epsilon;12360000;0,138337;1776622614,887899
Policy/Epsilon;12390000;0,138132;1776622637,995087
Policy/Epsilon;12420000;0,137927;1776622659,439214
Policy/Epsilon;12480000;0,137721;1776622689,513196
Policy/Epsilon;12510000;0,137514;1776622708,796257
Policy/Epsilon;12540000;0,137309;1776622736,108157
Policy/Epsilon;12600000;0,137103;1776622775,500736
Policy/Epsilon;12630000;0,136897;1776622795,820185
Policy/Epsilon;12690000;0,136691;1776622821,046238
Policy/Epsilon;12720000;0,136486;1776622840,449591
Policy/Epsilon;12750000;0,136280;1776622862,906826
Policy/Epsilon;12810000;0,136075;1776622901,939827
Policy/Epsilon;12840000;0,135868;1776622923,979789
Policy/Epsilon;12870000;0,135662;1776622943,951768
Policy/Epsilon;12930000;0,135457;1776622979,240207
Policy/Epsilon;12960000;0,135248;1776623002,655811
Policy/Epsilon;13020000;0,135043;1776623036,290853
Policy/Epsilon;13050000;0,134837;1776623057,657156
Policy/Epsilon;13080000;0,134631;1776623082,927395
Policy/Epsilon;13140000;0,134426;1776623118,225781
Policy/Epsilon;13170000;0,134220;1776623137,784267
Policy/Epsilon;13200000;0,134012;1776623156,631838
Policy/Epsilon;13260000;0,133807;1776623195,413083
Policy/Epsilon;13290000;0,133602;1776623220,260840
Policy/Epsilon;13350000;0,133396;1776623253,310813
Policy/Epsilon;13380000;0,133190;1776623272,403323
Policy/Epsilon;13410000;0,132983;1776623291,785361
Policy/Epsilon;13470000;0,132777;1776623328,685692
Policy/Epsilon;13500000;0,132571;1776623358,438979
Policy/Epsilon;13530000;0,132365;1776623381,935367
Policy/Epsilon;13590000;0,132160;1776623410,745550
Policy/Epsilon;13620000;0,131954;1776623428,657332
Policy/Epsilon;13680000;0,131749;1776623456,611862
Policy/Epsilon;13710000;0,131544;1776623476,082734
Policy/Epsilon;13740000;0,131339;1776623497,915112
Policy/Epsilon;13800000;0,131133;1776623537,499668
Policy/Epsilon;13830000;0,130929;1776623559,201131
Policy/Epsilon;13860000;0,130724;1776623578,802928
Policy/Epsilon;13920000;0,130518;1776623607,941921
Policy/Epsilon;13950000;0,130312;1776623633,554847
Policy/Epsilon;13980000;0,130107;1776623660,931055
Policy/Epsilon;14040000;0,129900;1776623696,002480
Policy/Epsilon;14070000;0,129693;1776623717,785101
Policy/Epsilon;14130000;0,129488;1776623749,957796
Policy/Epsilon;14160000;0,129282;1776623771,483994
Policy/Epsilon;14190000;0,129075;1776623793,943619
Policy/Epsilon;14250000;0,128870;1776623827,945871
Policy/Epsilon;14280000;0,128664;1776623851,295845
Policy/Epsilon;14310000;0,128458;1776623872,484315
Policy/Epsilon;14370000;0,128252;1776623905,854780
Policy/Epsilon;14400000;0,128046;1776623925,421092
Policy/Epsilon;14460000;0,127841;1776623956,677442
Policy/Epsilon;14490000;0,127636;1776623978,048843
Policy/Epsilon;14520000;0,127431;1776623999,191406
Policy/Epsilon;14580000;0,127225;1776624039,896958
Policy/Epsilon;14610000;0,127020;1776624062,840072
Policy/Epsilon;14640000;0,126814;1776624084,473364
Policy/Epsilon;14700000;0,126609;1776624118,584441
Policy/Epsilon;14730000;0,126404;1776624139,284716
Policy/Epsilon;14790000;0,126199;1776624171,364146
Policy/Epsilon;14820000;0,125992;1776624194,203102
Policy/Epsilon;14850000;0,125785;1776624216,918215
Policy/Epsilon;14910000;0,125580;1776624250,608220
Policy/Epsilon;14940000;0,125375;1776624268,488956
Policy/Epsilon;14970000;0,125170;1776624289,569649
Policy/Epsilon;15030000;0,124965;1776624333,081900
Policy/Epsilon;15060000;0,124759;1776624354,627316
Policy/Epsilon;15090000;0,124553;1776624373,792320
Policy/Epsilon;15150000;0,124348;1776624399,232274
Policy/Epsilon;15180000;0,124142;1776624418,779719
Policy/Epsilon;15240000;0,123937;1776624463,469360
Policy/Epsilon;15270000;0,123731;1776624485,299599
Policy/Epsilon;15300000;0,123525;1776624505,619904
Policy/Epsilon;15360000;0,123320;1776624537,282547
Policy/Epsilon;15390000;0,123115;1776624561,327410
Policy/Epsilon;15420000;0,122909;1776624584,113131
Policy/Epsilon;15480000;0,122704;1776624618,829523
Policy/Epsilon;15510000;0,122498;1776624637,594435
Policy/Epsilon;15570000;0,122292;1776624666,951171
Policy/Epsilon;15600000;0,122086;1776624695,259423
Policy/Epsilon;15630000;0,121881;1776624716,944847
Policy/Epsilon;15690000;0,121676;1776624744,137994
Policy/Epsilon;15720000;0,121471;1776624767,113430
Policy/Epsilon;15750000;0,121266;1776624796,915653
Policy/Epsilon;15810000;0,121060;1776624827,756037
Policy/Epsilon;15840000;0,120854;1776624848,058962
Policy/Epsilon;15900000;0,120648;1776624880,948326
Policy/Epsilon;15930000;0,120443;1776624906,659146
Policy/Epsilon;15960000;0,120237;1776624928,782162
Policy/Epsilon;16020000;0,120031;1776624958,876799
Policy/Epsilon;16050000;0,119826;1776624979,122294
Policy/Epsilon;16080000;0,119620;1776625002,273466
Policy/Epsilon;16140000;0,119415;1776625044,396964
Policy/Epsilon;16170000;0,119210;1776625066,301851
Policy/Epsilon;16200000;0,119004;1776625085,438138
Policy/Epsilon;16260000;0,118798;1776625110,583867
Policy/Epsilon;16290000;0,118593;1776625131,641842
Policy/Epsilon;16350000;0,118388;1776625173,871976
Policy/Epsilon;16380000;0,118183;1776625195,710564
Policy/Epsilon;16410000;0,117977;1776625217,536807
Policy/Epsilon;16470000;0,117771;1776625253,533317
Policy/Epsilon;16500000;0,117566;1776625277,149934
Policy/Epsilon;16530000;0,117360;1776625296,449495
Policy/Epsilon;16590000;0,117152;1776625322,448183
Policy/Epsilon;16620000;0,116946;1776625343,060571
Policy/Epsilon;16680000;0,116741;1776625385,998016
Policy/Epsilon;16710000;0,116536;1776625408,549445
Policy/Epsilon;16740000;0,116330;1776625429,496976
Policy/Epsilon;16800000;0,116125;1776625459,181619
Policy/Epsilon;16830000;0,115919;1776625481,258700
Policy/Epsilon;16860000;0,115714;1776625503,804101
Policy/Epsilon;16920000;0,115508;1776625537,468037
Policy/Epsilon;16950000;0,115303;1776625560,792127
Policy/Epsilon;17010000;0,115098;1776625597,272241
Policy/Epsilon;17040000;0,114894;1776625617,180136
Policy/Epsilon;17070000;0,114689;1776625637,171300
Policy/Epsilon;17130000;0,114483;1776625672,440033
Policy/Epsilon;17160000;0,114277;1776625696,929263
Policy/Epsilon;17190000;0,114071;1776625721,722152
Policy/Epsilon;17250000;0,113866;1776625753,424618
Policy/Epsilon;17280000;0,113660;1776625775,180515
Policy/Epsilon;17310000;0,113455;1776625795,308789
Policy/Epsilon;17370000;0,113250;1776625823,123410
Policy/Epsilon;17400000;0,113044;1776625846,318872
Policy/Epsilon;17460000;0,112839;1776625885,046826
Policy/Epsilon;17490000;0,112633;1776625905,504344
Policy/Epsilon;17520000;0,112427;1776625926,216540
Policy/Epsilon;17580000;0,112222;1776625966,044613
Policy/Epsilon;17610000;0,112017;1776625990,464235
Policy/Epsilon;17640000;0,111811;1776626013,555077
Policy/Epsilon;17700000;0,111605;1776626042,437058
Policy/Epsilon;17730000;0,111401;1776626060,114256
Policy/Epsilon;17790000;0,111193;1776626088,693453
Policy/Epsilon;17820000;0,110987;1776626117,530813
Policy/Epsilon;17850000;0,110781;1776626139,909270
Policy/Epsilon;17910000;0,110575;1776626173,060136
Policy/Epsilon;17940000;0,110370;1776626191,220653
Policy/Epsilon;17970000;0,110165;1776626211,428878
Policy/Epsilon;18030000;0,109959;1776626252,015286
Policy/Epsilon;18060000;0,109753;1776626274,427472
Policy/Epsilon;18120000;0,109548;1776626306,667294
Policy/Epsilon;18150000;0,109341;1776626328,995173
Policy/Epsilon;18180000;0,109135;1776626350,098146
Policy/Epsilon;18240000;0,108930;1776626384,954844
Policy/Epsilon;18270000;0,108724;1776626405,166545
Policy/Epsilon;18300000;0,108517;1776626425,391783
Policy/Epsilon;18360000;0,108311;1776626461,127534
Policy/Epsilon;18390000;0,108105;1776626488,168145
Policy/Epsilon;18450000;0,107899;1776626519,734216
Policy/Epsilon;18480000;0,107694;1776626540,596041
Policy/Epsilon;18510000;0,107488;1776626559,941171
Policy/Epsilon;18570000;0,107283;1776626590,639071
Policy/Epsilon;18600000;0,107078;1776626615,887771
Policy/Epsilon;18630000;0,106873;1776626642,862799
Policy/Epsilon;18690000;0,106667;1776626671,972385
Policy/Epsilon;18720000;0,106463;1776626691,849165
Policy/Epsilon;18750000;0,106258;1776626713,769585
Policy/Epsilon;18810000;0,106052;1776626757,694223
Policy/Epsilon;18840000;0,105846;1776626778,569696
Policy/Epsilon;18900000;0,105641;1776626805,226459
Policy/Epsilon;18930000;0,105432;1776626824,029858
Policy/Epsilon;18960000;0,105227;1776626847,284044
Policy/Epsilon;19020000;0,105022;1776626886,124405
Policy/Epsilon;19050000;0,104815;1776626906,459409
Policy/Epsilon;19080000;0,104609;1776626925,714718
Policy/Epsilon;19140000;0,104403;1776626954,633985
Policy/Epsilon;19170000;0,104198;1776626991,258175
Policy/Epsilon;19230000;0,103993;1776627025,021689
Policy/Epsilon;19260000;0,103788;1776627044,860810
Policy/Epsilon;19290000;0,103581;1776627063,083394
Policy/Epsilon;19350000;0,103376;1776627099,296132
Policy/Epsilon;19380000;0,103170;1776627122,101089
Policy/Epsilon;19410000;0,102965;1776627142,872437
Policy/Epsilon;19470000;0,102760;1776627172,089466
Policy/Epsilon;19500000;0,102554;1776627196,098274
Policy/Epsilon;19560000;0,102348;1776627230,654089
Policy/Epsilon;19590000;0,102143;1776627253,153751
Policy/Epsilon;19620000;0,101937;1776627274,418118
Policy/Epsilon;19680000;0,101732;1776627313,540744
Policy/Epsilon;19710000;0,101526;1776627336,178350
Policy/Epsilon;19740000;0,101321;1776627357,293134
Policy/Epsilon;19800000;0,101114;1776627382,768167
Policy/Epsilon;19830000;0,100909;1776627401,521913
Policy/Epsilon;19860000;0,100704;1776627424,937280
Policy/Epsilon;19920000;0,100498;1776627463,024524
Policy/Epsilon;19950000;0,100293;1776627484,414926
Policy/Extrinsic Reward;30000;-0,157194;1776614612,186991
Policy/Extrinsic Reward;60000;-8,052102;1776614647,576334
Policy/Extrinsic Reward;90000;4,149469;1776614680,672823
Policy/Extrinsic Reward;120000;6,641070;1776614705,045563
Policy/Extrinsic Reward;150000;7,429039;1776614738,544783
Policy/Extrinsic Reward;180000;5,515298;1776614768,582338
Policy/Extrinsic Reward;210000;3,111553;1776614786,083977
Policy/Extrinsic Reward;240000;5,654847;1776614799,331867
Policy/Extrinsic Reward;270000;6,873979;1776614822,100480
Policy/Extrinsic Reward;300000;7,121412;1776614850,461176
Policy/Extrinsic Reward;330000;7,034373;1776614872,560108
Policy/Extrinsic Reward;360000;5,903927;1776614880,194668
Policy/Extrinsic Reward;390000;6,549879;1776614900,409998
Policy/Extrinsic Reward;420000;7,269854;1776614947,496169
Policy/Extrinsic Reward;450000;7,591197;1776614964,206523
Policy/Extrinsic Reward;480000;7,680767;1776614989,397671
Policy/Extrinsic Reward;510000;6,754238;1776615013,358763
Policy/Extrinsic Reward;540000;6,685905;1776615032,591019
Policy/Extrinsic Reward;570000;6,282979;1776615039,250212
Policy/Extrinsic Reward;600000;6,226844;1776615055,317224
Policy/Extrinsic Reward;630000;6,955595;1776615073,219485
Policy/Extrinsic Reward;660000;5,768209;1776615077,358503
Policy/Extrinsic Reward;690000;5,956470;1776615094,864333
Policy/Extrinsic Reward;720000;5,330191;1776615117,137673
Policy/Extrinsic Reward;750000;5,334780;1776615134,675287
Policy/Extrinsic Reward;780000;5,911885;1776615159,734318
Policy/Extrinsic Reward;810000;6,259027;1776615179,526853
Policy/Extrinsic Reward;840000;5,314095;1776615195,949683
Policy/Extrinsic Reward;870000;6,538258;1776615210,959439
Policy/Extrinsic Reward;900000;6,484328;1776615233,927620
Policy/Extrinsic Reward;930000;7,453958;1776615254,638070
Policy/Extrinsic Reward;960000;6,624818;1776615258,661547
Policy/Extrinsic Reward;990000;6,661298;1776615281,166013
Policy/Extrinsic Reward;1020000;6,751159;1776615304,144684
Policy/Extrinsic Reward;1050000;6,258872;1776615325,307501
Policy/Extrinsic Reward;1080000;5,826782;1776615334,881181
Policy/Extrinsic Reward;1110000;4,819927;1776615359,509408
Policy/Extrinsic Reward;1140000;6,312045;1776615380,760042
Policy/Extrinsic Reward;1170000;5,504540;1776615393,304745
Policy/Extrinsic Reward;1200000;6,710428;1776615416,908282
Policy/Extrinsic Reward;1230000;6,329973;1776615436,328897
Policy/Extrinsic Reward;1260000;6,603934;1776615456,728727
Policy/Extrinsic Reward;1290000;6,012957;1776615460,621529
Policy/Extrinsic Reward;1320000;6,214630;1776615482,641481
Policy/Extrinsic Reward;1350000;6,004632;1776615505,675201
Policy/Extrinsic Reward;1380000;5,856956;1776615512,203305
Policy/Extrinsic Reward;1410000;6,834683;1776615543,851461
Policy/Extrinsic Reward;1440000;8,011374;1776615572,811537
Policy/Extrinsic Reward;1470000;8,413166;1776615594,721226
Policy/Extrinsic Reward;1500000;7,921040;1776615603,040905
Policy/Extrinsic Reward;1530000;8,365404;1776615621,535463
Policy/Extrinsic Reward;1560000;8,030950;1776615638,785372
Policy/Extrinsic Reward;1590000;7,352465;1776615660,889228
Policy/Extrinsic Reward;1620000;6,838846;1776615670,220567
Policy/Extrinsic Reward;1650000;8,095241;1776615690,378989
Policy/Extrinsic Reward;1680000;7,902322;1776615718,089568
Policy/Extrinsic Reward;1710000;7,397412;1776615728,952279
Policy/Extrinsic Reward;1740000;7,817379;1776615754,151455
Policy/Extrinsic Reward;1770000;7,910476;1776615778,088664
Policy/Extrinsic Reward;1800000;8,030485;1776615789,724768
Policy/Extrinsic Reward;1830000;7,804594;1776615809,529118
Policy/Extrinsic Reward;1860000;7,861646;1776615828,411227
Policy/Extrinsic Reward;1890000;7,622643;1776615856,461053
Policy/Extrinsic Reward;1920000;7,595368;1776615870,187818
Policy/Extrinsic Reward;1950000;8,270954;1776615902,763679
Policy/Extrinsic Reward;1980000;7,983526;1776615925,929999
Policy/Extrinsic Reward;2010000;8,411347;1776615946,285832
Policy/Extrinsic Reward;2040000;7,718351;1776615954,823977
Policy/Extrinsic Reward;2070000;7,422431;1776615973,188339
Policy/Extrinsic Reward;2100000;6,387928;1776615994,307361
Policy/Extrinsic Reward;2130000;7,038778;1776616004,557613
Policy/Extrinsic Reward;2160000;7,525741;1776616021,708903
Policy/Extrinsic Reward;2190000;7,546598;1776616043,928528
Policy/Extrinsic Reward;2220000;7,400856;1776616068,660089
Policy/Extrinsic Reward;2250000;7,561891;1776616083,006777
Policy/Extrinsic Reward;2280000;8,549777;1776616112,055768
Policy/Extrinsic Reward;2310000;8,533257;1776616139,611636
Policy/Extrinsic Reward;2340000;8,130849;1776616163,545137
Policy/Extrinsic Reward;2370000;7,896556;1776616172,802484
Policy/Extrinsic Reward;2400000;6,998147;1776616195,042241
Policy/Extrinsic Reward;2430000;7,073343;1776616222,881073
Policy/Extrinsic Reward;2460000;7,847348;1776616253,302772
Policy/Extrinsic Reward;2490000;8,161634;1776616268,683055
Policy/Extrinsic Reward;2520000;8,191669;1776616296,250911
Policy/Extrinsic Reward;2550000;8,186120;1776616322,586401
Policy/Extrinsic Reward;2580000;8,182593;1776616334,230868
Policy/Extrinsic Reward;2610000;8,258599;1776616358,045402
Policy/Extrinsic Reward;2640000;8,382480;1776616381,211736
Policy/Extrinsic Reward;2670000;7,888353;1776616403,749588
Policy/Extrinsic Reward;2700000;7,927060;1776616411,887359
Policy/Extrinsic Reward;2730000;7,712358;1776616432,954511
Policy/Extrinsic Reward;2760000;8,259648;1776616455,937327
Policy/Extrinsic Reward;2790000;8,711482;1776616480,548805
Policy/Extrinsic Reward;2820000;8,582681;1776616490,790711
Policy/Extrinsic Reward;2850000;8,192096;1776616511,203228
Policy/Extrinsic Reward;2880000;8,180002;1776616530,514365
Policy/Extrinsic Reward;2910000;8,252769;1776616540,580236
Policy/Extrinsic Reward;2940000;8,483359;1776616561,119974
Policy/Extrinsic Reward;2970000;8,633967;1776616583,554359
Policy/Extrinsic Reward;3000000;8,556169;1776616607,257130
Policy/Extrinsic Reward;3030000;8,740270;1776616618,750470
Policy/Extrinsic Reward;3060000;8,641522;1776616641,403851
Policy/Extrinsic Reward;3090000;8,871076;1776616665,062019
Policy/Extrinsic Reward;3120000;8,661531;1776616690,925441
Policy/Extrinsic Reward;3150000;8,430606;1776616704,073690
Policy/Extrinsic Reward;3180000;8,680431;1776616728,923932
Policy/Extrinsic Reward;3210000;8,429400;1776616753,153129
Policy/Extrinsic Reward;3240000;8,272804;1776616763,375926
Policy/Extrinsic Reward;3270000;8,442828;1776616793,757436
Policy/Extrinsic Reward;3300000;8,632827;1776616822,498022
Policy/Extrinsic Reward;3330000;8,775405;1776616848,516593
Policy/Extrinsic Reward;3360000;8,735676;1776616857,955720
Policy/Extrinsic Reward;3390000;8,591311;1776616878,969832
Policy/Extrinsic Reward;3420000;8,507037;1776616900,323138
Policy/Extrinsic Reward;3450000;8,148849;1776616926,015838
Policy/Extrinsic Reward;3480000;3,901565;1776616934,653569
Policy/Extrinsic Reward;3510000;7,713197;1776616965,665555
Policy/Extrinsic Reward;3540000;8,202715;1776616990,032069
Policy/Extrinsic Reward;3570000;7,531385;1776617003,537699
Policy/Extrinsic Reward;3600000;7,119719;1776617024,289568
Policy/Extrinsic Reward;3630000;6,891474;1776617043,281995
Policy/Extrinsic Reward;3660000;6,605817;1776617061,366911
Policy/Extrinsic Reward;3690000;6,357688;1776617069,794221
Policy/Extrinsic Reward;3720000;6,610604;1776617089,638873
Policy/Extrinsic Reward;3750000;6,685347;1776617110,635201
Policy/Extrinsic Reward;3780000;6,732173;1776617134,027368
Policy/Extrinsic Reward;3810000;7,145719;1776617148,353531
Policy/Extrinsic Reward;3840000;7,558812;1776617170,908975
Policy/Extrinsic Reward;3870000;7,947596;1776617195,547565
Policy/Extrinsic Reward;3900000;7,993927;1776617218,541442
Policy/Extrinsic Reward;3930000;7,772880;1776617228,552549
Policy/Extrinsic Reward;3960000;8,119542;1776617248,407272
Policy/Extrinsic Reward;3990000;7,473940;1776617267,821548
Policy/Extrinsic Reward;4020000;7,371324;1776617279,881730
Policy/Extrinsic Reward;4050000;7,032080;1776617301,423743
Policy/Extrinsic Reward;4080000;8,479769;1776617325,506738
Policy/Extrinsic Reward;4110000;8,026389;1776617347,391887
Policy/Extrinsic Reward;4140000;7,564888;1776617358,545328
Policy/Extrinsic Reward;4170000;7,833335;1776617379,083384
Policy/Extrinsic Reward;4200000;8,067261;1776617401,291835
Policy/Extrinsic Reward;4230000;7,937648;1776617421,479201
Policy/Extrinsic Reward;4260000;8,005000;1776617432,845098
Policy/Extrinsic Reward;4290000;8,591646;1776617455,229534
Policy/Extrinsic Reward;4320000;8,458316;1776617478,644039
Policy/Extrinsic Reward;4350000;8,337972;1776617488,160456
Policy/Extrinsic Reward;4380000;8,616718;1776617509,210737
Policy/Extrinsic Reward;4410000;7,895944;1776617528,952322
Policy/Extrinsic Reward;4440000;8,271112;1776617548,731385
Policy/Extrinsic Reward;4470000;8,176100;1776617560,149050
Policy/Extrinsic Reward;4500000;7,946754;1776617582,256368
Policy/Extrinsic Reward;4530000;8,273304;1776617607,382681
Policy/Extrinsic Reward;4560000;8,170174;1776617635,060326
Policy/Extrinsic Reward;4590000;7,872413;1776617647,742134
Policy/Extrinsic Reward;4620000;7,682306;1776617670,198557
Policy/Extrinsic Reward;4650000;8,200418;1776617690,229659
Policy/Extrinsic Reward;4680000;7,972128;1776617698,694735
Policy/Extrinsic Reward;4710000;8,351720;1776617719,211361
Policy/Extrinsic Reward;4740000;8,250395;1776617739,045144
Policy/Extrinsic Reward;4770000;8,527336;1776617761,043871
Policy/Extrinsic Reward;4800000;8,433331;1776617772,740805
Policy/Extrinsic Reward;4830000;8,633219;1776617794,058975
Policy/Extrinsic Reward;4860000;8,570147;1776617815,415300
Policy/Extrinsic Reward;4890000;8,049537;1776617836,897950
Policy/Extrinsic Reward;4920000;7,957811;1776617849,286197
Policy/Extrinsic Reward;4950000;8,504092;1776617873,670789
Policy/Extrinsic Reward;4980000;7,628393;1776617895,955735
Policy/Extrinsic Reward;5010000;8,255430;1776617917,668302
Policy/Extrinsic Reward;5040000;8,806039;1776617928,377467
Policy/Extrinsic Reward;5070000;8,146993;1776617949,409451
Policy/Extrinsic Reward;5100000;7,768242;1776617972,551023
Policy/Extrinsic Reward;5130000;8,440308;1776617983,401350
Policy/Extrinsic Reward;5160000;8,549348;1776618003,145320
Policy/Extrinsic Reward;5190000;8,436346;1776618022,780319
Policy/Extrinsic Reward;5220000;8,449100;1776618043,011455
Policy/Extrinsic Reward;5250000;8,579833;1776618055,568784
Policy/Extrinsic Reward;5280000;8,155244;1776618084,073120
Policy/Extrinsic Reward;5310000;8,242584;1776618105,989489
Policy/Extrinsic Reward;5340000;8,286603;1776618126,418018
Policy/Extrinsic Reward;5370000;8,354919;1776618136,900430
Policy/Extrinsic Reward;5400000;8,545366;1776618157,757297
Policy/Extrinsic Reward;5430000;8,476652;1776618181,545545
Policy/Extrinsic Reward;5460000;8,334098;1776618194,288904
Policy/Extrinsic Reward;5490000;8,274216;1776618216,860638
Policy/Extrinsic Reward;5520000;8,105313;1776618239,568856
Policy/Extrinsic Reward;5550000;8,529200;1776618258,911428
Policy/Extrinsic Reward;5580000;8,921305;1776618269,611118
Policy/Extrinsic Reward;5610000;8,657320;1776618297,840346
Policy/Extrinsic Reward;5640000;8,830464;1776618321,722741
Policy/Extrinsic Reward;5670000;8,622231;1776618341,984560
Policy/Extrinsic Reward;5700000;8,425961;1776618350,616758
Policy/Extrinsic Reward;5730000;8,267429;1776618368,458430
Policy/Extrinsic Reward;5760000;8,394349;1776618387,355174
Policy/Extrinsic Reward;5790000;8,293933;1776618400,685842
Policy/Extrinsic Reward;5820000;8,033485;1776618423,792640
Policy/Extrinsic Reward;5850000;8,414661;1776618445,815272
Policy/Extrinsic Reward;5880000;8,630334;1776618467,756501
Policy/Extrinsic Reward;5910000;8,352963;1776618482,300579
Policy/Extrinsic Reward;5940000;8,502701;1776618507,414483
Policy/Extrinsic Reward;5970000;8,379945;1776618529,772616
Policy/Extrinsic Reward;6000000;8,885379;1776618552,742451
Policy/Extrinsic Reward;6030000;8,852371;1776618562,980685
Policy/Extrinsic Reward;6060000;8,578175;1776618582,644917
Policy/Extrinsic Reward;6090000;8,257931;1776618600,911516
Policy/Extrinsic Reward;6120000;8,234700;1776618619,734036
Policy/Extrinsic Reward;6150000;7,883957;1776618630,291333
Policy/Extrinsic Reward;6180000;8,256928;1776618652,018164
Policy/Extrinsic Reward;6210000;8,475844;1776618673,606842
Policy/Extrinsic Reward;6240000;8,514734;1776618688,195376
Policy/Extrinsic Reward;6270000;8,411222;1776618711,489279
Policy/Extrinsic Reward;6300000;8,211644;1776618733,328212
Policy/Extrinsic Reward;6330000;8,502846;1776618754,851975
Policy/Extrinsic Reward;6360000;8,409874;1776618763,833107
Policy/Extrinsic Reward;6390000;8,221906;1776618784,160781
Policy/Extrinsic Reward;6420000;8,477773;1776618803,531865
Policy/Extrinsic Reward;6450000;8,212305;1776618824,079994
Policy/Extrinsic Reward;6480000;8,189166;1776618836,241317
Policy/Extrinsic Reward;6510000;8,576868;1776618863,741615
Policy/Extrinsic Reward;6540000;8,816509;1776618887,744383
Policy/Extrinsic Reward;6570000;8,985847;1776618898,545324
Policy/Extrinsic Reward;6600000;8,880251;1776618918,859118
Policy/Extrinsic Reward;6630000;8,638050;1776618940,205571
Policy/Extrinsic Reward;6660000;8,770018;1776618961,808518
Policy/Extrinsic Reward;6690000;8,915919;1776618971,821059
Policy/Extrinsic Reward;6720000;8,196545;1776618992,515741
Policy/Extrinsic Reward;6750000;9,256966;1776619013,174892
Policy/Extrinsic Reward;6780000;9,133989;1776619034,001572
Policy/Extrinsic Reward;6810000;8,346894;1776619044,026067
Policy/Extrinsic Reward;6840000;8,756656;1776619071,365319
Policy/Extrinsic Reward;6870000;8,807035;1776619095,562822
Policy/Extrinsic Reward;6900000;8,954176;1776619105,857213
Policy/Extrinsic Reward;6930000;8,745792;1776619128,325223
Policy/Extrinsic Reward;6960000;8,577667;1776619150,697622
Policy/Extrinsic Reward;6990000;8,848770;1776619171,441386
Policy/Extrinsic Reward;7020000;8,860638;1776619181,304951
Policy/Extrinsic Reward;7050000;8,790527;1776619202,716580
Policy/Extrinsic Reward;7080000;9,017660;1776619229,718811
Policy/Extrinsic Reward;7110000;8,757154;1776619255,177837
Policy/Extrinsic Reward;7140000;8,895320;1776619267,034505
Policy/Extrinsic Reward;7170000;8,831749;1776619288,394809
Policy/Extrinsic Reward;7200000;8,721807;1776619309,389556
Policy/Extrinsic Reward;7230000;8,879784;1776619318,986392
Policy/Extrinsic Reward;7260000;8,522594;1776619338,869500
Policy/Extrinsic Reward;7290000;8,586639;1776619358,903977
Policy/Extrinsic Reward;7320000;8,728315;1776619380,743775
Policy/Extrinsic Reward;7350000;8,206474;1776619390,360547
Policy/Extrinsic Reward;7380000;8,644156;1776619415,389587
Policy/Extrinsic Reward;7410000;8,394070;1776619439,091190
Policy/Extrinsic Reward;7440000;8,304551;1776619461,004519
Policy/Extrinsic Reward;7470000;8,547520;1776619472,405270
Policy/Extrinsic Reward;7500000;8,958741;1776619492,886087
Policy/Extrinsic Reward;7530000;8,840664;1776619510,905061
Policy/Extrinsic Reward;7560000;8,491839;1776619530,249054
Policy/Extrinsic Reward;7590000;8,174258;1776619543,408046
Policy/Extrinsic Reward;7620000;8,816608;1776619568,580134
Policy/Extrinsic Reward;7650000;8,934598;1776619589,845126
Policy/Extrinsic Reward;7680000;9,069101;1776619598,139182
Policy/Extrinsic Reward;7710000;8,601038;1776619616,111897
Policy/Extrinsic Reward;7740000;8,820312;1776619641,577759
Policy/Extrinsic Reward;7770000;8,945100;1776619670,656652
Policy/Extrinsic Reward;7800000;8,788857;1776619681,388347
Policy/Extrinsic Reward;7830000;8,778859;1776619702,775885
Policy/Extrinsic Reward;7860000;8,933295;1776619723,604122
Policy/Extrinsic Reward;7890000;8,710417;1776619745,779460
Policy/Extrinsic Reward;7920000;8,364799;1776619758,418704
Policy/Extrinsic Reward;7950000;8,809880;1776619782,376950
Policy/Extrinsic Reward;7980000;8,816195;1776619803,624923
Policy/Extrinsic Reward;8010000;8,394369;1776619811,864388
Policy/Extrinsic Reward;8040000;8,479883;1776619830,779048
Policy/Extrinsic Reward;8070000;8,335479;1776619850,414287
Policy/Extrinsic Reward;8100000;9,061701;1776619873,538119
Policy/Extrinsic Reward;8130000;9,102615;1776619889,188338
Policy/Extrinsic Reward;8160000;9,153341;1776619914,369399
Policy/Extrinsic Reward;8190000;9,009478;1776619933,856332
Policy/Extrinsic Reward;8220000;8,852171;1776619951,669444
Policy/Extrinsic Reward;8250000;8,418660;1776619959,135107
Policy/Extrinsic Reward;8280000;8,954241;1776619984,867309
Policy/Extrinsic Reward;8310000;8,571931;1776620014,106874
Policy/Extrinsic Reward;8340000;8,807773;1776620028,019794
Policy/Extrinsic Reward;8370000;8,517496;1776620047,273167
Policy/Extrinsic Reward;8400000;8,702528;1776620066,383164
Policy/Extrinsic Reward;8430000;8,905456;1776620084,860360
Policy/Extrinsic Reward;8460000;8,772963;1776620095,849321
Policy/Extrinsic Reward;8490000;9,058234;1776620124,381964
Policy/Extrinsic Reward;8520000;9,092910;1776620146,302270
Policy/Extrinsic Reward;8550000;8,879870;1776620166,381792
Policy/Extrinsic Reward;8580000;9,051871;1776620178,464864
Policy/Extrinsic Reward;8610000;8,299861;1776620201,834884
Policy/Extrinsic Reward;8640000;8,973951;1776620225,175403
Policy/Extrinsic Reward;8670000;8,434682;1776620236,410837
Policy/Extrinsic Reward;8700000;8,821030;1776620258,582080
Policy/Extrinsic Reward;8730000;8,568892;1776620278,628770
Policy/Extrinsic Reward;8760000;8,612312;1776620297,798450
Policy/Extrinsic Reward;8790000;8,871313;1776620307,812891
Policy/Extrinsic Reward;8820000;8,839776;1776620331,295209
Policy/Extrinsic Reward;8850000;9,004440;1776620358,406939
Policy/Extrinsic Reward;8880000;8,512881;1776620381,514879
Policy/Extrinsic Reward;8910000;8,395867;1776620391,674902
Policy/Extrinsic Reward;8940000;8,536560;1776620408,924002
Policy/Extrinsic Reward;8970000;8,858116;1776620426,790510
Policy/Extrinsic Reward;9000000;8,295218;1776620448,514929
Policy/Extrinsic Reward;9030000;8,237265;1776620461,915282
Policy/Extrinsic Reward;9060000;8,725230;1776620483,801731
Policy/Extrinsic Reward;9090000;8,850587;1776620505,561568
Policy/Extrinsic Reward;9120000;8,474806;1776620518,016498
Policy/Extrinsic Reward;9150000;8,504507;1776620540,574582
Policy/Extrinsic Reward;9180000;8,518751;1776620565,551882
Policy/Extrinsic Reward;9210000;8,649936;1776620592,794485
Policy/Extrinsic Reward;9240000;8,785430;1776620604,424252
Policy/Extrinsic Reward;9270000;8,663202;1776620623,647954
Policy/Extrinsic Reward;9300000;8,590078;1776620642,423684
Policy/Extrinsic Reward;9330000;8,252600;1776620660,696183
Policy/Extrinsic Reward;9360000;8,508112;1776620671,877993
Policy/Extrinsic Reward;9390000;8,510586;1776620693,850251
Policy/Extrinsic Reward;9420000;8,910504;1776620714,993422
Policy/Extrinsic Reward;9450000;8,490254;1776620726,437117
Policy/Extrinsic Reward;9480000;8,852648;1776620748,483462
Policy/Extrinsic Reward;9510000;9,115807;1776620772,108937
Policy/Extrinsic Reward;9540000;8,519847;1776620796,097331
Policy/Extrinsic Reward;9570000;8,283401;1776620808,074927
Policy/Extrinsic Reward;9600000;7,832445;1776620829,645609
Policy/Extrinsic Reward;9630000;8,170305;1776620850,940490
Policy/Extrinsic Reward;9660000;8,853690;1776620871,561221
Policy/Extrinsic Reward;9690000;8,733029;1776620883,983465
Policy/Extrinsic Reward;9720000;8,707174;1776620906,851368
Policy/Extrinsic Reward;9750000;8,802398;1776620930,283535
Policy/Extrinsic Reward;9780000;8,636863;1776620942,192055
Policy/Extrinsic Reward;9810000;8,748114;1776620961,965213
Policy/Extrinsic Reward;9840000;8,782245;1776620982,598829
Policy/Extrinsic Reward;9870000;8,803564;1776621002,641463
Policy/Extrinsic Reward;9900000;8,628017;1776621012,419617
Policy/Extrinsic Reward;9930000;8,711459;1776621039,110827
Policy/Extrinsic Reward;9960000;9,128551;1776621064,574892
Policy/Extrinsic Reward;9990000;9,007756;1776621088,521328
Policy/Extrinsic Reward;10020000;9,144141;1776621098,890022
Policy/Extrinsic Reward;10050000;8,975190;1776621119,088259
Policy/Extrinsic Reward;10080000;8,581909;1776621137,278009
Policy/Extrinsic Reward;10110000;8,768492;1776621144,583751
Policy/Extrinsic Reward;10140000;8,905621;1776621163,277613
Policy/Extrinsic Reward;10170000;8,117199;1776621184,360794
Policy/Extrinsic Reward;10200000;8,623897;1776621214,778892
Policy/Extrinsic Reward;10230000;9,089237;1776621228,956614
Policy/Extrinsic Reward;10260000;8,920386;1776621255,774878
Policy/Extrinsic Reward;10290000;9,006813;1776621280,542782
Policy/Extrinsic Reward;10320000;8,775010;1776621306,423173
Policy/Extrinsic Reward;10350000;8,523504;1776621321,445522
Policy/Extrinsic Reward;10380000;8,420175;1776621349,110502
Policy/Extrinsic Reward;10410000;8,187988;1776621375,099433
Policy/Extrinsic Reward;10440000;8,862395;1776621399,362325
Policy/Extrinsic Reward;10470000;9,176501;1776621408,594280
Policy/Extrinsic Reward;10500000;9,091043;1776621430,355753
Policy/Extrinsic Reward;10530000;8,787225;1776621454,986663
Policy/Extrinsic Reward;10560000;8,682727;1776621467,908076
Policy/Extrinsic Reward;10590000;9,073954;1776621490,376522
Policy/Extrinsic Reward;10620000;8,679804;1776621510,212220
Policy/Extrinsic Reward;10650000;8,711614;1776621531,804060
Policy/Extrinsic Reward;10680000;8,566872;1776621541,432003
Policy/Extrinsic Reward;10710000;8,583755;1776621562,810651
Policy/Extrinsic Reward;10740000;8,663863;1776621584,699672
Policy/Extrinsic Reward;10770000;8,768513;1776621606,497094
Policy/Extrinsic Reward;10800000;8,495330;1776621618,515296
Policy/Extrinsic Reward;10830000;8,742700;1776621641,260033
Policy/Extrinsic Reward;10860000;8,813077;1776621668,245724
Policy/Extrinsic Reward;10890000;8,840912;1776621679,057320
Policy/Extrinsic Reward;10920000;9,353868;1776621699,535536
Policy/Extrinsic Reward;10950000;8,925129;1776621719,909698
Policy/Extrinsic Reward;10980000;8,858807;1776621740,651430
Policy/Extrinsic Reward;11010000;8,615237;1776621752,445659
Policy/Extrinsic Reward;11040000;8,665953;1776621775,723205
Policy/Extrinsic Reward;11070000;8,860207;1776621799,225132
Policy/Extrinsic Reward;11100000;8,491242;1776621819,863197
Policy/Extrinsic Reward;11130000;8,808429;1776621828,285387
Policy/Extrinsic Reward;11160000;8,698739;1776621847,427281
Policy/Extrinsic Reward;11190000;8,524627;1776621871,296038
Policy/Extrinsic Reward;11220000;9,156224;1776621885,971008
Policy/Extrinsic Reward;11250000;8,967723;1776621915,329084
Policy/Extrinsic Reward;11280000;8,807832;1776621938,336511
Policy/Extrinsic Reward;11310000;9,207289;1776621960,377120
Policy/Extrinsic Reward;11340000;8,357573;1776621969,380442
Policy/Extrinsic Reward;11370000;8,481228;1776621987,500797
Policy/Extrinsic Reward;11400000;8,438153;1776622005,926871
Policy/Extrinsic Reward;11430000;8,578278;1776622026,141716
Policy/Extrinsic Reward;11460000;7,864272;1776622036,346299
Policy/Extrinsic Reward;11490000;8,530102;1776622064,287502
Policy/Extrinsic Reward;11520000;8,385695;1776622088,927320
Policy/Extrinsic Reward;11550000;8,700642;1776622109,539434
Policy/Extrinsic Reward;11580000;8,566957;1776622117,227378
Policy/Extrinsic Reward;11610000;8,633128;1776622134,720011
Policy/Extrinsic Reward;11640000;8,541041;1776622157,706837
Policy/Extrinsic Reward;11670000;9,063338;1776622176,658130
Policy/Extrinsic Reward;11700000;8,985308;1776622198,854872
Policy/Extrinsic Reward;11730000;8,569072;1776622218,842245
Policy/Extrinsic Reward;11760000;9,040057;1776622238,127621
Policy/Extrinsic Reward;11790000;9,015824;1776622249,895481
Policy/Extrinsic Reward;11820000;8,949372;1776622273,819171
Policy/Extrinsic Reward;11850000;8,892889;1776622296,073392
Policy/Extrinsic Reward;11880000;8,743561;1776622316,241158
Policy/Extrinsic Reward;11910000;9,157112;1776622325,556335
Policy/Extrinsic Reward;11940000;9,366284;1776622351,953806
Policy/Extrinsic Reward;11970000;8,974703;1776622379,597617
Policy/Extrinsic Reward;12000000;8,289713;1776622392,165232
Policy/Extrinsic Reward;12030000;8,712266;1776622412,121088
Policy/Extrinsic Reward;12060000;8,737000;1776622429,991090
Policy/Extrinsic Reward;12090000;8,657446;1776622447,202946
Policy/Extrinsic Reward;12120000;8,464951;1776622453,030796
Policy/Extrinsic Reward;12150000;7,979085;1776622473,872924
Policy/Extrinsic Reward;12180000;8,460164;1776622508,370236
Policy/Extrinsic Reward;12210000;9,129045;1776622532,161729
Policy/Extrinsic Reward;12240000;9,342436;1776622541,023237
Policy/Extrinsic Reward;12270000;9,158421;1776622559,869533
Policy/Extrinsic Reward;12300000;8,676481;1776622579,801307
Policy/Extrinsic Reward;12330000;8,671986;1776622591,074066
Policy/Extrinsic Reward;12360000;8,856112;1776622614,876072
Policy/Extrinsic Reward;12390000;8,830059;1776622637,983045
Policy/Extrinsic Reward;12420000;8,711404;1776622659,430178
Policy/Extrinsic Reward;12450000;8,892674;1776622669,930269
Policy/Extrinsic Reward;12480000;8,601499;1776622689,505648
Policy/Extrinsic Reward;12510000;8,823576;1776622708,787895
Policy/Extrinsic Reward;12540000;8,847377;1776622736,094669
Policy/Extrinsic Reward;12570000;9,004841;1776622752,657288
Policy/Extrinsic Reward;12600000;9,349976;1776622775,491185
Policy/Extrinsic Reward;12630000;9,116853;1776622795,812657
Policy/Extrinsic Reward;12660000;8,974110;1776622804,483978
Policy/Extrinsic Reward;12690000;8,997236;1776622821,039205
Policy/Extrinsic Reward;12720000;8,874576;1776622840,441894
Policy/Extrinsic Reward;12750000;8,456001;1776622862,895700
Policy/Extrinsic Reward;12780000;8,947664;1776622878,099609
Policy/Extrinsic Reward;12810000;9,291313;1776622901,929780
Policy/Extrinsic Reward;12840000;9,191534;1776622923,971380
Policy/Extrinsic Reward;12870000;9,077850;1776622943,940720
Policy/Extrinsic Reward;12900000;9,213842;1776622954,471449
Policy/Extrinsic Reward;12930000;8,613117;1776622979,224976
Policy/Extrinsic Reward;12960000;8,819239;1776623002,643734
Policy/Extrinsic Reward;12990000;8,980145;1776623016,626004
Policy/Extrinsic Reward;13020000;8,729918;1776623036,283345
Policy/Extrinsic Reward;13050000;8,685515;1776623057,647113
Policy/Extrinsic Reward;13080000;8,927297;1776623082,916339
Policy/Extrinsic Reward;13110000;9,088753;1776623096,661926
Policy/Extrinsic Reward;13140000;8,864925;1776623118,214101
Policy/Extrinsic Reward;13170000;8,685749;1776623137,778025
Policy/Extrinsic Reward;13200000;9,057515;1776623156,624299
Policy/Extrinsic Reward;13230000;8,828577;1776623167,051977
Policy/Extrinsic Reward;13260000;8,693535;1776623195,400556
Policy/Extrinsic Reward;13290000;9,161860;1776623220,246200
Policy/Extrinsic Reward;13320000;9,023328;1776623232,696270
Policy/Extrinsic Reward;13350000;9,088504;1776623253,301777
Policy/Extrinsic Reward;13380000;8,972003;1776623272,387384
Policy/Extrinsic Reward;13410000;9,282959;1776623291,778805
Policy/Extrinsic Reward;13440000;8,962327;1776623301,842573
Policy/Extrinsic Reward;13470000;9,098186;1776623328,671923
Policy/Extrinsic Reward;13500000;9,131360;1776623358,423921
Policy/Extrinsic Reward;13530000;9,076681;1776623381,924326
Policy/Extrinsic Reward;13560000;9,146041;1776623391,018235
Policy/Extrinsic Reward;13590000;8,996734;1776623410,737438
Policy/Extrinsic Reward;13620000;9,152434;1776623428,650279
Policy/Extrinsic Reward;13650000;8,733190;1776623436,588252
Policy/Extrinsic Reward;13680000;8,787524;1776623456,610856
Policy/Extrinsic Reward;13710000;8,586740;1776623476,072620
Policy/Extrinsic Reward;13740000;8,630305;1776623497,905061
Policy/Extrinsic Reward;13770000;9,125317;1776623514,233867
Policy/Extrinsic Reward;13800000;8,800228;1776623537,489107
Policy/Extrinsic Reward;13830000;9,195410;1776623559,188509
Policy/Extrinsic Reward;13860000;8,929054;1776623578,792349
Policy/Extrinsic Reward;13890000;8,688000;1776623588,467466
Policy/Extrinsic Reward;13920000;8,973348;1776623607,934210
Policy/Extrinsic Reward;13950000;8,675720;1776623633,542801
Policy/Extrinsic Reward;13980000;9,048244;1776623660,917967
Policy/Extrinsic Reward;14010000;9,092205;1776623674,909988
Policy/Extrinsic Reward;14040000;8,930770;1776623695,992953
Policy/Extrinsic Reward;14070000;8,766628;1776623717,774051
Policy/Extrinsic Reward;14100000;9,056991;1776623729,650350
Policy/Extrinsic Reward;14130000;8,607804;1776623749,949247
Policy/Extrinsic Reward;14160000;8,346231;1776623771,475936
Policy/Extrinsic Reward;14190000;8,902745;1776623793,932795
Policy/Extrinsic Reward;14220000;8,806842;1776623804,277584
Policy/Extrinsic Reward;14250000;9,194695;1776623827,935316
Policy/Extrinsic Reward;14280000;9,132199;1776623851,285313
Policy/Extrinsic Reward;14310000;9,263268;1776623872,474983
Policy/Extrinsic Reward;14340000;9,183196;1776623884,040865
Policy/Extrinsic Reward;14370000;8,996905;1776623905,844730
Policy/Extrinsic Reward;14400000;8,870151;1776623925,412566
Policy/Extrinsic Reward;14430000;8,996057;1776623934,307899
Policy/Extrinsic Reward;14460000;8,915638;1776623956,668424
Policy/Extrinsic Reward;14490000;9,129189;1776623978,040342
Policy/Extrinsic Reward;14520000;9,137620;1776623999,182859
Policy/Extrinsic Reward;14550000;9,151992;1776624014,139575
Policy/Extrinsic Reward;14580000;9,266128;1776624039,882893
Policy/Extrinsic Reward;14610000;9,012815;1776624062,829038
Policy/Extrinsic Reward;14640000;8,940560;1776624084,464815
Policy/Extrinsic Reward;14670000;9,043332;1776624095,934837
Policy/Extrinsic Reward;14700000;8,847745;1776624118,574401
Policy/Extrinsic Reward;14730000;9,144568;1776624139,276784
Policy/Extrinsic Reward;14760000;8,605274;1776624147,486723
Policy/Extrinsic Reward;14790000;9,132099;1776624171,362629
Policy/Extrinsic Reward;14820000;9,114281;1776624194,192981
Policy/Extrinsic Reward;14850000;8,569906;1776624216,908647
Policy/Extrinsic Reward;14880000;8,856310;1776624228,096420
Policy/Extrinsic Reward;14910000;8,984130;1776624250,598189
Policy/Extrinsic Reward;14940000;8,523097;1776624268,481906
Policy/Extrinsic Reward;14970000;8,781519;1776624289,562030
Policy/Extrinsic Reward;15000000;8,520645;1776624306,496008
Policy/Extrinsic Reward;15030000;8,796907;1776624333,068355
Policy/Extrinsic Reward;15060000;9,020076;1776624354,617784
Policy/Extrinsic Reward;15090000;9,048383;1776624373,785800
Policy/Extrinsic Reward;15120000;8,928012;1776624381,444424
Policy/Extrinsic Reward;15150000;8,793141;1776624399,224247
Policy/Extrinsic Reward;15180000;8,607963;1776624418,771198
Policy/Extrinsic Reward;15210000;8,669620;1776624436,034111
Policy/Extrinsic Reward;15240000;9,223288;1776624463,457772
Policy/Extrinsic Reward;15270000;9,296122;1776624485,291569
Policy/Extrinsic Reward;15300000;9,389058;1776624505,611855
Policy/Extrinsic Reward;15330000;9,110941;1776624514,465474
Policy/Extrinsic Reward;15360000;9,301583;1776624537,271211
Policy/Extrinsic Reward;15390000;9,048165;1776624561,315874
Policy/Extrinsic Reward;15420000;9,005136;1776624584,101275
Policy/Extrinsic Reward;15450000;8,628263;1776624598,554528
Policy/Extrinsic Reward;15480000;8,896078;1776624618,820488
Policy/Extrinsic Reward;15510000;9,191287;1776624637,585958
Policy/Extrinsic Reward;15540000;8,806084;1776624645,353857
Policy/Extrinsic Reward;15570000;8,910801;1776624666,941495
Policy/Extrinsic Reward;15600000;9,115403;1776624695,245884
Policy/Extrinsic Reward;15630000;9,463276;1776624716,932794
Policy/Extrinsic Reward;15660000;9,250840;1776624725,364083
Policy/Extrinsic Reward;15690000;8,674181;1776624744,127483
Policy/Extrinsic Reward;15720000;8,920831;1776624767,103887
Policy/Extrinsic Reward;15750000;9,184687;1776624796,901115
Policy/Extrinsic Reward;15780000;9,151278;1776624808,203270
Policy/Extrinsic Reward;15810000;9,202296;1776624827,748000
Policy/Extrinsic Reward;15840000;9,141549;1776624848,051404
Policy/Extrinsic Reward;15870000;8,871746;1776624857,971056
Policy/Extrinsic Reward;15900000;8,921612;1776624880,946323
Policy/Extrinsic Reward;15930000;9,310158;1776624906,648067
Policy/Extrinsic Reward;15960000;9,112536;1776624928,771734
Policy/Extrinsic Reward;15990000;9,027972;1776624938,599224
Policy/Extrinsic Reward;16020000;8,775669;1776624958,868771
Policy/Extrinsic Reward;16050000;8,883072;1776624979,115318
Policy/Extrinsic Reward;16080000;9,011796;1776625002,263379
Policy/Extrinsic Reward;16110000;9,257952;1776625019,904021
Policy/Extrinsic Reward;16140000;9,396188;1776625044,384915
Policy/Extrinsic Reward;16170000;8,881235;1776625066,292560
Policy/Extrinsic Reward;16200000;8,989281;1776625085,429592
Policy/Extrinsic Reward;16230000;8,970534;1776625093,099423
Policy/Extrinsic Reward;16260000;8,831308;1776625110,575804
Policy/Extrinsic Reward;16290000;9,049332;1776625131,633671
Policy/Extrinsic Reward;16320000;9,141102;1776625150,218421
Policy/Extrinsic Reward;16350000;9,242892;1776625173,862144
Policy/Extrinsic Reward;16380000;9,088528;1776625195,701026
Policy/Extrinsic Reward;16410000;9,027884;1776625217,526263
Policy/Extrinsic Reward;16440000;9,295431;1776625230,872727
Policy/Extrinsic Reward;16470000;8,734282;1776625253,520757
Policy/Extrinsic Reward;16500000;8,947107;1776625277,138906
Policy/Extrinsic Reward;16530000;8,946107;1776625296,440955
Policy/Extrinsic Reward;16560000;9,136976;1776625304,663294
Policy/Extrinsic Reward;16590000;8,729749;1776625322,440137
Policy/Extrinsic Reward;16620000;8,776315;1776625343,052660
Policy/Extrinsic Reward;16650000;9,193730;1776625362,775589
Policy/Extrinsic Reward;16680000;9,289010;1776625385,988491
Policy/Extrinsic Reward;16710000;9,197721;1776625408,538208
Policy/Extrinsic Reward;16740000;9,061945;1776625429,483926
Policy/Extrinsic Reward;16770000;9,166400;1776625439,274455
Policy/Extrinsic Reward;16800000;9,041829;1776625459,173571
Policy/Extrinsic Reward;16830000;8,795366;1776625481,248556
Policy/Extrinsic Reward;16860000;8,925318;1776625503,794554
Policy/Extrinsic Reward;16890000;8,907635;1776625515,173021
Policy/Extrinsic Reward;16920000;9,310091;1776625537,456460
Policy/Extrinsic Reward;16950000;8,878156;1776625560,782087
Policy/Extrinsic Reward;16980000;9,217281;1776625576,567954
Policy/Extrinsic Reward;17010000;8,965943;1776625597,271238
Policy/Extrinsic Reward;17040000;9,077892;1776625617,172362
Policy/Extrinsic Reward;17070000;9,181458;1776625637,164775
Policy/Extrinsic Reward;17100000;9,136707;1776625648,191967
Policy/Extrinsic Reward;17130000;9,290709;1776625672,426888
Policy/Extrinsic Reward;17160000;9,170566;1776625696,917224
Policy/Extrinsic Reward;17190000;9,135126;1776625721,709576
Policy/Extrinsic Reward;17220000;9,263470;1776625731,611705
Policy/Extrinsic Reward;17250000;9,128977;1776625753,414594
Policy/Extrinsic Reward;17280000;8,767094;1776625775,170982
Policy/Extrinsic Reward;17310000;9,028142;1776625795,300431
Policy/Extrinsic Reward;17340000;8,889941;1776625805,593000
Policy/Extrinsic Reward;17370000;9,176551;1776625823,116854
Policy/Extrinsic Reward;17400000;9,121611;1776625846,308737
Policy/Extrinsic Reward;17430000;9,016915;1776625860,987022
Policy/Extrinsic Reward;17460000;9,011453;1776625885,036289
Policy/Extrinsic Reward;17490000;9,023129;1776625905,496397
Policy/Extrinsic Reward;17520000;9,228733;1776625926,207992
Policy/Extrinsic Reward;17550000;9,069216;1776625939,642017
Policy/Extrinsic Reward;17580000;9,046854;1776625966,031227
Policy/Extrinsic Reward;17610000;9,027448;1776625990,452703
Policy/Extrinsic Reward;17640000;9,055830;1776626013,542529
Policy/Extrinsic Reward;17670000;9,075642;1776626024,369078
Policy/Extrinsic Reward;17700000;8,838033;1776626042,429504
Policy/Extrinsic Reward;17730000;8,711894;1776626060,107915
Policy/Extrinsic Reward;17760000;8,987027;1776626068,070236
Policy/Extrinsic Reward;17790000;8,730072;1776626088,684964
Policy/Extrinsic Reward;17820000;9,177407;1776626117,516273
Policy/Extrinsic Reward;17850000;9,195915;1776626139,898741
Policy/Extrinsic Reward;17880000;9,436305;1776626152,282421
Policy/Extrinsic Reward;17910000;9,261310;1776626173,051108
Policy/Extrinsic Reward;17940000;8,876379;1776626191,213560
Policy/Extrinsic Reward;17970000;8,912624;1776626211,420342
Policy/Extrinsic Reward;18000000;9,163239;1776626226,778370
Policy/Extrinsic Reward;18030000;9,306575;1776626252,004741
Policy/Extrinsic Reward;18060000;9,448145;1776626274,418576
Policy/Extrinsic Reward;18090000;9,314487;1776626285,848397
Policy/Extrinsic Reward;18120000;8,952610;1776626306,663267
Policy/Extrinsic Reward;18150000;8,794942;1776626328,985610
Policy/Extrinsic Reward;18180000;9,009337;1776626350,088612
Policy/Extrinsic Reward;18210000;9,196001;1776626362,782623
Policy/Extrinsic Reward;18240000;9,265094;1776626384,946276
Policy/Extrinsic Reward;18270000;9,350203;1776626405,157952
Policy/Extrinsic Reward;18300000;9,107944;1776626425,384262
Policy/Extrinsic Reward;18330000;9,015169;1776626434,997948
Policy/Extrinsic Reward;18360000;8,536490;1776626461,117457
Policy/Extrinsic Reward;18390000;8,947398;1776626488,154109
Policy/Extrinsic Reward;18420000;9,140577;1776626498,382119
Policy/Extrinsic Reward;18450000;8,985520;1776626519,732207
Policy/Extrinsic Reward;18480000;8,835092;1776626540,587514
Policy/Extrinsic Reward;18510000;8,960427;1776626559,933634
Policy/Extrinsic Reward;18540000;8,808042;1776626568,817549
Policy/Extrinsic Reward;18570000;8,815803;1776626590,632022
Policy/Extrinsic Reward;18600000;9,335340;1776626615,876245
Policy/Extrinsic Reward;18630000;9,381445;1776626642,849918
Policy/Extrinsic Reward;18660000;9,240414;1776626652,880921
Policy/Extrinsic Reward;18690000;9,388893;1776626671,964853
Policy/Extrinsic Reward;18720000;9,347738;1776626691,841146
Policy/Extrinsic Reward;18750000;8,919221;1776626713,761064
Policy/Extrinsic Reward;18780000;9,250896;1776626729,778258
Policy/Extrinsic Reward;18810000;9,405621;1776626757,679159
Policy/Extrinsic Reward;18840000;9,362189;1776626778,560669
Policy/Extrinsic Reward;18870000;9,109007;1776626786,703098
Policy/Extrinsic Reward;18900000;9,289592;1776626805,219332
Policy/Extrinsic Reward;18930000;9,238848;1776626824,023335
Policy/Extrinsic Reward;18960000;9,139912;1776626847,273258
Policy/Extrinsic Reward;18990000;9,107514;1776626862,298694
Policy/Extrinsic Reward;19020000;9,030777;1776626886,112322
Policy/Extrinsic Reward;19050000;9,062557;1776626906,457896
Policy/Extrinsic Reward;19080000;9,035180;1776626925,704741
Policy/Extrinsic Reward;19110000;8,918097;1776626932,949404
Policy/Extrinsic Reward;19140000;8,709164;1776626954,624360
Policy/Extrinsic Reward;19170000;8,722824;1776626991,235523
Policy/Extrinsic Reward;19200000;9,142066;1776627005,200521
Policy/Extrinsic Reward;19230000;9,307306;1776627025,013159
Policy/Extrinsic Reward;19260000;9,401126;1776627044,853766
Policy/Extrinsic Reward;19290000;8,900954;1776627063,076095
Policy/Extrinsic Reward;19320000;8,862138;1776627074,839861
Policy/Extrinsic Reward;19350000;9,115732;1776627099,284499
Policy/Extrinsic Reward;19380000;9,397711;1776627122,092064
Policy/Extrinsic Reward;19410000;9,223882;1776627142,862901
Policy/Extrinsic Reward;19440000;8,939940;1776627151,516899
Policy/Extrinsic Reward;19470000;9,004867;1776627172,080329
Policy/Extrinsic Reward;19500000;9,151496;1776627196,087748
Policy/Extrinsic Reward;19530000;9,131975;1776627207,626394
Policy/Extrinsic Reward;19560000;9,210200;1776627230,652064
Policy/Extrinsic Reward;19590000;9,180662;1776627253,143715
Policy/Extrinsic Reward;19620000;9,101873;1776627274,409069
Policy/Extrinsic Reward;19650000;9,394870;1776627289,618815
Policy/Extrinsic Reward;19680000;9,392853;1776627313,528938
Policy/Extrinsic Reward;19710000;9,067567;1776627336,168247
Policy/Extrinsic Reward;19740000;9,175341;1776627357,286074
Policy/Extrinsic Reward;19770000;9,138999;1776627364,707093
Policy/Extrinsic Reward;19800000;8,931949;1776627382,761976
Policy/Extrinsic Reward;19830000;9,279080;1776627401,512321
Policy/Extrinsic Reward;19860000;9,263720;1776627424,926464
Policy/Extrinsic Reward;19890000;9,140899;1776627440,939514
Policy/Extrinsic Reward;19920000;9,243320;1776627463,014791
Policy/Extrinsic Reward;19950000;9,175923;1776627484,406378
Policy/Extrinsic Reward;19980000;8,817781;1776627495,177890
Policy/Extrinsic Value Estimate;30000;-0,067617;1776614612,182754
Policy/Extrinsic Value Estimate;60000;0,044154;1776614647,566273
Policy/Extrinsic Value Estimate;90000;0,291381;1776614680,668314
Policy/Extrinsic Value Estimate;120000;0,648283;1776614705,041026
Policy/Extrinsic Value Estimate;150000;1,433720;1776614738,540761
Policy/Extrinsic Value Estimate;180000;0,799001;1776614768,578305
Policy/Extrinsic Value Estimate;210000;0,820385;1776614786,079846
Policy/Extrinsic Value Estimate;240000;1,186069;1776614799,326825
Policy/Extrinsic Value Estimate;270000;1,731487;1776614822,094961
Policy/Extrinsic Value Estimate;300000;1,777517;1776614850,446095
Policy/Extrinsic Value Estimate;330000;1,418031;1776614872,555574
Policy/Extrinsic Value Estimate;360000;1,280542;1776614880,190145
Policy/Extrinsic Value Estimate;390000;1,968548;1776614900,404985
Policy/Extrinsic Value Estimate;420000;2,107653;1776614947,492155
Policy/Extrinsic Value Estimate;450000;1,779414;1776614964,200948
Policy/Extrinsic Value Estimate;480000;1,925766;1776614989,396168
Policy/Extrinsic Value Estimate;510000;1,649622;1776615013,356249
Policy/Extrinsic Value Estimate;540000;1,452413;1776615032,588996
Policy/Extrinsic Value Estimate;570000;1,502297;1776615039,247191
Policy/Extrinsic Value Estimate;600000;0,918700;1776615055,309685
Policy/Extrinsic Value Estimate;630000;2,445251;1776615073,211441
Policy/Extrinsic Value Estimate;660000;0,728546;1776615077,354967
Policy/Extrinsic Value Estimate;690000;0,931398;1776615094,854890
Policy/Extrinsic Value Estimate;720000;3,563109;1776615117,125630
Policy/Extrinsic Value Estimate;750000;3,330371;1776615134,670778
Policy/Extrinsic Value Estimate;780000;2,486707;1776615159,729325
Policy/Extrinsic Value Estimate;810000;2,131014;1776615179,521822
Policy/Extrinsic Value Estimate;840000;2,260506;1776615195,941641
Policy/Extrinsic Value Estimate;870000;3,398448;1776615210,954881
Policy/Extrinsic Value Estimate;900000;2,683197;1776615233,923594
Policy/Extrinsic Value Estimate;930000;2,511829;1776615254,634550
Policy/Extrinsic Value Estimate;960000;0,446961;1776615258,653375
Policy/Extrinsic Value Estimate;990000;2,811779;1776615281,162500
Policy/Extrinsic Value Estimate;1020000;2,869605;1776615304,141160
Policy/Extrinsic Value Estimate;1050000;2,572003;1776615325,301978
Policy/Extrinsic Value Estimate;1080000;2,371832;1776615334,876614
Policy/Extrinsic Value Estimate;1110000;2,919077;1776615359,504370
Policy/Extrinsic Value Estimate;1140000;2,458002;1776615380,756029
Policy/Extrinsic Value Estimate;1170000;3,047818;1776615393,299182
Policy/Extrinsic Value Estimate;1200000;2,762347;1776615416,903259
Policy/Extrinsic Value Estimate;1230000;2,509581;1776615436,323796
Policy/Extrinsic Value Estimate;1260000;2,327088;1776615456,724219
Policy/Extrinsic Value Estimate;1290000;1,075777;1776615460,616451
Policy/Extrinsic Value Estimate;1320000;3,402039;1776615482,636456
Policy/Extrinsic Value Estimate;1350000;2,604632;1776615505,671163
Policy/Extrinsic Value Estimate;1380000;1,126403;1776615512,199139
Policy/Extrinsic Value Estimate;1410000;2,973136;1776615543,845441
Policy/Extrinsic Value Estimate;1440000;3,243541;1776615572,807024
Policy/Extrinsic Value Estimate;1470000;3,033925;1776615594,716696
Policy/Extrinsic Value Estimate;1500000;2,985454;1776615603,036808
Policy/Extrinsic Value Estimate;1530000;2,898905;1776615621,530611
Policy/Extrinsic Value Estimate;1560000;2,543142;1776615638,781861
Policy/Extrinsic Value Estimate;1590000;2,704532;1776615660,884209
Policy/Extrinsic Value Estimate;1620000;2,453856;1776615670,215544
Policy/Extrinsic Value Estimate;1650000;2,318328;1776615690,368980
Policy/Extrinsic Value Estimate;1680000;3,523180;1776615718,083037
Policy/Extrinsic Value Estimate;1710000;3,126225;1776615728,947236
Policy/Extrinsic Value Estimate;1740000;2,929561;1776615754,146371
Policy/Extrinsic Value Estimate;1770000;3,077751;1776615778,084136
Policy/Extrinsic Value Estimate;1800000;3,271594;1776615789,720239
Policy/Extrinsic Value Estimate;1830000;3,265655;1776615809,525103
Policy/Extrinsic Value Estimate;1860000;3,128200;1776615828,408722
Policy/Extrinsic Value Estimate;1890000;2,942718;1776615856,455751
Policy/Extrinsic Value Estimate;1920000;2,620360;1776615870,182849
Policy/Extrinsic Value Estimate;1950000;2,959198;1776615902,759661
Policy/Extrinsic Value Estimate;1980000;2,973870;1776615925,928495
Policy/Extrinsic Value Estimate;2010000;3,192657;1776615946,282730
Policy/Extrinsic Value Estimate;2040000;3,198297;1776615954,811788
Policy/Extrinsic Value Estimate;2070000;3,134770;1776615973,183825
Policy/Extrinsic Value Estimate;2100000;2,761691;1776615994,301835
Policy/Extrinsic Value Estimate;2130000;3,210291;1776616004,553070
Policy/Extrinsic Value Estimate;2160000;2,297336;1776616021,704882
Policy/Extrinsic Value Estimate;2190000;3,748557;1776616043,923986
Policy/Extrinsic Value Estimate;2220000;3,871191;1776616068,656561
Policy/Extrinsic Value Estimate;2250000;3,733350;1776616083,001456
Policy/Extrinsic Value Estimate;2280000;3,645027;1776616112,052231
Policy/Extrinsic Value Estimate;2310000;3,620911;1776616139,606119
Policy/Extrinsic Value Estimate;2340000;3,514234;1776616163,540107
Policy/Extrinsic Value Estimate;2370000;3,128002;1776616172,799975
Policy/Extrinsic Value Estimate;2400000;2,438178;1776616195,037216
Policy/Extrinsic Value Estimate;2430000;3,539715;1776616222,877051
Policy/Extrinsic Value Estimate;2460000;3,397814;1776616253,301260
Policy/Extrinsic Value Estimate;2490000;3,478079;1776616268,675910
Policy/Extrinsic Value Estimate;2520000;3,172061;1776616296,248904
Policy/Extrinsic Value Estimate;2550000;3,138808;1776616322,581661
Policy/Extrinsic Value Estimate;2580000;3,132922;1776616334,227832
Policy/Extrinsic Value Estimate;2610000;3,183447;1776616358,040371
Policy/Extrinsic Value Estimate;2640000;3,168988;1776616381,209710
Policy/Extrinsic Value Estimate;2670000;3,178158;1776616403,744813
Policy/Extrinsic Value Estimate;2700000;2,801141;1776616411,884863
Policy/Extrinsic Value Estimate;2730000;3,218814;1776616432,951799
Policy/Extrinsic Value Estimate;2760000;3,263853;1776616455,917608
Policy/Extrinsic Value Estimate;2790000;3,423043;1776616480,543786
Policy/Extrinsic Value Estimate;2820000;3,444460;1776616490,789706
Policy/Extrinsic Value Estimate;2850000;3,137757;1776616511,198493
Policy/Extrinsic Value Estimate;2880000;3,463129;1776616530,509340
Policy/Extrinsic Value Estimate;2910000;3,485691;1776616540,575720
Policy/Extrinsic Value Estimate;2940000;3,516931;1776616561,116771
Policy/Extrinsic Value Estimate;2970000;3,848333;1776616583,551841
Policy/Extrinsic Value Estimate;3000000;3,999829;1776616607,255125
Policy/Extrinsic Value Estimate;3030000;3,890557;1776616618,748463
Policy/Extrinsic Value Estimate;3060000;3,853240;1776616641,399837
Policy/Extrinsic Value Estimate;3090000;3,502332;1776616665,060005
Policy/Extrinsic Value Estimate;3120000;3,436210;1776616690,923385
Policy/Extrinsic Value Estimate;3150000;3,473732;1776616704,071178
Policy/Extrinsic Value Estimate;3180000;3,277936;1776616728,919809
Policy/Extrinsic Value Estimate;3210000;3,172701;1776616753,151106
Policy/Extrinsic Value Estimate;3240000;3,191705;1776616763,373571
Policy/Extrinsic Value Estimate;3270000;3,542983;1776616793,755918
Policy/Extrinsic Value Estimate;3300000;3,603125;1776616822,496014
Policy/Extrinsic Value Estimate;3330000;4,004222;1776616848,511739
Policy/Extrinsic Value Estimate;3360000;3,753611;1776616857,953207
Policy/Extrinsic Value Estimate;3390000;3,574816;1776616878,957761
Policy/Extrinsic Value Estimate;3420000;3,762366;1776616900,318107
Policy/Extrinsic Value Estimate;3450000;3,593974;1776616926,011172
Policy/Extrinsic Value Estimate;3480000;2,921396;1776616934,649044
Policy/Extrinsic Value Estimate;3510000;3,735001;1776616965,661045
Policy/Extrinsic Value Estimate;3540000;3,639331;1776616990,027556
Policy/Extrinsic Value Estimate;3570000;3,442679;1776617003,532179
Policy/Extrinsic Value Estimate;3600000;3,185646;1776617024,284546
Policy/Extrinsic Value Estimate;3630000;3,011104;1776617043,274921
Policy/Extrinsic Value Estimate;3660000;2,948072;1776617061,361891
Policy/Extrinsic Value Estimate;3690000;2,782427;1776617069,788678
Policy/Extrinsic Value Estimate;3720000;3,054970;1776617089,635315
Policy/Extrinsic Value Estimate;3750000;3,619010;1776617110,630184
Policy/Extrinsic Value Estimate;3780000;3,586326;1776617134,021810
Policy/Extrinsic Value Estimate;3810000;3,513443;1776617148,347486
Policy/Extrinsic Value Estimate;3840000;3,562860;1776617170,905411
Policy/Extrinsic Value Estimate;3870000;3,353952;1776617195,543025
Policy/Extrinsic Value Estimate;3900000;3,124515;1776617218,537421
Policy/Extrinsic Value Estimate;3930000;3,104004;1776617228,547210
Policy/Extrinsic Value Estimate;3960000;3,146178;1776617248,403258
Policy/Extrinsic Value Estimate;3990000;2,968401;1776617267,816999
Policy/Extrinsic Value Estimate;4020000;3,231883;1776617279,876218
Policy/Extrinsic Value Estimate;4050000;3,138860;1776617301,417213
Policy/Extrinsic Value Estimate;4080000;3,360755;1776617325,502070
Policy/Extrinsic Value Estimate;4110000;3,382929;1776617347,387296
Policy/Extrinsic Value Estimate;4140000;3,285872;1776617358,541304
Policy/Extrinsic Value Estimate;4170000;3,242083;1776617379,078375
Policy/Extrinsic Value Estimate;4200000;3,258145;1776617401,286798
Policy/Extrinsic Value Estimate;4230000;3,283027;1776617421,474689
Policy/Extrinsic Value Estimate;4260000;3,387322;1776617432,839784
Policy/Extrinsic Value Estimate;4290000;3,405440;1776617455,224880
Policy/Extrinsic Value Estimate;4320000;3,619380;1776617478,638766
Policy/Extrinsic Value Estimate;4350000;3,525246;1776617488,155934
Policy/Extrinsic Value Estimate;4380000;3,692057;1776617509,205805
Policy/Extrinsic Value Estimate;4410000;3,496166;1776617528,946955
Policy/Extrinsic Value Estimate;4440000;3,462991;1776617548,726009
Policy/Extrinsic Value Estimate;4470000;3,586938;1776617560,145018
Policy/Extrinsic Value Estimate;4500000;3,686062;1776617582,250490
Policy/Extrinsic Value Estimate;4530000;3,701873;1776617607,378071
Policy/Extrinsic Value Estimate;4560000;3,400300;1776617635,054811
Policy/Extrinsic Value Estimate;4590000;3,394492;1776617647,736606
Policy/Extrinsic Value Estimate;4620000;3,498038;1776617670,195072
Policy/Extrinsic Value Estimate;4650000;3,209022;1776617690,225855
Policy/Extrinsic Value Estimate;4680000;3,182661;1776617698,690729
Policy/Extrinsic Value Estimate;4710000;3,159670;1776617719,206353
Policy/Extrinsic Value Estimate;4740000;3,268230;1776617739,040638
Policy/Extrinsic Value Estimate;4770000;3,410410;1776617761,039259
Policy/Extrinsic Value Estimate;4800000;3,882886;1776617772,736843
Policy/Extrinsic Value Estimate;4830000;4,057155;1776617794,054955
Policy/Extrinsic Value Estimate;4860000;4,045409;1776617815,409221
Policy/Extrinsic Value Estimate;4890000;4,146443;1776617836,892938
Policy/Extrinsic Value Estimate;4920000;4,003019;1776617849,281177
Policy/Extrinsic Value Estimate;4950000;3,782171;1776617873,666263
Policy/Extrinsic Value Estimate;4980000;3,666735;1776617895,951488
Policy/Extrinsic Value Estimate;5010000;3,720890;1776617917,663785
Policy/Extrinsic Value Estimate;5040000;3,656763;1776617928,374953
Policy/Extrinsic Value Estimate;5070000;3,426130;1776617949,403883
Policy/Extrinsic Value Estimate;5100000;3,364079;1776617972,547014
Policy/Extrinsic Value Estimate;5130000;3,514455;1776617983,396321
Policy/Extrinsic Value Estimate;5160000;3,695972;1776618003,139295
Policy/Extrinsic Value Estimate;5190000;3,549104;1776618022,776793
Policy/Extrinsic Value Estimate;5220000;3,558720;1776618043,006411
Policy/Extrinsic Value Estimate;5250000;3,839125;1776618055,563258
Policy/Extrinsic Value Estimate;5280000;4,089723;1776618084,068586
Policy/Extrinsic Value Estimate;5310000;4,006513;1776618105,983887
Policy/Extrinsic Value Estimate;5340000;3,794000;1776618126,413522
Policy/Extrinsic Value Estimate;5370000;3,560652;1776618136,896411
Policy/Extrinsic Value Estimate;5400000;3,657867;1776618157,752764
Policy/Extrinsic Value Estimate;5430000;3,608656;1776618181,541021
Policy/Extrinsic Value Estimate;5460000;3,629396;1776618194,284820
Policy/Extrinsic Value Estimate;5490000;3,725358;1776618216,854620
Policy/Extrinsic Value Estimate;5520000;3,401681;1776618239,563322
Policy/Extrinsic Value Estimate;5550000;3,496969;1776618258,905895
Policy/Extrinsic Value Estimate;5580000;3,571349;1776618269,609613
Policy/Extrinsic Value Estimate;5610000;3,586184;1776618297,834306
Policy/Extrinsic Value Estimate;5640000;3,588566;1776618321,719221
Policy/Extrinsic Value Estimate;5670000;3,559729;1776618341,982055
Policy/Extrinsic Value Estimate;5700000;3,539272;1776618350,612234
Policy/Extrinsic Value Estimate;5730000;3,373433;1776618368,454417
Policy/Extrinsic Value Estimate;5760000;3,330358;1776618387,352153
Policy/Extrinsic Value Estimate;5790000;3,362616;1776618400,680830
Policy/Extrinsic Value Estimate;5820000;3,974192;1776618423,788129
Policy/Extrinsic Value Estimate;5850000;3,914572;1776618445,809988
Policy/Extrinsic Value Estimate;5880000;3,704668;1776618467,751066
Policy/Extrinsic Value Estimate;5910000;3,557715;1776618482,286520
Policy/Extrinsic Value Estimate;5940000;3,387318;1776618507,409415
Policy/Extrinsic Value Estimate;5970000;3,323591;1776618529,767579
Policy/Extrinsic Value Estimate;6000000;3,548418;1776618552,740453
Policy/Extrinsic Value Estimate;6030000;3,609419;1776618562,976179
Policy/Extrinsic Value Estimate;6060000;3,573074;1776618582,642401
Policy/Extrinsic Value Estimate;6090000;3,440209;1776618600,908513
Policy/Extrinsic Value Estimate;6120000;2,986236;1776618619,731004
Policy/Extrinsic Value Estimate;6150000;3,426907;1776618630,287795
Policy/Extrinsic Value Estimate;6180000;3,986441;1776618652,013654
Policy/Extrinsic Value Estimate;6210000;4,132840;1776618673,600269
Policy/Extrinsic Value Estimate;6240000;4,288101;1776618688,191860
Policy/Extrinsic Value Estimate;6270000;4,086267;1776618711,483752
Policy/Extrinsic Value Estimate;6300000;3,949219;1776618733,324192
Policy/Extrinsic Value Estimate;6330000;3,723603;1776618754,848440
Policy/Extrinsic Value Estimate;6360000;3,436073;1776618763,828080
Policy/Extrinsic Value Estimate;6390000;3,342501;1776618784,155542
Policy/Extrinsic Value Estimate;6420000;3,510583;1776618803,529838
Policy/Extrinsic Value Estimate;6450000;3,683185;1776618824,075470
Policy/Extrinsic Value Estimate;6480000;3,651222;1776618836,236141
Policy/Extrinsic Value Estimate;6510000;4,055351;1776618863,736085
Policy/Extrinsic Value Estimate;6540000;3,962496;1776618887,740622
Policy/Extrinsic Value Estimate;6570000;3,985993;1776618898,539808
Policy/Extrinsic Value Estimate;6600000;3,796071;1776618918,854317
Policy/Extrinsic Value Estimate;6630000;3,599895;1776618940,204235
Policy/Extrinsic Value Estimate;6660000;3,692026;1776618961,803982
Policy/Extrinsic Value Estimate;6690000;3,785708;1776618971,817045
Policy/Extrinsic Value Estimate;6720000;3,805616;1776618992,510738
Policy/Extrinsic Value Estimate;6750000;3,680103;1776619013,172386
Policy/Extrinsic Value Estimate;6780000;3,956237;1776619033,997540
Policy/Extrinsic Value Estimate;6810000;3,818702;1776619044,021542
Policy/Extrinsic Value Estimate;6840000;3,987799;1776619071,361300
Policy/Extrinsic Value Estimate;6870000;4,019725;1776619095,558429
Policy/Extrinsic Value Estimate;6900000;3,771188;1776619105,852071
Policy/Extrinsic Value Estimate;6930000;3,726150;1776619128,317684
Policy/Extrinsic Value Estimate;6960000;3,979236;1776619150,692600
Policy/Extrinsic Value Estimate;6990000;4,076567;1776619171,435865
Policy/Extrinsic Value Estimate;7020000;3,894947;1776619181,299993
Policy/Extrinsic Value Estimate;7050000;3,694425;1776619202,712570
Policy/Extrinsic Value Estimate;7080000;3,869080;1776619229,717289
Policy/Extrinsic Value Estimate;7110000;3,821993;1776619255,172870
Policy/Extrinsic Value Estimate;7140000;3,783428;1776619267,031577
Policy/Extrinsic Value Estimate;7170000;3,675078;1776619288,388754
Policy/Extrinsic Value Estimate;7200000;3,544505;1776619309,385534
Policy/Extrinsic Value Estimate;7230000;3,513968;1776619318,983882
Policy/Extrinsic Value Estimate;7260000;3,536413;1776619338,867494
Policy/Extrinsic Value Estimate;7290000;3,578473;1776619358,899454
Policy/Extrinsic Value Estimate;7320000;3,789455;1776619380,739185
Policy/Extrinsic Value Estimate;7350000;3,675373;1776619390,356031
Policy/Extrinsic Value Estimate;7380000;4,070163;1776619415,387580
Policy/Extrinsic Value Estimate;7410000;4,004199;1776619439,087180
Policy/Extrinsic Value Estimate;7440000;3,868413;1776619460,999499
Policy/Extrinsic Value Estimate;7470000;3,590458;1776619472,400736
Policy/Extrinsic Value Estimate;7500000;3,656883;1776619492,884583
Policy/Extrinsic Value Estimate;7530000;3,767352;1776619510,903026
Policy/Extrinsic Value Estimate;7560000;3,780599;1776619530,243953
Policy/Extrinsic Value Estimate;7590000;3,744223;1776619543,403027
Policy/Extrinsic Value Estimate;7620000;4,234474;1776619568,576122
Policy/Extrinsic Value Estimate;7650000;4,307297;1776619589,840889
Policy/Extrinsic Value Estimate;7680000;4,087740;1776619598,136178
Policy/Extrinsic Value Estimate;7710000;3,870871;1776619616,107013
Policy/Extrinsic Value Estimate;7740000;3,869302;1776619641,573698
Policy/Extrinsic Value Estimate;7770000;4,371716;1776619670,651122
Policy/Extrinsic Value Estimate;7800000;4,204258;1776619681,383334
Policy/Extrinsic Value Estimate;7830000;3,921237;1776619702,771800
Policy/Extrinsic Value Estimate;7860000;3,746143;1776619723,599607
Policy/Extrinsic Value Estimate;7890000;3,652429;1776619745,775416
Policy/Extrinsic Value Estimate;7920000;3,673094;1776619758,413185
Policy/Extrinsic Value Estimate;7950000;3,889052;1776619782,372939
Policy/Extrinsic Value Estimate;7980000;3,950254;1776619803,622415
Policy/Extrinsic Value Estimate;8010000;3,934149;1776619811,859862
Policy/Extrinsic Value Estimate;8040000;3,811088;1776619830,774521
Policy/Extrinsic Value Estimate;8070000;3,688255;1776619850,409241
Policy/Extrinsic Value Estimate;8100000;3,883064;1776619873,537114
Policy/Extrinsic Value Estimate;8130000;3,910069;1776619889,185828
Policy/Extrinsic Value Estimate;8160000;4,113712;1776619914,364863
Policy/Extrinsic Value Estimate;8190000;3,895167;1776619933,852294
Policy/Extrinsic Value Estimate;8220000;3,820966;1776619951,667440
Policy/Extrinsic Value Estimate;8250000;3,751884;1776619959,131111
Policy/Extrinsic Value Estimate;8280000;4,013159;1776619984,862282
Policy/Extrinsic Value Estimate;8310000;4,280287;1776620014,101474
Policy/Extrinsic Value Estimate;8340000;4,026375;1776620028,015228
Policy/Extrinsic Value Estimate;8370000;3,857610;1776620047,268144
Policy/Extrinsic Value Estimate;8400000;3,780968;1776620066,379139
Policy/Extrinsic Value Estimate;8430000;3,740037;1776620084,857853
Policy/Extrinsic Value Estimate;8460000;3,487595;1776620095,846812
Policy/Extrinsic Value Estimate;8490000;3,998986;1776620124,377953
Policy/Extrinsic Value Estimate;8520000;4,095020;1776620146,298241
Policy/Extrinsic Value Estimate;8550000;3,945158;1776620166,378271
Policy/Extrinsic Value Estimate;8580000;4,009398;1776620178,463354
Policy/Extrinsic Value Estimate;8610000;4,095965;1776620201,829354
Policy/Extrinsic Value Estimate;8640000;3,981782;1776620225,171388
Policy/Extrinsic Value Estimate;8670000;3,722008;1776620236,407324
Policy/Extrinsic Value Estimate;8700000;3,501586;1776620258,577567
Policy/Extrinsic Value Estimate;8730000;3,393383;1776620278,624237
Policy/Extrinsic Value Estimate;8760000;3,588325;1776620297,793766
Policy/Extrinsic Value Estimate;8790000;3,709117;1776620307,809646
Policy/Extrinsic Value Estimate;8820000;3,748851;1776620331,292700
Policy/Extrinsic Value Estimate;8850000;3,956282;1776620358,404434
Policy/Extrinsic Value Estimate;8880000;3,916849;1776620381,510279
Policy/Extrinsic Value Estimate;8910000;3,995466;1776620391,671396
Policy/Extrinsic Value Estimate;8940000;3,774070;1776620408,919482
Policy/Extrinsic Value Estimate;8970000;3,670973;1776620426,787004
Policy/Extrinsic Value Estimate;9000000;3,612278;1776620448,510419
Policy/Extrinsic Value Estimate;9030000;3,780577;1776620461,909360
Policy/Extrinsic Value Estimate;9060000;4,099912;1776620483,798220
Policy/Extrinsic Value Estimate;9090000;4,093822;1776620505,557534
Policy/Extrinsic Value Estimate;9120000;3,870770;1776620518,012475
Policy/Extrinsic Value Estimate;9150000;3,877185;1776620540,570072
Policy/Extrinsic Value Estimate;9180000;3,768105;1776620565,547436
Policy/Extrinsic Value Estimate;9210000;3,742478;1776620592,789966
Policy/Extrinsic Value Estimate;9240000;3,784442;1776620604,421240
Policy/Extrinsic Value Estimate;9270000;3,737950;1776620623,645446
Policy/Extrinsic Value Estimate;9300000;3,589321;1776620642,421173
Policy/Extrinsic Value Estimate;9330000;3,476793;1776620660,691163
Policy/Extrinsic Value Estimate;9360000;3,285769;1776620671,875480
Policy/Extrinsic Value Estimate;9390000;3,863404;1776620693,844875
Policy/Extrinsic Value Estimate;9420000;3,801157;1776620714,988383
Policy/Extrinsic Value Estimate;9450000;3,829166;1776620726,434113
Policy/Extrinsic Value Estimate;9480000;3,842992;1776620748,481045
Policy/Extrinsic Value Estimate;9510000;4,079271;1776620772,105898
Policy/Extrinsic Value Estimate;9540000;4,034638;1776620796,092792
Policy/Extrinsic Value Estimate;9570000;3,898533;1776620808,069907
Policy/Extrinsic Value Estimate;9600000;3,824823;1776620829,642107
Policy/Extrinsic Value Estimate;9630000;3,746312;1776620850,934963
Policy/Extrinsic Value Estimate;9660000;3,881763;1776620871,559205
Policy/Extrinsic Value Estimate;9690000;3,660012;1776620883,981452
Policy/Extrinsic Value Estimate;9720000;3,658304;1776620906,846335
Policy/Extrinsic Value Estimate;9750000;3,673287;1776620930,280021
Policy/Extrinsic Value Estimate;9780000;3,638117;1776620942,190012
Policy/Extrinsic Value Estimate;9810000;3,556455;1776620961,958660
Policy/Extrinsic Value Estimate;9840000;3,618780;1776620982,596830
Policy/Extrinsic Value Estimate;9870000;3,482158;1776621002,638529
Policy/Extrinsic Value Estimate;9900000;3,356080;1776621012,414593
Policy/Extrinsic Value Estimate;9930000;3,660883;1776621039,108295
Policy/Extrinsic Value Estimate;9960000;3,684639;1776621064,572384
Policy/Extrinsic Value Estimate;9990000;3,743149;1776621088,515992
Policy/Extrinsic Value Estimate;10020000;3,568566;1776621098,888023
Policy/Extrinsic Value Estimate;10050000;3,740182;1776621119,086259
Policy/Extrinsic Value Estimate;10080000;3,573849;1776621137,273499
Policy/Extrinsic Value Estimate;10110000;3,622633;1776621144,579737
Policy/Extrinsic Value Estimate;10140000;3,709224;1776621163,274100
Policy/Extrinsic Value Estimate;10170000;3,916852;1776621184,356270
Policy/Extrinsic Value Estimate;10200000;4,237753;1776621214,774359
Policy/Extrinsic Value Estimate;10230000;4,263643;1776621228,954615
Policy/Extrinsic Value Estimate;10260000;4,112897;1776621255,772339
Policy/Extrinsic Value Estimate;10290000;3,929247;1776621280,537752
Policy/Extrinsic Value Estimate;10320000;3,887219;1776621306,421172
Policy/Extrinsic Value Estimate;10350000;4,034317;1776621321,440519
Policy/Extrinsic Value Estimate;10380000;3,880239;1776621349,104983
Policy/Extrinsic Value Estimate;10410000;3,944251;1776621375,095127
Policy/Extrinsic Value Estimate;10440000;3,849187;1776621399,358308
Policy/Extrinsic Value Estimate;10470000;3,626991;1776621408,591777
Policy/Extrinsic Value Estimate;10500000;3,631244;1776621430,351244
Policy/Extrinsic Value Estimate;10530000;3,897104;1776621454,984152
Policy/Extrinsic Value Estimate;10560000;3,889782;1776621467,902530
Policy/Extrinsic Value Estimate;10590000;3,972540;1776621490,373461
Policy/Extrinsic Value Estimate;10620000;3,739831;1776621510,210205
Policy/Extrinsic Value Estimate;10650000;3,686823;1776621531,800545
Policy/Extrinsic Value Estimate;10680000;3,604902;1776621541,427626
Policy/Extrinsic Value Estimate;10710000;3,648913;1776621562,804672
Policy/Extrinsic Value Estimate;10740000;3,695330;1776621584,695669
Policy/Extrinsic Value Estimate;10770000;3,731255;1776621606,492092
Policy/Extrinsic Value Estimate;10800000;3,638440;1776621618,511287
Policy/Extrinsic Value Estimate;10830000;3,710347;1776621641,255053
Policy/Extrinsic Value Estimate;10860000;3,954862;1776621668,241714
Policy/Extrinsic Value Estimate;10890000;4,002795;1776621679,052297
Policy/Extrinsic Value Estimate;10920000;3,797857;1776621699,533029
Policy/Extrinsic Value Estimate;10950000;3,702968;1776621719,907179
Policy/Extrinsic Value Estimate;10980000;3,785175;1776621740,648917
Policy/Extrinsic Value Estimate;11010000;3,759940;1776621752,442144
Policy/Extrinsic Value Estimate;11040000;3,907697;1776621775,720695
Policy/Extrinsic Value Estimate;11070000;3,952557;1776621799,223119
Policy/Extrinsic Value Estimate;11100000;3,798183;1776621819,858679
Policy/Extrinsic Value Estimate;11130000;3,487988;1776621828,281367
Policy/Extrinsic Value Estimate;11160000;3,662954;1776621847,422256
Policy/Extrinsic Value Estimate;11190000;4,144862;1776621871,291499
Policy/Extrinsic Value Estimate;11220000;4,081158;1776621885,968843
Policy/Extrinsic Value Estimate;11250000;4,212472;1776621915,325041
Policy/Extrinsic Value Estimate;11280000;3,937319;1776621938,331491
Policy/Extrinsic Value Estimate;11310000;3,778431;1776621960,372051
Policy/Extrinsic Value Estimate;11340000;3,662597;1776621969,375867
Policy/Extrinsic Value Estimate;11370000;3,514670;1776621987,496174
Policy/Extrinsic Value Estimate;11400000;3,565778;1776622005,923357
Policy/Extrinsic Value Estimate;11430000;3,582333;1776622026,137236
Policy/Extrinsic Value Estimate;11460000;3,448726;1776622036,341288
Policy/Extrinsic Value Estimate;11490000;3,880013;1776622064,283984
Policy/Extrinsic Value Estimate;11520000;3,927369;1776622088,922300
Policy/Extrinsic Value Estimate;11550000;3,825332;1776622109,537926
Policy/Extrinsic Value Estimate;11580000;3,760988;1776622117,223002
Policy/Extrinsic Value Estimate;11610000;3,624678;1776622134,715505
Policy/Extrinsic Value Estimate;11640000;3,315459;1776622157,704838
Policy/Extrinsic Value Estimate;11670000;3,928064;1776622176,655628
Policy/Extrinsic Value Estimate;11700000;3,933497;1776622198,853366
Policy/Extrinsic Value Estimate;11730000;3,630979;1776622218,837732
Policy/Extrinsic Value Estimate;11760000;3,640157;1776622238,125588
Policy/Extrinsic Value Estimate;11790000;3,502040;1776622249,892971
Policy/Extrinsic Value Estimate;11820000;3,666988;1776622273,814651
Policy/Extrinsic Value Estimate;11850000;3,920627;1776622296,068887
Policy/Extrinsic Value Estimate;11880000;3,915104;1776622316,236145
Policy/Extrinsic Value Estimate;11910000;3,864183;1776622325,554318
Policy/Extrinsic Value Estimate;11940000;3,668250;1776622351,951303
Policy/Extrinsic Value Estimate;11970000;3,589632;1776622379,594589
Policy/Extrinsic Value Estimate;12000000;3,653949;1776622392,161206
Policy/Extrinsic Value Estimate;12030000;3,581697;1776622412,116570
Policy/Extrinsic Value Estimate;12060000;3,614920;1776622429,988109
Policy/Extrinsic Value Estimate;12090000;3,500778;1776622447,201442
Policy/Extrinsic Value Estimate;12120000;3,198782;1776622453,028281
Policy/Extrinsic Value Estimate;12150000;3,415791;1776622473,867903
Policy/Extrinsic Value Estimate;12180000;4,046460;1776622508,366217
Policy/Extrinsic Value Estimate;12210000;4,094168;1776622532,156054
Policy/Extrinsic Value Estimate;12240000;3,823933;1776622541,020729
Policy/Extrinsic Value Estimate;12270000;3,613150;1776622559,867519
Policy/Extrinsic Value Estimate;12300000;3,625762;1776622579,796111
Policy/Extrinsic Value Estimate;12330000;3,464815;1776622591,069047
Policy/Extrinsic Value Estimate;12360000;3,612458;1776622614,870546
Policy/Extrinsic Value Estimate;12390000;3,790596;1776622637,978514
Policy/Extrinsic Value Estimate;12420000;3,862493;1776622659,426654
Policy/Extrinsic Value Estimate;12450000;3,914509;1776622669,926997
Policy/Extrinsic Value Estimate;12480000;3,951234;1776622689,501618
Policy/Extrinsic Value Estimate;12510000;3,893131;1776622708,784358
Policy/Extrinsic Value Estimate;12540000;4,017972;1776622736,090930
Policy/Extrinsic Value Estimate;12570000;4,051984;1776622752,652277
Policy/Extrinsic Value Estimate;12600000;4,077055;1776622775,485601
Policy/Extrinsic Value Estimate;12630000;4,230997;1776622795,807131
Policy/Extrinsic Value Estimate;12660000;4,215914;1776622804,478570
Policy/Extrinsic Value Estimate;12690000;4,060578;1776622821,035193
Policy/Extrinsic Value Estimate;12720000;4,034588;1776622840,437302
Policy/Extrinsic Value Estimate;12750000;4,188380;1776622862,891799
Policy/Extrinsic Value Estimate;12780000;4,449785;1776622878,095088
Policy/Extrinsic Value Estimate;12810000;4,466917;1776622901,927764
Policy/Extrinsic Value Estimate;12840000;4,343848;1776622923,968866
Policy/Extrinsic Value Estimate;12870000;4,145728;1776622943,938198
Policy/Extrinsic Value Estimate;12900000;3,999733;1776622954,468945
Policy/Extrinsic Value Estimate;12930000;4,154691;1776622979,218062
Policy/Extrinsic Value Estimate;12960000;4,291324;1776623002,638700
Policy/Extrinsic Value Estimate;12990000;4,159065;1776623016,621994
Policy/Extrinsic Value Estimate;13020000;3,842858;1776623036,279208
Policy/Extrinsic Value Estimate;13050000;3,753119;1776623057,643092
Policy/Extrinsic Value Estimate;13080000;3,766208;1776623082,911099
Policy/Extrinsic Value Estimate;13110000;3,910718;1776623096,657911
Policy/Extrinsic Value Estimate;13140000;3,832014;1776623118,212205
Policy/Extrinsic Value Estimate;13170000;3,797543;1776623137,773990
Policy/Extrinsic Value Estimate;13200000;3,812148;1776623156,620774
Policy/Extrinsic Value Estimate;13230000;3,638733;1776623167,050471
Policy/Extrinsic Value Estimate;13260000;3,598462;1776623195,398049
Policy/Extrinsic Value Estimate;13290000;3,828790;1776623220,243681
Policy/Extrinsic Value Estimate;13320000;3,898822;1776623232,692245
Policy/Extrinsic Value Estimate;13350000;3,750394;1776623253,299269
Policy/Extrinsic Value Estimate;13380000;3,661413;1776623272,384876
Policy/Extrinsic Value Estimate;13410000;3,569751;1776623291,776803
Policy/Extrinsic Value Estimate;13440000;3,629462;1776623301,837552
Policy/Extrinsic Value Estimate;13470000;3,775627;1776623328,667907
Policy/Extrinsic Value Estimate;13500000;3,950209;1776623358,419901
Policy/Extrinsic Value Estimate;13530000;3,810847;1776623381,920309
Policy/Extrinsic Value Estimate;13560000;3,872535;1776623391,013195
Policy/Extrinsic Value Estimate;13590000;3,696725;1776623410,733001
Policy/Extrinsic Value Estimate;13620000;3,516518;1776623428,644243
Policy/Extrinsic Value Estimate;13650000;3,570850;1776623436,584231
Policy/Extrinsic Value Estimate;13680000;3,750611;1776623456,607412
Policy/Extrinsic Value Estimate;13710000;3,797006;1776623476,069590
Policy/Extrinsic Value Estimate;13740000;3,924449;1776623497,903525
Policy/Extrinsic Value Estimate;13770000;4,165186;1776623514,229857
Policy/Extrinsic Value Estimate;13800000;4,259567;1776623537,484597
Policy/Extrinsic Value Estimate;13830000;4,120374;1776623559,185997
Policy/Extrinsic Value Estimate;13860000;4,113428;1776623578,787269
Policy/Extrinsic Value Estimate;13890000;4,025510;1776623588,462885
Policy/Extrinsic Value Estimate;13920000;3,909353;1776623607,932204
Policy/Extrinsic Value Estimate;13950000;4,056502;1776623633,538769
Policy/Extrinsic Value Estimate;13980000;4,125881;1776623660,915964
Policy/Extrinsic Value Estimate;14010000;3,948644;1776623674,905956
Policy/Extrinsic Value Estimate;14040000;3,831946;1776623695,987911
Policy/Extrinsic Value Estimate;14070000;3,820082;1776623717,771030
Policy/Extrinsic Value Estimate;14100000;3,922073;1776623729,645073
Policy/Extrinsic Value Estimate;14130000;3,763638;1776623749,944708
Policy/Extrinsic Value Estimate;14160000;3,682700;1776623771,471426
Policy/Extrinsic Value Estimate;14190000;3,856931;1776623793,931287
Policy/Extrinsic Value Estimate;14220000;3,769948;1776623804,272043
Policy/Extrinsic Value Estimate;14250000;3,951481;1776623827,932811
Policy/Extrinsic Value Estimate;14280000;3,951944;1776623851,280300
Policy/Extrinsic Value Estimate;14310000;3,813303;1776623872,472965
Policy/Extrinsic Value Estimate;14340000;3,919972;1776623884,038347
Policy/Extrinsic Value Estimate;14370000;3,818017;1776623905,842724
Policy/Extrinsic Value Estimate;14400000;3,880368;1776623925,409058
Policy/Extrinsic Value Estimate;14430000;3,972145;1776623934,305391
Policy/Extrinsic Value Estimate;14460000;4,109562;1776623956,663912
Policy/Extrinsic Value Estimate;14490000;4,215100;1776623978,037326
Policy/Extrinsic Value Estimate;14520000;4,024655;1776623999,179155
Policy/Extrinsic Value Estimate;14550000;4,216546;1776624014,138040
Policy/Extrinsic Value Estimate;14580000;4,338583;1776624039,880689
Policy/Extrinsic Value Estimate;14610000;4,131516;1776624062,824013
Policy/Extrinsic Value Estimate;14640000;4,059785;1776624084,461763
Policy/Extrinsic Value Estimate;14670000;4,065923;1776624095,933832
Policy/Extrinsic Value Estimate;14700000;4,038138;1776624118,569871
Policy/Extrinsic Value Estimate;14730000;3,964573;1776624139,272173
Policy/Extrinsic Value Estimate;14760000;3,875173;1776624147,481511
Policy/Extrinsic Value Estimate;14790000;3,817843;1776624171,358609
Policy/Extrinsic Value Estimate;14820000;4,049344;1776624194,186944
Policy/Extrinsic Value Estimate;14850000;3,974284;1776624216,904141
Policy/Extrinsic Value Estimate;14880000;3,922987;1776624228,091903
Policy/Extrinsic Value Estimate;14910000;4,064348;1776624250,595173
Policy/Extrinsic Value Estimate;14940000;3,953621;1776624268,477821
Policy/Extrinsic Value Estimate;14970000;3,850403;1776624289,556637
Policy/Extrinsic Value Estimate;15000000;3,731072;1776624306,490995
Policy/Extrinsic Value Estimate;15030000;4,030825;1776624333,062836
Policy/Extrinsic Value Estimate;15060000;3,958382;1776624354,614278
Policy/Extrinsic Value Estimate;15090000;3,867621;1776624373,783294
Policy/Extrinsic Value Estimate;15120000;3,622629;1776624381,438903
Policy/Extrinsic Value Estimate;15150000;3,485886;1776624399,220731
Policy/Extrinsic Value Estimate;15180000;3,476491;1776624418,768687
Policy/Extrinsic Value Estimate;15210000;4,206382;1776624436,028067
Policy/Extrinsic Value Estimate;15240000;4,368689;1776624463,453761
Policy/Extrinsic Value Estimate;15270000;4,207766;1776624485,288056
Policy/Extrinsic Value Estimate;15300000;4,273147;1776624505,609351
Policy/Extrinsic Value Estimate;15330000;3,987848;1776624514,461461
Policy/Extrinsic Value Estimate;15360000;4,103124;1776624537,267182
Policy/Extrinsic Value Estimate;15390000;4,107169;1776624561,313869
Policy/Extrinsic Value Estimate;15420000;4,115378;1776624584,099089
Policy/Extrinsic Value Estimate;15450000;4,122113;1776624598,550995
Policy/Extrinsic Value Estimate;15480000;3,971544;1776624618,817967
Policy/Extrinsic Value Estimate;15510000;3,886458;1776624637,583841
Policy/Extrinsic Value Estimate;15540000;3,883825;1776624645,349326
Policy/Extrinsic Value Estimate;15570000;3,745678;1776624666,937092
Policy/Extrinsic Value Estimate;15600000;3,953241;1776624695,241061
Policy/Extrinsic Value Estimate;15630000;4,381397;1776624716,930277
Policy/Extrinsic Value Estimate;15660000;4,265638;1776624725,359558
Policy/Extrinsic Value Estimate;15690000;4,263179;1776624744,122426
Policy/Extrinsic Value Estimate;15720000;4,030688;1776624767,099855
Policy/Extrinsic Value Estimate;15750000;4,354200;1776624796,896093
Policy/Extrinsic Value Estimate;15780000;4,174071;1776624808,200209
Policy/Extrinsic Value Estimate;15810000;4,016459;1776624827,745985
Policy/Extrinsic Value Estimate;15840000;3,859307;1776624848,048378
Policy/Extrinsic Value Estimate;15870000;3,744999;1776624857,969038
Policy/Extrinsic Value Estimate;15900000;3,788225;1776624880,943812
Policy/Extrinsic Value Estimate;15930000;4,022685;1776624906,646558
Policy/Extrinsic Value Estimate;15960000;4,214833;1776624928,769735
Policy/Extrinsic Value Estimate;15990000;4,241109;1776624938,597219
Policy/Extrinsic Value Estimate;16020000;4,116397;1776624958,865676
Policy/Extrinsic Value Estimate;16050000;4,376502;1776624979,111236
Policy/Extrinsic Value Estimate;16080000;4,326356;1776625002,260864
Policy/Extrinsic Value Estimate;16110000;4,167907;1776625019,901963
Policy/Extrinsic Value Estimate;16140000;4,073221;1776625044,383409
Policy/Extrinsic Value Estimate;16170000;4,107500;1776625066,287532
Policy/Extrinsic Value Estimate;16200000;4,092456;1776625085,425992
Policy/Extrinsic Value Estimate;16230000;3,882486;1776625093,098415
Policy/Extrinsic Value Estimate;16260000;3,761462;1776625110,570783
Policy/Extrinsic Value Estimate;16290000;4,008473;1776625131,632165
Policy/Extrinsic Value Estimate;16320000;4,375983;1776625150,215914
Policy/Extrinsic Value Estimate;16350000;4,297649;1776625173,860113
Policy/Extrinsic Value Estimate;16380000;4,116266;1776625195,696020
Policy/Extrinsic Value Estimate;16410000;3,967825;1776625217,522754
Policy/Extrinsic Value Estimate;16440000;3,792671;1776625230,871216
Policy/Extrinsic Value Estimate;16470000;3,798287;1776625253,516226
Policy/Extrinsic Value Estimate;16500000;4,127820;1776625277,133892
Policy/Extrinsic Value Estimate;16530000;3,988048;1776625296,436944
Policy/Extrinsic Value Estimate;16560000;3,902158;1776625304,658257
Policy/Extrinsic Value Estimate;16590000;3,799007;1776625322,435553
Policy/Extrinsic Value Estimate;16620000;3,834588;1776625343,050056
Policy/Extrinsic Value Estimate;16650000;4,175769;1776625362,771040
Policy/Extrinsic Value Estimate;16680000;4,102103;1776625385,986973
Policy/Extrinsic Value Estimate;16710000;4,030423;1776625408,533360
Policy/Extrinsic Value Estimate;16740000;3,835172;1776625429,479401
Policy/Extrinsic Value Estimate;16770000;3,820487;1776625439,271451
Policy/Extrinsic Value Estimate;16800000;3,930645;1776625459,172059
Policy/Extrinsic Value Estimate;16830000;3,896198;1776625481,244733
Policy/Extrinsic Value Estimate;16860000;3,996959;1776625503,790037
Policy/Extrinsic Value Estimate;16890000;4,156651;1776625515,168499
Policy/Extrinsic Value Estimate;16920000;4,181726;1776625537,452933
Policy/Extrinsic Value Estimate;16950000;4,212896;1776625560,777571
Policy/Extrinsic Value Estimate;16980000;4,488277;1776625576,562939
Policy/Extrinsic Value Estimate;17010000;4,365109;1776625597,266684
Policy/Extrinsic Value Estimate;17040000;4,221599;1776625617,167845
Policy/Extrinsic Value Estimate;17070000;3,951312;1776625637,162269
Policy/Extrinsic Value Estimate;17100000;3,863086;1776625648,186933
Policy/Extrinsic Value Estimate;17130000;4,086744;1776625672,424887
Policy/Extrinsic Value Estimate;17160000;4,211710;1776625696,915074
Policy/Extrinsic Value Estimate;17190000;4,175257;1776625721,704568
Policy/Extrinsic Value Estimate;17220000;3,951480;1776625731,606675
Policy/Extrinsic Value Estimate;17250000;4,108796;1776625753,411075
Policy/Extrinsic Value Estimate;17280000;3,858977;1776625775,166848
Policy/Extrinsic Value Estimate;17310000;4,014484;1776625795,295841
Policy/Extrinsic Value Estimate;17340000;4,190695;1776625805,587984
Policy/Extrinsic Value Estimate;17370000;3,899716;1776625823,114338
Policy/Extrinsic Value Estimate;17400000;3,915144;1776625846,307230
Policy/Extrinsic Value Estimate;17430000;4,259264;1776625860,982507
Policy/Extrinsic Value Estimate;17460000;4,329504;1776625885,031248
Policy/Extrinsic Value Estimate;17490000;4,265927;1776625905,492096
Policy/Extrinsic Value Estimate;17520000;4,100252;1776625926,205489
Policy/Extrinsic Value Estimate;17550000;4,207859;1776625939,637989
Policy/Extrinsic Value Estimate;17580000;4,266172;1776625966,029717
Policy/Extrinsic Value Estimate;17610000;3,927093;1776625990,451195
Policy/Extrinsic Value Estimate;17640000;3,870754;1776626013,536610
Policy/Extrinsic Value Estimate;17670000;3,893121;1776626024,365523
Policy/Extrinsic Value Estimate;17700000;3,655324;1776626042,425494
Policy/Extrinsic Value Estimate;17730000;3,489824;1776626060,103001
Policy/Extrinsic Value Estimate;17760000;3,433972;1776626068,064695
Policy/Extrinsic Value Estimate;17790000;3,595137;1776626088,679408
Policy/Extrinsic Value Estimate;17820000;4,151573;1776626117,511839
Policy/Extrinsic Value Estimate;17850000;4,058142;1776626139,896230
Policy/Extrinsic Value Estimate;17880000;4,223852;1776626152,280916
Policy/Extrinsic Value Estimate;17910000;4,176038;1776626173,047597
Policy/Extrinsic Value Estimate;17940000;4,090307;1776626191,209033
Policy/Extrinsic Value Estimate;17970000;4,015478;1776626211,415820
Policy/Extrinsic Value Estimate;18000000;4,009931;1776626226,775777
Policy/Extrinsic Value Estimate;18030000;4,192478;1776626252,000224
Policy/Extrinsic Value Estimate;18060000;4,268347;1776626274,415977
Policy/Extrinsic Value Estimate;18090000;4,210900;1776626285,845889
Policy/Extrinsic Value Estimate;18120000;3,976277;1776626306,659761
Policy/Extrinsic Value Estimate;18150000;4,002496;1776626328,981087
Policy/Extrinsic Value Estimate;18180000;4,022201;1776626350,083582
Policy/Extrinsic Value Estimate;18210000;4,179926;1776626362,781191
Policy/Extrinsic Value Estimate;18240000;4,219162;1776626384,945270
Policy/Extrinsic Value Estimate;18270000;4,266811;1776626405,155936
Policy/Extrinsic Value Estimate;18300000;4,259561;1776626425,381758
Policy/Extrinsic Value Estimate;18330000;4,137038;1776626434,990590
Policy/Extrinsic Value Estimate;18360000;4,084356;1776626461,112421
Policy/Extrinsic Value Estimate;18390000;4,262169;1776626488,149603
Policy/Extrinsic Value Estimate;18420000;4,195015;1776626498,377134
Policy/Extrinsic Value Estimate;18450000;3,972903;1776626519,730199
Policy/Extrinsic Value Estimate;18480000;3,767288;1776626540,582483
Policy/Extrinsic Value Estimate;18510000;3,743040;1776626559,929116
Policy/Extrinsic Value Estimate;18540000;3,813556;1776626568,813037
Policy/Extrinsic Value Estimate;18570000;4,014585;1776626590,626498
Policy/Extrinsic Value Estimate;18600000;4,180513;1776626615,874042
Policy/Extrinsic Value Estimate;18630000;4,027662;1776626642,846047
Policy/Extrinsic Value Estimate;18660000;3,764378;1776626652,878912
Policy/Extrinsic Value Estimate;18690000;3,859654;1776626671,962330
Policy/Extrinsic Value Estimate;18720000;3,875139;1776626691,837591
Policy/Extrinsic Value Estimate;18750000;3,854699;1776626713,757041
Policy/Extrinsic Value Estimate;18780000;3,851041;1776626729,773736
Policy/Extrinsic Value Estimate;18810000;4,306069;1776626757,677140
Policy/Extrinsic Value Estimate;18840000;4,181985;1776626778,558153
Policy/Extrinsic Value Estimate;18870000;4,005576;1776626786,701589
Policy/Extrinsic Value Estimate;18900000;3,905912;1776626805,216823
Policy/Extrinsic Value Estimate;18930000;3,656459;1776626824,018801
Policy/Extrinsic Value Estimate;18960000;3,566926;1776626847,268929
Policy/Extrinsic Value Estimate;18990000;3,878794;1776626862,294175
Policy/Extrinsic Value Estimate;19020000;4,341964;1776626886,109313
Policy/Extrinsic Value Estimate;19050000;4,312866;1776626906,447043
Policy/Extrinsic Value Estimate;19080000;4,104249;1776626925,700724
Policy/Extrinsic Value Estimate;19110000;3,937657;1776626932,946892
Policy/Extrinsic Value Estimate;19140000;3,841592;1776626954,622360
Policy/Extrinsic Value Estimate;19170000;4,415329;1776626991,230935
Policy/Extrinsic Value Estimate;19200000;4,230931;1776627005,195888
Policy/Extrinsic Value Estimate;19230000;4,027092;1776627025,011654
Policy/Extrinsic Value Estimate;19260000;3,995626;1776627044,850766
Policy/Extrinsic Value Estimate;19290000;3,845885;1776627063,071582
Policy/Extrinsic Value Estimate;19320000;3,833507;1776627074,835176
Policy/Extrinsic Value Estimate;19350000;3,992218;1776627099,280477
Policy/Extrinsic Value Estimate;19380000;4,293451;1776627122,087481
Policy/Extrinsic Value Estimate;19410000;4,194279;1776627142,859376
Policy/Extrinsic Value Estimate;19440000;4,090133;1776627151,511899
Policy/Extrinsic Value Estimate;19470000;4,028137;1776627172,076460
Policy/Extrinsic Value Estimate;19500000;4,252606;1776627196,085238
Policy/Extrinsic Value Estimate;19530000;4,262932;1776627207,622356
Policy/Extrinsic Value Estimate;19560000;4,112325;1776627230,647047
Policy/Extrinsic Value Estimate;19590000;4,329690;1776627253,140182
Policy/Extrinsic Value Estimate;19620000;4,126931;1776627274,404849
Policy/Extrinsic Value Estimate;19650000;3,968102;1776627289,617307
Policy/Extrinsic Value Estimate;19680000;3,955062;1776627313,527421
Policy/Extrinsic Value Estimate;19710000;4,015180;1776627336,161730
Policy/Extrinsic Value Estimate;19740000;3,978177;1776627357,284068
Policy/Extrinsic Value Estimate;19770000;3,862120;1776627364,702912
Policy/Extrinsic Value Estimate;19800000;3,713173;1776627382,759961
Policy/Extrinsic Value Estimate;19830000;3,951853;1776627401,510297
Policy/Extrinsic Value Estimate;19860000;4,105084;1776627424,924084
Policy/Extrinsic Value Estimate;19890000;4,374087;1776627440,938006
Policy/Extrinsic Value Estimate;19920000;4,305089;1776627463,010903
Policy/Extrinsic Value Estimate;19950000;3,989998;1776627484,403366
Policy/Extrinsic Value Estimate;19980000;3,931448;1776627495,174383
Policy/Learning Rate;60000;0,000299;1776614647,577482
Policy/Learning Rate;90000;0,000299;1776614680,680980
Policy/Learning Rate;150000;0,000298;1776614738,551845
Policy/Learning Rate;180000;0,000298;1776614768,593388
Policy/Learning Rate;210000;0,000297;1776614786,090004
Policy/Learning Rate;270000;0,000296;1776614822,111531
Policy/Learning Rate;300000;0,000296;1776614850,462687
Policy/Learning Rate;330000;0,000295;1776614872,569159
Policy/Learning Rate;390000;0,000294;1776614900,418546
Policy/Learning Rate;420000;0,000294;1776614947,515218
Policy/Learning Rate;480000;0,000293;1776614989,411137
Policy/Learning Rate;510000;0,000293;1776615013,367300
Policy/Learning Rate;540000;0,000292;1776615032,598563
Policy/Learning Rate;600000;0,000291;1776615055,310691
Policy/Learning Rate;630000;0,000291;1776615073,220989
Policy/Learning Rate;690000;0,000290;1776615094,856409
Policy/Learning Rate;720000;0,000289;1776615117,139176
Policy/Learning Rate;780000;0,000289;1776615159,748305
Policy/Learning Rate;810000;0,000288;1776615179,534382
Policy/Learning Rate;840000;0,000287;1776615195,950693
Policy/Learning Rate;900000;0,000287;1776615233,937852
Policy/Learning Rate;930000;0,000286;1776615254,647082
Policy/Learning Rate;990000;0,000286;1776615281,175069
Policy/Learning Rate;1020000;0,000285;1776615304,155077
Policy/Learning Rate;1050000;0,000284;1776615325,315032
Policy/Learning Rate;1110000;0,000284;1776615359,520146
Policy/Learning Rate;1140000;0,000283;1776615380,768572
Policy/Learning Rate;1200000;0,000282;1776615416,917828
Policy/Learning Rate;1230000;0,000282;1776615436,335924
Policy/Learning Rate;1260000;0,000281;1776615456,735779
Policy/Learning Rate;1320000;0,000281;1776615482,649567
Policy/Learning Rate;1350000;0,000280;1776615505,686806
Policy/Learning Rate;1410000;0,000279;1776615543,870531
Policy/Learning Rate;1440000;0,000279;1776615572,825779
Policy/Learning Rate;1470000;0,000278;1776615594,730271
Policy/Learning Rate;1530000;0,000277;1776615621,542229
Policy/Learning Rate;1560000;0,000277;1776615638,791915
Policy/Learning Rate;1590000;0,000276;1776615660,898288
Policy/Learning Rate;1650000;0,000275;1776615690,369982
Policy/Learning Rate;1680000;0,000275;1776615718,100752
Policy/Learning Rate;1740000;0,000274;1776615754,164037
Policy/Learning Rate;1770000;0,000274;1776615778,099513
Policy/Learning Rate;1830000;0,000273;1776615809,537224
Policy/Learning Rate;1860000;0,000272;1776615828,419533
Policy/Learning Rate;1890000;0,000272;1776615856,471785
Policy/Learning Rate;1950000;0,000271;1776615902,778570
Policy/Learning Rate;1980000;0,000271;1776615925,939563
Policy/Learning Rate;2010000;0,000270;1776615946,293893
Policy/Learning Rate;2070000;0,000269;1776615973,194904
Policy/Learning Rate;2100000;0,000269;1776615994,316106
Policy/Learning Rate;2160000;0,000268;1776616021,709907
Policy/Learning Rate;2190000;0,000267;1776616043,940589
Policy/Learning Rate;2220000;0,000267;1776616068,669917
Policy/Learning Rate;2280000;0,000266;1776616112,067242
Policy/Learning Rate;2310000;0,000266;1776616139,626736
Policy/Learning Rate;2340000;0,000265;1776616163,554203
Policy/Learning Rate;2400000;0,000264;1776616195,048779
Policy/Learning Rate;2430000;0,000264;1776616222,891726
Policy/Learning Rate;2460000;0,000263;1776616253,316728
Policy/Learning Rate;2520000;0,000262;1776616296,260950
Policy/Learning Rate;2550000;0,000262;1776616322,594443
Policy/Learning Rate;2610000;0,000261;1776616358,053965
Policy/Learning Rate;2640000;0,000261;1776616381,219510
Policy/Learning Rate;2670000;0,000260;1776616403,759628
Policy/Learning Rate;2730000;0,000259;1776616432,963059
Policy/Learning Rate;2760000;0,000259;1776616455,938326
Policy/Learning Rate;2790000;0,000258;1776616480,561283
Policy/Learning Rate;2850000;0,000258;1776616511,210793
Policy/Learning Rate;2880000;0,000257;1776616530,522298
Policy/Learning Rate;2940000;0,000256;1776616561,129545
Policy/Learning Rate;2970000;0,000256;1776616583,563921
Policy/Learning Rate;3000000;0,000255;1776616607,268417
Policy/Learning Rate;3060000;0,000254;1776616641,412894
Policy/Learning Rate;3090000;0,000254;1776616665,072560
Policy/Learning Rate;3120000;0,000253;1776616690,940001
Policy/Learning Rate;3180000;0,000253;1776616728,934362
Policy/Learning Rate;3210000;0,000252;1776616753,162124
Policy/Learning Rate;3270000;0,000251;1776616793,771917
Policy/Learning Rate;3300000;0,000251;1776616822,509692
Policy/Learning Rate;3330000;0,000250;1776616848,529862
Policy/Learning Rate;3390000;0,000250;1776616878,976580
Policy/Learning Rate;3420000;0,000249;1776616900,331222
Policy/Learning Rate;3450000;0,000248;1776616926,028441
Policy/Learning Rate;3510000;0,000248;1776616965,678926
Policy/Learning Rate;3540000;0,000247;1776616990,042135
Policy/Learning Rate;3600000;0,000246;1776617024,298102
Policy/Learning Rate;3630000;0,000246;1776617043,291517
Policy/Learning Rate;3660000;0,000245;1776617061,374853
Policy/Learning Rate;3720000;0,000245;1776617089,646948
Policy/Learning Rate;3750000;0,000244;1776617110,643254
Policy/Learning Rate;3780000;0,000243;1776617134,039098
Policy/Learning Rate;3840000;0,000243;1776617170,920050
Policy/Learning Rate;3870000;0,000242;1776617195,558609
Policy/Learning Rate;3900000;0,000242;1776617218,553029
Policy/Learning Rate;3960000;0,000241;1776617248,415811
Policy/Learning Rate;3990000;0,000240;1776617267,828593
Policy/Learning Rate;4050000;0,000240;1776617301,432270
Policy/Learning Rate;4080000;0,000239;1776617325,516827
Policy/Learning Rate;4110000;0,000238;1776617347,400581
Policy/Learning Rate;4170000;0,000238;1776617379,090444
Policy/Learning Rate;4200000;0,000237;1776617401,300854
Policy/Learning Rate;4230000;0,000237;1776617421,487220
Policy/Learning Rate;4290000;0,000236;1776617455,239096
Policy/Learning Rate;4320000;0,000235;1776617478,655604
Policy/Learning Rate;4380000;0,000235;1776617509,219133
Policy/Learning Rate;4410000;0,000234;1776617528,961832
Policy/Learning Rate;4440000;0,000233;1776617548,739041
Policy/Learning Rate;4500000;0,000233;1776617582,266164
Policy/Learning Rate;4530000;0,000232;1776617607,397113
Policy/Learning Rate;4560000;0,000232;1776617635,072377
Policy/Learning Rate;4620000;0,000231;1776617670,209086
Policy/Learning Rate;4650000;0,000230;1776617690,239210
Policy/Learning Rate;4710000;0,000230;1776617719,211361
Policy/Learning Rate;4740000;0,000229;1776617739,055170
Policy/Learning Rate;4770000;0,000229;1776617761,053931
Policy/Learning Rate;4830000;0,000228;1776617794,068013
Policy/Learning Rate;4860000;0,000227;1776617815,423335
Policy/Learning Rate;4890000;0,000227;1776617836,908334
Policy/Learning Rate;4950000;0,000226;1776617873,682828
Policy/Learning Rate;4980000;0,000225;1776617895,965183
Policy/Learning Rate;5010000;0,000225;1776617917,678002
Policy/Learning Rate;5070000;0,000224;1776617949,418977
Policy/Learning Rate;5100000;0,000224;1776617972,560553
Policy/Learning Rate;5160000;0,000223;1776618003,151855
Policy/Learning Rate;5190000;0,000222;1776618022,788865
Policy/Learning Rate;5220000;0,000222;1776618043,022542
Policy/Learning Rate;5280000;0,000221;1776618084,095738
Policy/Learning Rate;5310000;0,000221;1776618105,998607
Policy/Learning Rate;5340000;0,000220;1776618126,426335
Policy/Learning Rate;5400000;0,000219;1776618157,765845
Policy/Learning Rate;5430000;0,000219;1776618181,558467
Policy/Learning Rate;5490000;0,000218;1776618216,871185
Policy/Learning Rate;5520000;0,000217;1776618239,579391
Policy/Learning Rate;5550000;0,000217;1776618258,918455
Policy/Learning Rate;5610000;0,000216;1776618297,854133
Policy/Learning Rate;5640000;0,000216;1776618321,733778
Policy/Learning Rate;5670000;0,000215;1776618341,993179
Policy/Learning Rate;5730000;0,000214;1776618368,465961
Policy/Learning Rate;5760000;0,000214;1776618387,364737
Policy/Learning Rate;5820000;0,000213;1776618423,801670
Policy/Learning Rate;5850000;0,000213;1776618445,828754
Policy/Learning Rate;5880000;0,000212;1776618467,765016
Policy/Learning Rate;5940000;0,000211;1776618507,426730
Policy/Learning Rate;5970000;0,000211;1776618529,782671
Policy/Learning Rate;6000000;0,000210;1776618552,753317
Policy/Learning Rate;6060000;0,000209;1776618582,653462
Policy/Learning Rate;6090000;0,000209;1776618600,919046
Policy/Learning Rate;6120000;0,000208;1776618619,741571
Policy/Learning Rate;6180000;0,000208;1776618652,025190
Policy/Learning Rate;6210000;0,000207;1776618673,616874
Policy/Learning Rate;6270000;0,000206;1776618711,498898
Policy/Learning Rate;6300000;0,000206;1776618733,341341
Policy/Learning Rate;6330000;0,000205;1776618754,861020
Policy/Learning Rate;6390000;0,000205;1776618784,169829
Policy/Learning Rate;6420000;0,000204;1776618803,540427
Policy/Learning Rate;6450000;0,000203;1776618824,088057
Policy/Learning Rate;6510000;0,000203;1776618863,764755
Policy/Learning Rate;6540000;0,000202;1776618887,755977
Policy/Learning Rate;6600000;0,000201;1776618918,868994
Policy/Learning Rate;6630000;0,000201;1776618940,215672
Policy/Learning Rate;6660000;0,000200;1776618961,817552
Policy/Learning Rate;6720000;0,000200;1776618992,524280
Policy/Learning Rate;6750000;0,000199;1776619013,182419
Policy/Learning Rate;6780000;0,000198;1776619034,010114
Policy/Learning Rate;6840000;0,000198;1776619071,377359
Policy/Learning Rate;6870000;0,000197;1776619095,574866
Policy/Learning Rate;6930000;0,000196;1776619128,337558
Policy/Learning Rate;6960000;0,000196;1776619150,708643
Policy/Learning Rate;6990000;0,000195;1776619171,450453
Policy/Learning Rate;7050000;0,000195;1776619202,725503
Policy/Learning Rate;7080000;0,000194;1776619229,731000
Policy/Learning Rate;7110000;0,000193;1776619255,191581
Policy/Learning Rate;7170000;0,000193;1776619288,403861
Policy/Learning Rate;7200000;0,000192;1776619309,402245
Policy/Learning Rate;7260000;0,000192;1776619338,878055
Policy/Learning Rate;7290000;0,000191;1776619358,912015
Policy/Learning Rate;7320000;0,000190;1776619380,752301
Policy/Learning Rate;7380000;0,000190;1776619415,401157
Policy/Learning Rate;7410000;0,000189;1776619439,100860
Policy/Learning Rate;7440000;0,000188;1776619461,013545
Policy/Learning Rate;7500000;0,000188;1776619492,895653
Policy/Learning Rate;7530000;0,000187;1776619510,911740
Policy/Learning Rate;7560000;0,000187;1776619530,255874
Policy/Learning Rate;7620000;0,000186;1776619568,591697
Policy/Learning Rate;7650000;0,000185;1776619589,854462
Policy/Learning Rate;7710000;0,000185;1776619616,118947
Policy/Learning Rate;7740000;0,000184;1776619641,592922
Policy/Learning Rate;7770000;0,000184;1776619670,675763
Policy/Learning Rate;7830000;0,000183;1776619702,784920
Policy/Learning Rate;7860000;0,000182;1776619723,613658
Policy/Learning Rate;7890000;0,000182;1776619745,788990
Policy/Learning Rate;7950000;0,000181;1776619782,389491
Policy/Learning Rate;7980000;0,000180;1776619803,633462
Policy/Learning Rate;8040000;0,000180;1776619830,786068
Policy/Learning Rate;8070000;0,000179;1776619850,422272
Policy/Learning Rate;8100000;0,000179;1776619873,551183
Policy/Learning Rate;8160000;0,000178;1776619914,381783
Policy/Learning Rate;8190000;0,000177;1776619933,863353
Policy/Learning Rate;8220000;0,000177;1776619951,675970
Policy/Learning Rate;8280000;0,000176;1776619984,880718
Policy/Learning Rate;8310000;0,000176;1776620014,119938
Policy/Learning Rate;8370000;0,000175;1776620047,283716
Policy/Learning Rate;8400000;0,000174;1776620066,390712
Policy/Learning Rate;8430000;0,000174;1776620084,867915
Policy/Learning Rate;8490000;0,000173;1776620124,395020
Policy/Learning Rate;8520000;0,000172;1776620146,312319
Policy/Learning Rate;8550000;0,000172;1776620166,389739
Policy/Learning Rate;8610000;0,000171;1776620201,846433
Policy/Learning Rate;8640000;0,000171;1776620225,186953
Policy/Learning Rate;8700000;0,000170;1776620258,584099
Policy/Learning Rate;8730000;0,000169;1776620278,637830
Policy/Learning Rate;8760000;0,000169;1776620297,806987
Policy/Learning Rate;8820000;0,000168;1776620331,304242
Policy/Learning Rate;8850000;0,000167;1776620358,420995
Policy/Learning Rate;8880000;0,000167;1776620381,527001
Policy/Learning Rate;8940000;0,000166;1776620408,930522
Policy/Learning Rate;8970000;0,000166;1776620426,796537
Policy/Learning Rate;9000000;0,000165;1776620448,523953
Policy/Learning Rate;9060000;0,000164;1776620483,813272
Policy/Learning Rate;9090000;0,000164;1776620505,570158
Policy/Learning Rate;9150000;0,000163;1776620540,584296
Policy/Learning Rate;9180000;0,000163;1776620565,563109
Policy/Learning Rate;9210000;0,000162;1776620592,809543
Policy/Learning Rate;9270000;0,000161;1776620623,654988
Policy/Learning Rate;9300000;0,000161;1776620642,430708
Policy/Learning Rate;9330000;0,000160;1776620660,703214
Policy/Learning Rate;9390000;0,000159;1776620693,858773
Policy/Learning Rate;9420000;0,000159;1776620715,000964
Policy/Learning Rate;9480000;0,000158;1776620748,495039
Policy/Learning Rate;9510000;0,000158;1776620772,118473
Policy/Learning Rate;9540000;0,000157;1776620796,108792
Policy/Learning Rate;9600000;0,000156;1776620829,654836
Policy/Learning Rate;9630000;0,000156;1776620850,949141
Policy/Learning Rate;9660000;0,000155;1776620871,569269
Policy/Learning Rate;9720000;0,000155;1776620906,862906
Policy/Learning Rate;9750000;0,000154;1776620930,292557
Policy/Learning Rate;9810000;0,000153;1776620961,973271
Policy/Learning Rate;9840000;0,000153;1776620982,605868
Policy/Learning Rate;9870000;0,000152;1776621002,647816
Policy/Learning Rate;9930000;0,000151;1776621039,125413
Policy/Learning Rate;9960000;0,000151;1776621064,585685
Policy/Learning Rate;9990000;0,000150;1776621088,530869
Policy/Learning Rate;10050000;0,000150;1776621119,095782
Policy/Learning Rate;10080000;0,000149;1776621137,284527
Policy/Learning Rate;10140000;0,000148;1776621163,278614
Policy/Learning Rate;10170000;0,000148;1776621184,375936
Policy/Learning Rate;10200000;0,000147;1776621214,792519
Policy/Learning Rate;10260000;0,000147;1776621255,785934
Policy/Learning Rate;10290000;0,000146;1776621280,553728
Policy/Learning Rate;10320000;0,000145;1776621306,433704
Policy/Learning Rate;10380000;0,000145;1776621349,120672
Policy/Learning Rate;10410000;0,000144;1776621375,109180
Policy/Learning Rate;10440000;0,000143;1776621399,372849
Policy/Learning Rate;10500000;0,000143;1776621430,364290
Policy/Learning Rate;10530000;0,000142;1776621454,997138
Policy/Learning Rate;10590000;0,000142;1776621490,386731
Policy/Learning Rate;10620000;0,000141;1776621510,219247
Policy/Learning Rate;10650000;0,000140;1776621531,813093
Policy/Learning Rate;10710000;0,000140;1776621562,823211
Policy/Learning Rate;10740000;0,000139;1776621584,709210
Policy/Learning Rate;10770000;0,000138;1776621606,507704
Policy/Learning Rate;10830000;0,000138;1776621641,269145
Policy/Learning Rate;10860000;0,000137;1776621668,259268
Policy/Learning Rate;10920000;0,000137;1776621699,543053
Policy/Learning Rate;10950000;0,000136;1776621719,917727
Policy/Learning Rate;10980000;0,000135;1776621740,658990
Policy/Learning Rate;11040000;0,000135;1776621775,733734
Policy/Learning Rate;11070000;0,000134;1776621799,235167
Policy/Learning Rate;11100000;0,000134;1776621819,873323
Policy/Learning Rate;11160000;0,000133;1776621847,437346
Policy/Learning Rate;11190000;0,000132;1776621871,305058
Policy/Learning Rate;11250000;0,000132;1776621915,347985
Policy/Learning Rate;11280000;0,000131;1776621938,347553
Policy/Learning Rate;11310000;0,000130;1776621960,387083
Policy/Learning Rate;11370000;0,000130;1776621987,508245
Policy/Learning Rate;11400000;0,000129;1776622005,932898
Policy/Learning Rate;11430000;0,000129;1776622026,149878
Policy/Learning Rate;11490000;0,000128;1776622064,301551
Policy/Learning Rate;11520000;0,000127;1776622088,937350
Policy/Learning Rate;11550000;0,000127;1776622109,548879
Policy/Learning Rate;11610000;0,000126;1776622134,726030
Policy/Learning Rate;11640000;0,000126;1776622157,716866
Policy/Learning Rate;11700000;0,000125;1776622198,863926
Policy/Learning Rate;11730000;0,000124;1776622218,849277
Policy/Learning Rate;11760000;0,000124;1776622238,136377
Policy/Learning Rate;11820000;0,000123;1776622273,829221
Policy/Learning Rate;11850000;0,000122;1776622296,082930
Policy/Learning Rate;11880000;0,000122;1776622316,247679
Policy/Learning Rate;11940000;0,000121;1776622351,964862
Policy/Learning Rate;11970000;0,000121;1776622379,610425
Policy/Learning Rate;12030000;0,000120;1776622412,130131
Policy/Learning Rate;12060000;0,000119;1776622429,998352
Policy/Learning Rate;12090000;0,000119;1776622447,209486
Policy/Learning Rate;12150000;0,000118;1776622473,880494
Policy/Learning Rate;12180000;0,000117;1776622508,387843
Policy/Learning Rate;12210000;0,000117;1776622532,170385
Policy/Learning Rate;12270000;0,000116;1776622559,876154
Policy/Learning Rate;12300000;0,000116;1776622579,809025
Policy/Learning Rate;12360000;0,000115;1776622614,887147
Policy/Learning Rate;12390000;0,000114;1776622637,994088
Policy/Learning Rate;12420000;0,000114;1776622659,439214
Policy/Learning Rate;12480000;0,000113;1776622689,513196
Policy/Learning Rate;12510000;0,000113;1776622708,796257
Policy/Learning Rate;12540000;0,000112;1776622736,107653
Policy/Learning Rate;12600000;0,000111;1776622775,500227
Policy/Learning Rate;12630000;0,000111;1776622795,820185
Policy/Learning Rate;12690000;0,000110;1776622821,045234
Policy/Learning Rate;12720000;0,000109;1776622840,449591
Policy/Learning Rate;12750000;0,000109;1776622862,906826
Policy/Learning Rate;12810000;0,000108;1776622901,938821
Policy/Learning Rate;12840000;0,000108;1776622923,978566
Policy/Learning Rate;12870000;0,000107;1776622943,951768
Policy/Learning Rate;12930000;0,000106;1776622979,240207
Policy/Learning Rate;12960000;0,000106;1776623002,655811
Policy/Learning Rate;13020000;0,000105;1776623036,290853
Policy/Learning Rate;13050000;0,000105;1776623057,656647
Policy/Learning Rate;13080000;0,000104;1776623082,927395
Policy/Learning Rate;13140000;0,000103;1776623118,224780
Policy/Learning Rate;13170000;0,000103;1776623137,784267
Policy/Learning Rate;13200000;0,000102;1776623156,631838
Policy/Learning Rate;13260000;0,000101;1776623195,413083
Policy/Learning Rate;13290000;0,000101;1776623220,260840
Policy/Learning Rate;13350000;0,000100;1776623253,310813
Policy/Learning Rate;13380000;0,000100;1776623272,401843
Policy/Learning Rate;13410000;0,000099;1776623291,785361
Policy/Learning Rate;13470000;0,000098;1776623328,685186
Policy/Learning Rate;13500000;0,000098;1776623358,437979
Policy/Learning Rate;13530000;0,000097;1776623381,935367
Policy/Learning Rate;13590000;0,000096;1776623410,744241
Policy/Learning Rate;13620000;0,000096;1776623428,657332
Policy/Learning Rate;13680000;0,000095;1776623456,611862
Policy/Learning Rate;13710000;0,000095;1776623476,081513
Policy/Learning Rate;13740000;0,000094;1776623497,913601
Policy/Learning Rate;13800000;0,000093;1776623537,499668
Policy/Learning Rate;13830000;0,000093;1776623559,201131
Policy/Learning Rate;13860000;0,000092;1776623578,801918
Policy/Learning Rate;13920000;0,000092;1776623607,941404
Policy/Learning Rate;13950000;0,000091;1776623633,554847
Policy/Learning Rate;13980000;0,000090;1776623660,930051
Policy/Learning Rate;14040000;0,000090;1776623696,002480
Policy/Learning Rate;14070000;0,000089;1776623717,784097
Policy/Learning Rate;14130000;0,000088;1776623749,956286
Policy/Learning Rate;14160000;0,000088;1776623771,483994
Policy/Learning Rate;14190000;0,000087;1776623793,943619
Policy/Learning Rate;14250000;0,000087;1776623827,945871
Policy/Learning Rate;14280000;0,000086;1776623851,295343
Policy/Learning Rate;14310000;0,000085;1776623872,483804
Policy/Learning Rate;14370000;0,000085;1776623905,854780
Policy/Learning Rate;14400000;0,000084;1776623925,421092
Policy/Learning Rate;14460000;0,000084;1776623956,676443
Policy/Learning Rate;14490000;0,000083;1776623978,048843
Policy/Learning Rate;14520000;0,000082;1776623999,191406
Policy/Learning Rate;14580000;0,000082;1776624039,895955
Policy/Learning Rate;14610000;0,000081;1776624062,839068
Policy/Learning Rate;14640000;0,000080;1776624084,472364
Policy/Learning Rate;14700000;0,000080;1776624118,584441
Policy/Learning Rate;14730000;0,000079;1776624139,284716
Policy/Learning Rate;14790000;0,000079;1776624171,364146
Policy/Learning Rate;14820000;0,000078;1776624194,203102
Policy/Learning Rate;14850000;0,000077;1776624216,918215
Policy/Learning Rate;14910000;0,000077;1776624250,608220
Policy/Learning Rate;14940000;0,000076;1776624268,488956
Policy/Learning Rate;14970000;0,000076;1776624289,569649
Policy/Learning Rate;15030000;0,000075;1776624333,080894
Policy/Learning Rate;15060000;0,000074;1776624354,627316
Policy/Learning Rate;15090000;0,000074;1776624373,792320
Policy/Learning Rate;15150000;0,000073;1776624399,231772
Policy/Learning Rate;15180000;0,000072;1776624418,778719
Policy/Learning Rate;15240000;0,000072;1776624463,469360
Policy/Learning Rate;15270000;0,000071;1776624485,299599
Policy/Learning Rate;15300000;0,000071;1776624505,618900
Policy/Learning Rate;15360000;0,000070;1776624537,282547
Policy/Learning Rate;15390000;0,000069;1776624561,325908
Policy/Learning Rate;15420000;0,000069;1776624584,113131
Policy/Learning Rate;15480000;0,000068;1776624618,828517
Policy/Learning Rate;15510000;0,000067;1776624637,593435
Policy/Learning Rate;15570000;0,000067;1776624666,951171
Policy/Learning Rate;15600000;0,000066;1776624695,259423
Policy/Learning Rate;15630000;0,000066;1776624716,944847
Policy/Learning Rate;15690000;0,000065;1776624744,137994
Policy/Learning Rate;15720000;0,000064;1776624767,113430
Policy/Learning Rate;15750000;0,000064;1776624796,915653
Policy/Learning Rate;15810000;0,000063;1776624827,756037
Policy/Learning Rate;15840000;0,000063;1776624848,058962
Policy/Learning Rate;15900000;0,000062;1776624880,947327
Policy/Learning Rate;15930000;0,000061;1776624906,659146
Policy/Learning Rate;15960000;0,000061;1776624928,782162
Policy/Learning Rate;16020000;0,000060;1776624958,876799
Policy/Learning Rate;16050000;0,000059;1776624979,122294
Policy/Learning Rate;16080000;0,000059;1776625002,273466
Policy/Learning Rate;16140000;0,000058;1776625044,395963
Policy/Learning Rate;16170000;0,000058;1776625066,301851
Policy/Learning Rate;16200000;0,000057;1776625085,438138
Policy/Learning Rate;16260000;0,000056;1776625110,583867
Policy/Learning Rate;16290000;0,000056;1776625131,641842
Policy/Learning Rate;16350000;0,000055;1776625173,871976
Policy/Learning Rate;16380000;0,000055;1776625195,710564
Policy/Learning Rate;16410000;0,000054;1776625217,536275
Policy/Learning Rate;16470000;0,000053;1776625253,532315
Policy/Learning Rate;16500000;0,000053;1776625277,149934
Policy/Learning Rate;16530000;0,000052;1776625296,448491
Policy/Learning Rate;16590000;0,000051;1776625322,448183
Policy/Learning Rate;16620000;0,000051;1776625343,060059
Policy/Learning Rate;16680000;0,000050;1776625385,998016
Policy/Learning Rate;16710000;0,000050;1776625408,547941
Policy/Learning Rate;16740000;0,000049;1776625429,496470
Policy/Learning Rate;16800000;0,000048;1776625459,180618
Policy/Learning Rate;16830000;0,000048;1776625481,257507
Policy/Learning Rate;16860000;0,000047;1776625503,803094
Policy/Learning Rate;16920000;0,000047;1776625537,468037
Policy/Learning Rate;16950000;0,000046;1776625560,792127
Policy/Learning Rate;17010000;0,000045;1776625597,272241
Policy/Learning Rate;17040000;0,000045;1776625617,178421
Policy/Learning Rate;17070000;0,000044;1776625637,171300
Policy/Learning Rate;17130000;0,000043;1776625672,440033
Policy/Learning Rate;17160000;0,000043;1776625696,928263
Policy/Learning Rate;17190000;0,000042;1776625721,721154
Policy/Learning Rate;17250000;0,000042;1776625753,424618
Policy/Learning Rate;17280000;0,000041;1776625775,180515
Policy/Learning Rate;17310000;0,000040;1776625795,307789
Policy/Learning Rate;17370000;0,000040;1776625823,122398
Policy/Learning Rate;17400000;0,000039;1776625846,318872
Policy/Learning Rate;17460000;0,000039;1776625885,046826
Policy/Learning Rate;17490000;0,000038;1776625905,503021
Policy/Learning Rate;17520000;0,000037;1776625926,215037
Policy/Learning Rate;17580000;0,000037;1776625966,044613
Policy/Learning Rate;17610000;0,000036;1776625990,464235
Policy/Learning Rate;17640000;0,000035;1776626013,555077
Policy/Learning Rate;17700000;0,000035;1776626042,437058
Policy/Learning Rate;17730000;0,000034;1776626060,114256
Policy/Learning Rate;17790000;0,000034;1776626088,693453
Policy/Learning Rate;17820000;0,000033;1776626117,530813
Policy/Learning Rate;17850000;0,000032;1776626139,908267
Policy/Learning Rate;17910000;0,000032;1776626173,060136
Policy/Learning Rate;17940000;0,000031;1776626191,220149
Policy/Learning Rate;17970000;0,000030;1776626211,427375
Policy/Learning Rate;18030000;0,000030;1776626252,015286
Policy/Learning Rate;18060000;0,000029;1776626274,427472
Policy/Learning Rate;18120000;0,000029;1776626306,666790
Policy/Learning Rate;18150000;0,000028;1776626328,995173
Policy/Learning Rate;18180000;0,000027;1776626350,097147
Policy/Learning Rate;18240000;0,000027;1776626384,954844
Policy/Learning Rate;18270000;0,000026;1776626405,166032
Policy/Learning Rate;18300000;0,000026;1776626425,391783
Policy/Learning Rate;18360000;0,000025;1776626461,127534
Policy/Learning Rate;18390000;0,000024;1776626488,167145
Policy/Learning Rate;18450000;0,000024;1776626519,733713
Policy/Learning Rate;18480000;0,000023;1776626540,596041
Policy/Learning Rate;18510000;0,000022;1776626559,941171
Policy/Learning Rate;18570000;0,000022;1776626590,639071
Policy/Learning Rate;18600000;0,000021;1776626615,886268
Policy/Learning Rate;18630000;0,000021;1776626642,862799
Policy/Learning Rate;18690000;0,000020;1776626671,972385
Policy/Learning Rate;18720000;0,000019;1776626691,849165
Policy/Learning Rate;18750000;0,000019;1776626713,769585
Policy/Learning Rate;18810000;0,000018;1776626757,694223
Policy/Learning Rate;18840000;0,000018;1776626778,569696
Policy/Learning Rate;18900000;0,000017;1776626805,225459
Policy/Learning Rate;18930000;0,000016;1776626824,029858
Policy/Learning Rate;18960000;0,000016;1776626847,284044
Policy/Learning Rate;19020000;0,000015;1776626886,123398
Policy/Learning Rate;19050000;0,000014;1776626906,457896
Policy/Learning Rate;19080000;0,000014;1776626925,713719
Policy/Learning Rate;19140000;0,000013;1776626954,632986
Policy/Learning Rate;19170000;0,000013;1776626991,258175
Policy/Learning Rate;19230000;0,000012;1776627025,020690
Policy/Learning Rate;19260000;0,000011;1776627044,860810
Policy/Learning Rate;19290000;0,000011;1776627063,081889
Policy/Learning Rate;19350000;0,000010;1776627099,295618
Policy/Learning Rate;19380000;0,000010;1776627122,101089
Policy/Learning Rate;19410000;0,000009;1776627142,872437
Policy/Learning Rate;19470000;0,000008;1776627172,088341
Policy/Learning Rate;19500000;0,000008;1776627196,098274
Policy/Learning Rate;19560000;0,000007;1776627230,654089
Policy/Learning Rate;19590000;0,000006;1776627253,152239
Policy/Learning Rate;19620000;0,000006;1776627274,418118
Policy/Learning Rate;19680000;0,000005;1776627313,539603
Policy/Learning Rate;19710000;0,000005;1776627336,178350
Policy/Learning Rate;19740000;0,000004;1776627357,293134
Policy/Learning Rate;19800000;0,000003;1776627382,768167
Policy/Learning Rate;19830000;0,000003;1776627401,520311
Policy/Learning Rate;19860000;0,000002;1776627424,937280
Policy/Learning Rate;19920000;0,000001;1776627463,024524
Policy/Learning Rate;19950000;0,000001;1776627484,414926
