{"count":1,"self":363.78342399999997,"total":369.30054179999996,"children":{"InitializeActuators":{"count":1,"self":0.0027369,"total":0.0027369,"children":null},"InitializeSensors":{"count":1,"self":0.0030999,"total":0.0030999,"children":null},"AgentSendState":{"count":18122,"self":0.4133268,"total":0.47877319999999995,"children":{"CollectObservations":{"count":3625,"self":0.0255093,"total":0.0255093,"children":null},"WriteActionMask":{"count":3625,"self":0.0076802999999999993,"total":0.0076802999999999993,"children":null},"RequestDecision":{"count":3625,"self":0.032256799999999995,"total":0.032256799999999995,"children":null}}},"DecideAction":{"count":18122,"self":4.6557412,"total":4.6892761,"children":{"RayPerceptionSensor.Perceive":{"count":3625,"self":0.0335349,"total":0.0335349,"children":null}}},"AgentAct":{"count":18122,"self":0.34322159999999996,"total":0.34322159999999996,"children":null}},"gauges":{"EvacuationBehavior.CumulativeReward":{"count":128,"max":1,"min":0.906799555,"runningAverage":0.972490668,"value":0.9219998,"weightedAverage":0.956931531}},"metadata":{"timer_format_version":"0.1.0","start_time_seconds":"1772391866","unity_version":"6000.1.11f1","command_line_arguments":"C:\\Program Files\\Unity\\Hub\\Editor\\6000.1.11f1\\Editor\\Unity.exe -projectPath C:\\Users\\piotr\\UnityProjects\\CrowdEvacuation","communication_protocol_version":"1.5.0","com.unity.ml-agents_version":"4.0.2","scene_name":"SampleScene","end_time_seconds":"1772392236"}}