{"count":1,"self":284.354176,"total":11612.0584432,"children":{"InitializeActuators":{"count":141963,"self":0.3856418,"total":0.3856418,"children":null},"InitializeSensors":{"count":141963,"self":0.8976664,"total":0.8976664,"children":null},"AgentSendState":{"count":116417,"self":590.1320192,"total":1031.7588203999999,"children":{"CollectObservations":{"count":16479244,"self":212.649024,"total":212.6490197,"children":null},"WriteActionMask":{"count":16479244,"self":9.4347,"total":9.4346997999999989,"children":null},"RequestDecision":{"count":16479244,"self":26.0381152,"total":219.54307599999999,"children":{"AgentInfo.ToProto":{"count":16479244,"self":16.4933952,"total":193.5049602,"children":{"GenerateSensorData":{"count":16479244,"self":121.3399936,"total":177.01156559999998,"children":{"RayPerceptionSensor.Perceive":{"count":16479244,"self":55.6715648,"total":55.6715662,"children":null}}}}}}}}},"DecideAction":{"count":116417,"self":9763.2690176,"total":9763.2687496999988,"children":null},"AgentAct":{"count":116417,"self":528.7869952,"total":530.34823529999994,"children":{"AgentInfo.ToProto":{"count":55361,"self":0.32019749999999997,"total":1.5612301,"children":{"GenerateSensorData":{"count":55361,"self":1.0397171,"total":1.2410326,"children":{"RayPerceptionSensor.Perceive":{"count":55361,"self":0.20131549999999998,"total":0.20131549999999998,"children":null}}}}}}},"AgentInfo.ToProto":{"count":86209,"self":0.0986278,"total":1.0436387999999999,"children":{"GenerateSensorData":{"count":86209,"self":0.6661327,"total":0.94501099999999993,"children":{"RayPerceptionSensor.Perceive":{"count":86209,"self":0.27887829999999997,"total":0.27887829999999997,"children":null}}}}}},"gauges":{"Evacuation.CumulativeReward":{"count":86209,"max":0.134460837,"min":-28.6854172,"runningAverage":-3.58914042,"value":0,"weightedAverage":-4.18981259E-08}},"metadata":{"timer_format_version":"0.1.0","start_time_seconds":"1776456746","unity_version":"6000.1.11f1","command_line_arguments":"C:\\Program Files\\Unity\\Hub\\Editor\\6000.1.11f1\\Editor\\Unity.exe -projectpath C:\\Users\\Piotr\\CrowdEvacuation -acceptSoftwareTermsForThisRunOnly -useHub -hubIPC -cloudEnvironment production","communication_protocol_version":"1.5.0","com.unity.ml-agents_version":"4.0.2","scene_name":"Scene_Training","end_time_seconds":"1776468358"}}