{"count":1,"self":586.9459968,"total":16993.7610603,"children":{"InitializeActuators":{"count":310008,"self":1.1678723,"total":1.1678723,"children":null},"InitializeSensors":{"count":310008,"self":1.6472152999999998,"total":1.6472152999999998,"children":null},"AgentSendState":{"count":577534,"self":963.63397119999991,"total":1390.4897124,"children":{"CollectObservations":{"count":30012016,"self":36.7497344,"total":36.7497344,"children":null},"WriteActionMask":{"count":30012016,"self":15.141660799999999,"total":15.1416607,"children":null},"RequestDecision":{"count":30012016,"self":43.5045376,"total":374.9643944,"children":{"AgentInfo.ToProto":{"count":30012016,"self":31.1915648,"total":331.45985559999997,"children":{"GenerateSensorData":{"count":30012016,"self":199.3420416,"total":300.2682894,"children":{"RayPerceptionSensor.Perceive":{"count":30012016,"self":100.9262464,"total":100.92624769999999,"children":null}}}}}}}}},"DecideAction":{"count":577534,"self":13928.9853952,"total":13928.984811,"children":null},"AgentAct":{"count":577534,"self":1079.0730752,"total":1082.4619145,"children":{"AgentInfo.ToProto":{"count":124704,"self":0.7083143,"total":3.3888719999999997,"children":{"GenerateSensorData":{"count":124704,"self":2.1149544,"total":2.6805577,"children":{"RayPerceptionSensor.Perceive":{"count":124704,"self":0.5656034,"total":0.5656034,"children":null}}}}}}},"AgentInfo.ToProto":{"count":185197,"self":0.2012999,"total":2.0625386999999997,"children":{"GenerateSensorData":{"count":185197,"self":1.2506627,"total":1.8612388,"children":{"RayPerceptionSensor.Perceive":{"count":185197,"self":0.6105761,"total":0.6105761,"children":null}}}}}},"gauges":{"Evacuation.CumulativeReward":{"count":185203,"max":0,"min":-258.033875,"runningAverage":-3.48152351,"value":0,"weightedAverage":-1.48087405E-15}},"metadata":{"timer_format_version":"0.1.0","start_time_seconds":"1775597726","unity_version":"6000.1.11f1","command_line_arguments":"C:\\Program Files\\Unity\\Hub\\Editor\\6000.1.11f1\\Editor\\Unity.exe -projectpath C:\\Users\\Piotr\\CrowdEvacuation -acceptSoftwareTermsForThisRunOnly -useHub -hubIPC -cloudEnvironment production","communication_protocol_version":"1.5.0","com.unity.ml-agents_version":"4.0.2","scene_name":"Scene_Training","end_time_seconds":"1775614720"}}