{"count":1,"self":387.77300479999997,"total":12930.084221899999,"children":{"InitializeActuators":{"count":190513,"self":0.61734729999999993,"total":0.61734729999999993,"children":null},"InitializeSensors":{"count":190513,"self":1.1202675,"total":1.1202675,"children":null},"AgentSendState":{"count":226301,"self":723.5490304,"total":1263.3970345999999,"children":{"CollectObservations":{"count":20061091,"self":245.7693184,"total":245.76930879999998,"children":null},"WriteActionMask":{"count":20061091,"self":12.9531792,"total":12.9531794,"children":null},"RequestDecision":{"count":20061091,"self":35.5053184,"total":281.125502,"children":{"AgentInfo.ToProto":{"count":20061091,"self":22.163424,"total":245.62018289999997,"children":{"GenerateSensorData":{"count":20061091,"self":151.03720959999998,"total":223.4567583,"children":{"RayPerceptionSensor.Perceive":{"count":20061091,"self":72.419545599999992,"total":72.4195476,"children":null}}}}}}}}},"DecideAction":{"count":226301,"self":10551.0739968,"total":10551.073690199999,"children":null},"AgentAct":{"count":226301,"self":722.0839936,"total":724.91144339999994,"children":{"AgentInfo.ToProto":{"count":95158,"self":0.60704229999999992,"total":2.8274273,"children":{"GenerateSensorData":{"count":95158,"self":1.7652096,"total":2.220385,"children":{"RayPerceptionSensor.Perceive":{"count":95158,"self":0.45517549999999996,"total":0.45517549999999996,"children":null}}}}}}},"AgentInfo.ToProto":{"count":94821,"self":0.134564,"total":1.189917,"children":{"GenerateSensorData":{"count":94821,"self":0.73040019999999994,"total":1.055353,"children":{"RayPerceptionSensor.Perceive":{"count":94821,"self":0.3249528,"total":0.3249528,"children":null}}}}}},"gauges":{"Evacuation.CumulativeReward":{"count":94830,"max":0,"min":-48.58007,"runningAverage":-0.008094443,"value":0,"weightedAverage":-2.802597E-45}},"metadata":{"timer_format_version":"0.1.0","start_time_seconds":"1776614583","unity_version":"6000.1.11f1","command_line_arguments":"C:\\Program Files\\Unity\\Hub\\Editor\\6000.1.11f1\\Editor\\Unity.exe -projectpath C:\\Users\\Piotr\\CrowdEvacuation -acceptSoftwareTermsForThisRunOnly -useHub -hubIPC -cloudEnvironment production","communication_protocol_version":"1.5.0","com.unity.ml-agents_version":"4.0.2","scene_name":"Scene_Training","end_time_seconds":"1776627513"}}