{"count":1,"self":115.34279679999999,"total":1615.1032022,"children":{"InitializeActuators":{"count":24653,"self":0.14588089999999998,"total":0.14588089999999998,"children":null},"InitializeSensors":{"count":24653,"self":0.1938193,"total":0.1938193,"children":null},"AgentSendState":{"count":150484,"self":63.476723199999995,"total":99.3254838,"children":{"CollectObservations":{"count":2038157,"self":2.9243737999999997,"total":2.9243737999999997,"children":null},"WriteActionMask":{"count":2038157,"self":1.2611828,"total":1.2611828,"children":null},"RequestDecision":{"count":2038157,"self":3.200048,"total":31.6632023,"children":{"AgentInfo.ToProto":{"count":2038157,"self":2.6720783999999997,"total":28.463154199999998,"children":{"GenerateSensorData":{"count":2038157,"self":18.1292384,"total":25.7910759,"children":{"RayPerceptionSensor.Perceive":{"count":2038157,"self":7.6618368,"total":7.6618372,"children":null}}}}}}}}},"DecideAction":{"count":150484,"self":1319.6985344,"total":1319.6985703,"children":null},"AgentAct":{"count":150484,"self":79.8001728,"total":80.21579539999999,"children":{"AgentInfo.ToProto":{"count":10273,"self":0.0866743,"total":0.4156219,"children":{"GenerateSensorData":{"count":10273,"self":0.2607155,"total":0.3289476,"children":{"RayPerceptionSensor.Perceive":{"count":10273,"self":0.06823209999999999,"total":0.06823209999999999,"children":null}}}}}}},"AgentInfo.ToProto":{"count":13850,"self":0.022029299999999998,"total":0.18085949999999998,"children":{"GenerateSensorData":{"count":13850,"self":0.116088,"total":0.1588302,"children":{"RayPerceptionSensor.Perceive":{"count":13850,"self":0.0427422,"total":0.0427422,"children":null}}}}}},"gauges":{"Evacuation.CumulativeReward":{"count":13850,"max":0,"min":-111.928513,"runningAverage":-2.449318,"value":0,"weightedAverage":-0.195454925}},"metadata":{"timer_format_version":"0.1.0","start_time_seconds":"1774304065","unity_version":"6000.1.11f1","command_line_arguments":"C:\\Program Files\\Unity\\Hub\\Editor\\6000.1.11f1\\Editor\\Unity.exe -projectpath C:\\Users\\Piotr\\CrowdEvacuation -acceptSoftwareTermsForThisRunOnly -useHub -hubIPC -cloudEnvironment production","communication_protocol_version":"1.5.0","com.unity.ml-agents_version":"4.0.2","scene_name":"Scene_Training","end_time_seconds":"1774305680"}}